rebalance_date,fund_id,fund_name,asset_family,method,method_label,allocation_bucket,target_weight,target_weight_pct
2021-01-04,combined_equal_weight,Combined Equal Weight,combined,equal_weight,Equal Weight,Comm,0.08333333333333301,8.3333333333333
2021-01-04,combined_equal_weight,Combined Equal Weight,combined,equal_weight,Equal Weight,Consumer,0.08333333333333301,8.3333333333333
2021-01-04,combined_equal_weight,Combined Equal Weight,combined,equal_weight,Equal Weight,Crypto,0.16666666666666602,16.6666666666666
2021-01-04,combined_equal_weight,Combined Equal Weight,combined,equal_weight,Equal Weight,Energy,0.08333333333333301,8.3333333333333
2021-01-04,combined_equal_weight,Combined Equal Weight,combined,equal_weight,Equal Weight,Financials,0.08333333333333301,8.3333333333333
2021-01-04,combined_equal_weight,Combined Equal Weight,combined,equal_weight,Equal Weight,Healthcare,0.08333333333333301,8.3333333333333
2021-01-04,combined_equal_weight,Combined Equal Weight,combined,equal_weight,Equal Weight,Industrials,0.08333333333333301,8.3333333333333
2021-01-04,combined_equal_weight,Combined Equal Weight,combined,equal_weight,Equal Weight,Materials,0.08333333333333301,8.3333333333333
2021-01-04,combined_equal_weight,Combined Equal Weight,combined,equal_weight,Equal Weight,RealEstate,0.08333333333333301,8.3333333333333
2021-01-04,combined_equal_weight,Combined Equal Weight,combined,equal_weight,Equal Weight,Tech,0.08333333333333301,8.3333333333333
2021-01-04,combined_equal_weight,Combined Equal Weight,combined,equal_weight,Equal Weight,Utilities,0.08333333333333301,8.3333333333333
2021-02-01,combined_equal_weight,Combined Equal Weight,combined,equal_weight,Equal Weight,Comm,0.08333333333333301,8.3333333333333
2021-02-01,combined_equal_weight,Combined Equal Weight,combined,equal_weight,Equal Weight,Consumer,0.08333333333333301,8.3333333333333
2021-02-01,combined_equal_weight,Combined Equal Weight,combined,equal_weight,Equal Weight,Crypto,0.16666666666666602,16.6666666666666
2021-02-01,combined_equal_weight,Combined Equal Weight,combined,equal_weight,Equal Weight,Energy,0.08333333333333301,8.3333333333333
2021-02-01,combined_equal_weight,Combined Equal Weight,combined,equal_weight,Equal Weight,Financials,0.08333333333333301,8.3333333333333
2021-02-01,combined_equal_weight,Combined Equal Weight,combined,equal_weight,Equal Weight,Healthcare,0.08333333333333301,8.3333333333333
2021-02-01,combined_equal_weight,Combined Equal Weight,combined,equal_weight,Equal Weight,Industrials,0.08333333333333301,8.3333333333333
2021-02-01,combined_equal_weight,Combined Equal Weight,combined,equal_weight,Equal Weight,Materials,0.08333333333333301,8.3333333333333
2021-02-01,combined_equal_weight,Combined Equal Weight,combined,equal_weight,Equal Weight,RealEstate,0.08333333333333301,8.3333333333333
2021-02-01,combined_equal_weight,Combined Equal Weight,combined,equal_weight,Equal Weight,Tech,0.08333333333333301,8.3333333333333
2021-02-01,combined_equal_weight,Combined Equal Weight,combined,equal_weight,Equal Weight,Utilities,0.08333333333333301,8.3333333333333
2021-03-01,combined_equal_weight,Combined Equal Weight,combined,equal_weight,Equal Weight,Comm,0.08333333333333301,8.3333333333333
2021-03-01,combined_equal_weight,Combined Equal Weight,combined,equal_weight,Equal Weight,Consumer,0.08333333333333301,8.3333333333333
2021-03-01,combined_equal_weight,Combined Equal Weight,combined,equal_weight,Equal Weight,Crypto,0.16666666666666602,16.6666666666666
2021-03-01,combined_equal_weight,Combined Equal Weight,combined,equal_weight,Equal Weight,Energy,0.08333333333333301,8.3333333333333
2021-03-01,combined_equal_weight,Combined Equal Weight,combined,equal_weight,Equal Weight,Financials,0.08333333333333301,8.3333333333333
2021-03-01,combined_equal_weight,Combined Equal Weight,combined,equal_weight,Equal Weight,Healthcare,0.08333333333333301,8.3333333333333
2021-03-01,combined_equal_weight,Combined Equal Weight,combined,equal_weight,Equal Weight,Industrials,0.08333333333333301,8.3333333333333
2021-03-01,combined_equal_weight,Combined Equal Weight,combined,equal_weight,Equal Weight,Materials,0.08333333333333301,8.3333333333333
2021-03-01,combined_equal_weight,Combined Equal Weight,combined,equal_weight,Equal Weight,RealEstate,0.08333333333333301,8.3333333333333
2021-03-01,combined_equal_weight,Combined Equal Weight,combined,equal_weight,Equal Weight,Tech,0.08333333333333301,8.3333333333333
2021-03-01,combined_equal_weight,Combined Equal Weight,combined,equal_weight,Equal Weight,Utilities,0.08333333333333301,8.3333333333333
2021-04-01,combined_equal_weight,Combined Equal Weight,combined,equal_weight,Equal Weight,Comm,0.08333333333333301,8.3333333333333
2021-04-01,combined_equal_weight,Combined Equal Weight,combined,equal_weight,Equal Weight,Consumer,0.08333333333333301,8.3333333333333
2021-04-01,combined_equal_weight,Combined Equal Weight,combined,equal_weight,Equal Weight,Crypto,0.16666666666666602,16.6666666666666
2021-04-01,combined_equal_weight,Combined Equal Weight,combined,equal_weight,Equal Weight,Energy,0.08333333333333301,8.3333333333333
2021-04-01,combined_equal_weight,Combined Equal Weight,combined,equal_weight,Equal Weight,Financials,0.08333333333333301,8.3333333333333
2021-04-01,combined_equal_weight,Combined Equal Weight,combined,equal_weight,Equal Weight,Healthcare,0.08333333333333301,8.3333333333333
2021-04-01,combined_equal_weight,Combined Equal Weight,combined,equal_weight,Equal Weight,Industrials,0.08333333333333301,8.3333333333333
2021-04-01,combined_equal_weight,Combined Equal Weight,combined,equal_weight,Equal Weight,Materials,0.08333333333333301,8.3333333333333
2021-04-01,combined_equal_weight,Combined Equal Weight,combined,equal_weight,Equal Weight,RealEstate,0.08333333333333301,8.3333333333333
2021-04-01,combined_equal_weight,Combined Equal Weight,combined,equal_weight,Equal Weight,Tech,0.08333333333333301,8.3333333333333
2021-04-01,combined_equal_weight,Combined Equal Weight,combined,equal_weight,Equal Weight,Utilities,0.08333333333333301,8.3333333333333
2021-05-03,combined_equal_weight,Combined Equal Weight,combined,equal_weight,Equal Weight,Comm,0.08333333333333301,8.3333333333333
2021-05-03,combined_equal_weight,Combined Equal Weight,combined,equal_weight,Equal Weight,Consumer,0.08333333333333301,8.3333333333333
2021-05-03,combined_equal_weight,Combined Equal Weight,combined,equal_weight,Equal Weight,Crypto,0.16666666666666602,16.6666666666666
2021-05-03,combined_equal_weight,Combined Equal Weight,combined,equal_weight,Equal Weight,Energy,0.08333333333333301,8.3333333333333
2021-05-03,combined_equal_weight,Combined Equal Weight,combined,equal_weight,Equal Weight,Financials,0.08333333333333301,8.3333333333333
2021-05-03,combined_equal_weight,Combined Equal Weight,combined,equal_weight,Equal Weight,Healthcare,0.08333333333333301,8.3333333333333
2021-05-03,combined_equal_weight,Combined Equal Weight,combined,equal_weight,Equal Weight,Industrials,0.08333333333333301,8.3333333333333
2021-05-03,combined_equal_weight,Combined Equal Weight,combined,equal_weight,Equal Weight,Materials,0.08333333333333301,8.3333333333333
2021-05-03,combined_equal_weight,Combined Equal Weight,combined,equal_weight,Equal Weight,RealEstate,0.08333333333333301,8.3333333333333
2021-05-03,combined_equal_weight,Combined Equal Weight,combined,equal_weight,Equal Weight,Tech,0.08333333333333301,8.3333333333333
2021-05-03,combined_equal_weight,Combined Equal Weight,combined,equal_weight,Equal Weight,Utilities,0.08333333333333301,8.3333333333333
2021-06-01,combined_equal_weight,Combined Equal Weight,combined,equal_weight,Equal Weight,Comm,0.08333333333333301,8.3333333333333
2021-06-01,combined_equal_weight,Combined Equal Weight,combined,equal_weight,Equal Weight,Consumer,0.08333333333333301,8.3333333333333
2021-06-01,combined_equal_weight,Combined Equal Weight,combined,equal_weight,Equal Weight,Crypto,0.16666666666666602,16.6666666666666
2021-06-01,combined_equal_weight,Combined Equal Weight,combined,equal_weight,Equal Weight,Energy,0.08333333333333301,8.3333333333333
2021-06-01,combined_equal_weight,Combined Equal Weight,combined,equal_weight,Equal Weight,Financials,0.08333333333333301,8.3333333333333
2021-06-01,combined_equal_weight,Combined Equal Weight,combined,equal_weight,Equal Weight,Healthcare,0.08333333333333301,8.3333333333333
2021-06-01,combined_equal_weight,Combined Equal Weight,combined,equal_weight,Equal Weight,Industrials,0.08333333333333301,8.3333333333333
2021-06-01,combined_equal_weight,Combined Equal Weight,combined,equal_weight,Equal Weight,Materials,0.08333333333333301,8.3333333333333
2021-06-01,combined_equal_weight,Combined Equal Weight,combined,equal_weight,Equal Weight,RealEstate,0.08333333333333301,8.3333333333333
2021-06-01,combined_equal_weight,Combined Equal Weight,combined,equal_weight,Equal Weight,Tech,0.08333333333333301,8.3333333333333
2021-06-01,combined_equal_weight,Combined Equal Weight,combined,equal_weight,Equal Weight,Utilities,0.08333333333333301,8.3333333333333
2021-07-01,combined_equal_weight,Combined Equal Weight,combined,equal_weight,Equal Weight,Comm,0.08333333333333301,8.3333333333333
2021-07-01,combined_equal_weight,Combined Equal Weight,combined,equal_weight,Equal Weight,Consumer,0.08333333333333301,8.3333333333333
2021-07-01,combined_equal_weight,Combined Equal Weight,combined,equal_weight,Equal Weight,Crypto,0.16666666666666602,16.6666666666666
2021-07-01,combined_equal_weight,Combined Equal Weight,combined,equal_weight,Equal Weight,Energy,0.08333333333333301,8.3333333333333
2021-07-01,combined_equal_weight,Combined Equal Weight,combined,equal_weight,Equal Weight,Financials,0.08333333333333301,8.3333333333333
2021-07-01,combined_equal_weight,Combined Equal Weight,combined,equal_weight,Equal Weight,Healthcare,0.08333333333333301,8.3333333333333
2021-07-01,combined_equal_weight,Combined Equal Weight,combined,equal_weight,Equal Weight,Industrials,0.08333333333333301,8.3333333333333
2021-07-01,combined_equal_weight,Combined Equal Weight,combined,equal_weight,Equal Weight,Materials,0.08333333333333301,8.3333333333333
2021-07-01,combined_equal_weight,Combined Equal Weight,combined,equal_weight,Equal Weight,RealEstate,0.08333333333333301,8.3333333333333
2021-07-01,combined_equal_weight,Combined Equal Weight,combined,equal_weight,Equal Weight,Tech,0.08333333333333301,8.3333333333333
2021-07-01,combined_equal_weight,Combined Equal Weight,combined,equal_weight,Equal Weight,Utilities,0.08333333333333301,8.3333333333333
2021-08-02,combined_equal_weight,Combined Equal Weight,combined,equal_weight,Equal Weight,Comm,0.08333333333333301,8.3333333333333
2021-08-02,combined_equal_weight,Combined Equal Weight,combined,equal_weight,Equal Weight,Consumer,0.08333333333333301,8.3333333333333
2021-08-02,combined_equal_weight,Combined Equal Weight,combined,equal_weight,Equal Weight,Crypto,0.16666666666666602,16.6666666666666
2021-08-02,combined_equal_weight,Combined Equal Weight,combined,equal_weight,Equal Weight,Energy,0.08333333333333301,8.3333333333333
2021-08-02,combined_equal_weight,Combined Equal Weight,combined,equal_weight,Equal Weight,Financials,0.08333333333333301,8.3333333333333
2021-08-02,combined_equal_weight,Combined Equal Weight,combined,equal_weight,Equal Weight,Healthcare,0.08333333333333301,8.3333333333333
2021-08-02,combined_equal_weight,Combined Equal Weight,combined,equal_weight,Equal Weight,Industrials,0.08333333333333301,8.3333333333333
2021-08-02,combined_equal_weight,Combined Equal Weight,combined,equal_weight,Equal Weight,Materials,0.08333333333333301,8.3333333333333
2021-08-02,combined_equal_weight,Combined Equal Weight,combined,equal_weight,Equal Weight,RealEstate,0.08333333333333301,8.3333333333333
2021-08-02,combined_equal_weight,Combined Equal Weight,combined,equal_weight,Equal Weight,Tech,0.08333333333333301,8.3333333333333
2021-08-02,combined_equal_weight,Combined Equal Weight,combined,equal_weight,Equal Weight,Utilities,0.08333333333333301,8.3333333333333
2021-09-01,combined_equal_weight,Combined Equal Weight,combined,equal_weight,Equal Weight,Comm,0.08333333333333301,8.3333333333333
2021-09-01,combined_equal_weight,Combined Equal Weight,combined,equal_weight,Equal Weight,Consumer,0.08333333333333301,8.3333333333333
2021-09-01,combined_equal_weight,Combined Equal Weight,combined,equal_weight,Equal Weight,Crypto,0.16666666666666602,16.6666666666666
2021-09-01,combined_equal_weight,Combined Equal Weight,combined,equal_weight,Equal Weight,Energy,0.08333333333333301,8.3333333333333
2021-09-01,combined_equal_weight,Combined Equal Weight,combined,equal_weight,Equal Weight,Financials,0.08333333333333301,8.3333333333333
2021-09-01,combined_equal_weight,Combined Equal Weight,combined,equal_weight,Equal Weight,Healthcare,0.08333333333333301,8.3333333333333
2021-09-01,combined_equal_weight,Combined Equal Weight,combined,equal_weight,Equal Weight,Industrials,0.08333333333333301,8.3333333333333
2021-09-01,combined_equal_weight,Combined Equal Weight,combined,equal_weight,Equal Weight,Materials,0.08333333333333301,8.3333333333333
2021-09-01,combined_equal_weight,Combined Equal Weight,combined,equal_weight,Equal Weight,RealEstate,0.08333333333333301,8.3333333333333
2021-09-01,combined_equal_weight,Combined Equal Weight,combined,equal_weight,Equal Weight,Tech,0.08333333333333301,8.3333333333333
2021-09-01,combined_equal_weight,Combined Equal Weight,combined,equal_weight,Equal Weight,Utilities,0.08333333333333301,8.3333333333333
2021-10-01,combined_equal_weight,Combined Equal Weight,combined,equal_weight,Equal Weight,Comm,0.08333333333333301,8.3333333333333
2021-10-01,combined_equal_weight,Combined Equal Weight,combined,equal_weight,Equal Weight,Consumer,0.08333333333333301,8.3333333333333
2021-10-01,combined_equal_weight,Combined Equal Weight,combined,equal_weight,Equal Weight,Crypto,0.16666666666666602,16.6666666666666
2021-10-01,combined_equal_weight,Combined Equal Weight,combined,equal_weight,Equal Weight,Energy,0.08333333333333301,8.3333333333333
2021-10-01,combined_equal_weight,Combined Equal Weight,combined,equal_weight,Equal Weight,Financials,0.08333333333333301,8.3333333333333
2021-10-01,combined_equal_weight,Combined Equal Weight,combined,equal_weight,Equal Weight,Healthcare,0.08333333333333301,8.3333333333333
2021-10-01,combined_equal_weight,Combined Equal Weight,combined,equal_weight,Equal Weight,Industrials,0.08333333333333301,8.3333333333333
2021-10-01,combined_equal_weight,Combined Equal Weight,combined,equal_weight,Equal Weight,Materials,0.08333333333333301,8.3333333333333
2021-10-01,combined_equal_weight,Combined Equal Weight,combined,equal_weight,Equal Weight,RealEstate,0.08333333333333301,8.3333333333333
2021-10-01,combined_equal_weight,Combined Equal Weight,combined,equal_weight,Equal Weight,Tech,0.08333333333333301,8.3333333333333
2021-10-01,combined_equal_weight,Combined Equal Weight,combined,equal_weight,Equal Weight,Utilities,0.08333333333333301,8.3333333333333
2021-11-01,combined_equal_weight,Combined Equal Weight,combined,equal_weight,Equal Weight,Comm,0.08333333333333301,8.3333333333333
2021-11-01,combined_equal_weight,Combined Equal Weight,combined,equal_weight,Equal Weight,Consumer,0.08333333333333301,8.3333333333333
2021-11-01,combined_equal_weight,Combined Equal Weight,combined,equal_weight,Equal Weight,Crypto,0.16666666666666602,16.6666666666666
2021-11-01,combined_equal_weight,Combined Equal Weight,combined,equal_weight,Equal Weight,Energy,0.08333333333333301,8.3333333333333
2021-11-01,combined_equal_weight,Combined Equal Weight,combined,equal_weight,Equal Weight,Financials,0.08333333333333301,8.3333333333333
2021-11-01,combined_equal_weight,Combined Equal Weight,combined,equal_weight,Equal Weight,Healthcare,0.08333333333333301,8.3333333333333
2021-11-01,combined_equal_weight,Combined Equal Weight,combined,equal_weight,Equal Weight,Industrials,0.08333333333333301,8.3333333333333
2021-11-01,combined_equal_weight,Combined Equal Weight,combined,equal_weight,Equal Weight,Materials,0.08333333333333301,8.3333333333333
2021-11-01,combined_equal_weight,Combined Equal Weight,combined,equal_weight,Equal Weight,RealEstate,0.08333333333333301,8.3333333333333
2021-11-01,combined_equal_weight,Combined Equal Weight,combined,equal_weight,Equal Weight,Tech,0.08333333333333301,8.3333333333333
2021-11-01,combined_equal_weight,Combined Equal Weight,combined,equal_weight,Equal Weight,Utilities,0.08333333333333301,8.3333333333333
2021-12-01,combined_equal_weight,Combined Equal Weight,combined,equal_weight,Equal Weight,Comm,0.08333333333333301,8.3333333333333
2021-12-01,combined_equal_weight,Combined Equal Weight,combined,equal_weight,Equal Weight,Consumer,0.08333333333333301,8.3333333333333
2021-12-01,combined_equal_weight,Combined Equal Weight,combined,equal_weight,Equal Weight,Crypto,0.16666666666666602,16.6666666666666
2021-12-01,combined_equal_weight,Combined Equal Weight,combined,equal_weight,Equal Weight,Energy,0.08333333333333301,8.3333333333333
2021-12-01,combined_equal_weight,Combined Equal Weight,combined,equal_weight,Equal Weight,Financials,0.08333333333333301,8.3333333333333
2021-12-01,combined_equal_weight,Combined Equal Weight,combined,equal_weight,Equal Weight,Healthcare,0.08333333333333301,8.3333333333333
2021-12-01,combined_equal_weight,Combined Equal Weight,combined,equal_weight,Equal Weight,Industrials,0.08333333333333301,8.3333333333333
2021-12-01,combined_equal_weight,Combined Equal Weight,combined,equal_weight,Equal Weight,Materials,0.08333333333333301,8.3333333333333
2021-12-01,combined_equal_weight,Combined Equal Weight,combined,equal_weight,Equal Weight,RealEstate,0.08333333333333301,8.3333333333333
2021-12-01,combined_equal_weight,Combined Equal Weight,combined,equal_weight,Equal Weight,Tech,0.08333333333333301,8.3333333333333
2021-12-01,combined_equal_weight,Combined Equal Weight,combined,equal_weight,Equal Weight,Utilities,0.08333333333333301,8.3333333333333
2022-01-03,combined_equal_weight,Combined Equal Weight,combined,equal_weight,Equal Weight,Comm,0.08333333333333301,8.3333333333333
2022-01-03,combined_equal_weight,Combined Equal Weight,combined,equal_weight,Equal Weight,Consumer,0.08333333333333301,8.3333333333333
2022-01-03,combined_equal_weight,Combined Equal Weight,combined,equal_weight,Equal Weight,Crypto,0.16666666666666602,16.6666666666666
2022-01-03,combined_equal_weight,Combined Equal Weight,combined,equal_weight,Equal Weight,Energy,0.08333333333333301,8.3333333333333
2022-01-03,combined_equal_weight,Combined Equal Weight,combined,equal_weight,Equal Weight,Financials,0.08333333333333301,8.3333333333333
2022-01-03,combined_equal_weight,Combined Equal Weight,combined,equal_weight,Equal Weight,Healthcare,0.08333333333333301,8.3333333333333
2022-01-03,combined_equal_weight,Combined Equal Weight,combined,equal_weight,Equal Weight,Industrials,0.08333333333333301,8.3333333333333
2022-01-03,combined_equal_weight,Combined Equal Weight,combined,equal_weight,Equal Weight,Materials,0.08333333333333301,8.3333333333333
2022-01-03,combined_equal_weight,Combined Equal Weight,combined,equal_weight,Equal Weight,RealEstate,0.08333333333333301,8.3333333333333
2022-01-03,combined_equal_weight,Combined Equal Weight,combined,equal_weight,Equal Weight,Tech,0.08333333333333301,8.3333333333333
2022-01-03,combined_equal_weight,Combined Equal Weight,combined,equal_weight,Equal Weight,Utilities,0.08333333333333301,8.3333333333333
2022-02-01,combined_equal_weight,Combined Equal Weight,combined,equal_weight,Equal Weight,Comm,0.08333333333333301,8.3333333333333
2022-02-01,combined_equal_weight,Combined Equal Weight,combined,equal_weight,Equal Weight,Consumer,0.08333333333333301,8.3333333333333
2022-02-01,combined_equal_weight,Combined Equal Weight,combined,equal_weight,Equal Weight,Crypto,0.16666666666666602,16.6666666666666
2022-02-01,combined_equal_weight,Combined Equal Weight,combined,equal_weight,Equal Weight,Energy,0.08333333333333301,8.3333333333333
2022-02-01,combined_equal_weight,Combined Equal Weight,combined,equal_weight,Equal Weight,Financials,0.08333333333333301,8.3333333333333
2022-02-01,combined_equal_weight,Combined Equal Weight,combined,equal_weight,Equal Weight,Healthcare,0.08333333333333301,8.3333333333333
2022-02-01,combined_equal_weight,Combined Equal Weight,combined,equal_weight,Equal Weight,Industrials,0.08333333333333301,8.3333333333333
2022-02-01,combined_equal_weight,Combined Equal Weight,combined,equal_weight,Equal Weight,Materials,0.08333333333333301,8.3333333333333
2022-02-01,combined_equal_weight,Combined Equal Weight,combined,equal_weight,Equal Weight,RealEstate,0.08333333333333301,8.3333333333333
2022-02-01,combined_equal_weight,Combined Equal Weight,combined,equal_weight,Equal Weight,Tech,0.08333333333333301,8.3333333333333
2022-02-01,combined_equal_weight,Combined Equal Weight,combined,equal_weight,Equal Weight,Utilities,0.08333333333333301,8.3333333333333
2022-03-01,combined_equal_weight,Combined Equal Weight,combined,equal_weight,Equal Weight,Comm,0.08333333333333301,8.3333333333333
2022-03-01,combined_equal_weight,Combined Equal Weight,combined,equal_weight,Equal Weight,Consumer,0.08333333333333301,8.3333333333333
2022-03-01,combined_equal_weight,Combined Equal Weight,combined,equal_weight,Equal Weight,Crypto,0.16666666666666602,16.6666666666666
2022-03-01,combined_equal_weight,Combined Equal Weight,combined,equal_weight,Equal Weight,Energy,0.08333333333333301,8.3333333333333
2022-03-01,combined_equal_weight,Combined Equal Weight,combined,equal_weight,Equal Weight,Financials,0.08333333333333301,8.3333333333333
2022-03-01,combined_equal_weight,Combined Equal Weight,combined,equal_weight,Equal Weight,Healthcare,0.08333333333333301,8.3333333333333
2022-03-01,combined_equal_weight,Combined Equal Weight,combined,equal_weight,Equal Weight,Industrials,0.08333333333333301,8.3333333333333
2022-03-01,combined_equal_weight,Combined Equal Weight,combined,equal_weight,Equal Weight,Materials,0.08333333333333301,8.3333333333333
2022-03-01,combined_equal_weight,Combined Equal Weight,combined,equal_weight,Equal Weight,RealEstate,0.08333333333333301,8.3333333333333
2022-03-01,combined_equal_weight,Combined Equal Weight,combined,equal_weight,Equal Weight,Tech,0.08333333333333301,8.3333333333333
2022-03-01,combined_equal_weight,Combined Equal Weight,combined,equal_weight,Equal Weight,Utilities,0.08333333333333301,8.3333333333333
2022-04-01,combined_equal_weight,Combined Equal Weight,combined,equal_weight,Equal Weight,Comm,0.08333333333333301,8.3333333333333
2022-04-01,combined_equal_weight,Combined Equal Weight,combined,equal_weight,Equal Weight,Consumer,0.08333333333333301,8.3333333333333
2022-04-01,combined_equal_weight,Combined Equal Weight,combined,equal_weight,Equal Weight,Crypto,0.16666666666666602,16.6666666666666
2022-04-01,combined_equal_weight,Combined Equal Weight,combined,equal_weight,Equal Weight,Energy,0.08333333333333301,8.3333333333333
2022-04-01,combined_equal_weight,Combined Equal Weight,combined,equal_weight,Equal Weight,Financials,0.08333333333333301,8.3333333333333
2022-04-01,combined_equal_weight,Combined Equal Weight,combined,equal_weight,Equal Weight,Healthcare,0.08333333333333301,8.3333333333333
2022-04-01,combined_equal_weight,Combined Equal Weight,combined,equal_weight,Equal Weight,Industrials,0.08333333333333301,8.3333333333333
2022-04-01,combined_equal_weight,Combined Equal Weight,combined,equal_weight,Equal Weight,Materials,0.08333333333333301,8.3333333333333
2022-04-01,combined_equal_weight,Combined Equal Weight,combined,equal_weight,Equal Weight,RealEstate,0.08333333333333301,8.3333333333333
2022-04-01,combined_equal_weight,Combined Equal Weight,combined,equal_weight,Equal Weight,Tech,0.08333333333333301,8.3333333333333
2022-04-01,combined_equal_weight,Combined Equal Weight,combined,equal_weight,Equal Weight,Utilities,0.08333333333333301,8.3333333333333
2022-05-02,combined_equal_weight,Combined Equal Weight,combined,equal_weight,Equal Weight,Comm,0.08333333333333301,8.3333333333333
2022-05-02,combined_equal_weight,Combined Equal Weight,combined,equal_weight,Equal Weight,Consumer,0.08333333333333301,8.3333333333333
2022-05-02,combined_equal_weight,Combined Equal Weight,combined,equal_weight,Equal Weight,Crypto,0.16666666666666602,16.6666666666666
2022-05-02,combined_equal_weight,Combined Equal Weight,combined,equal_weight,Equal Weight,Energy,0.08333333333333301,8.3333333333333
2022-05-02,combined_equal_weight,Combined Equal Weight,combined,equal_weight,Equal Weight,Financials,0.08333333333333301,8.3333333333333
2022-05-02,combined_equal_weight,Combined Equal Weight,combined,equal_weight,Equal Weight,Healthcare,0.08333333333333301,8.3333333333333
2022-05-02,combined_equal_weight,Combined Equal Weight,combined,equal_weight,Equal Weight,Industrials,0.08333333333333301,8.3333333333333
2022-05-02,combined_equal_weight,Combined Equal Weight,combined,equal_weight,Equal Weight,Materials,0.08333333333333301,8.3333333333333
2022-05-02,combined_equal_weight,Combined Equal Weight,combined,equal_weight,Equal Weight,RealEstate,0.08333333333333301,8.3333333333333
2022-05-02,combined_equal_weight,Combined Equal Weight,combined,equal_weight,Equal Weight,Tech,0.08333333333333301,8.3333333333333
2022-05-02,combined_equal_weight,Combined Equal Weight,combined,equal_weight,Equal Weight,Utilities,0.08333333333333301,8.3333333333333
2022-06-01,combined_equal_weight,Combined Equal Weight,combined,equal_weight,Equal Weight,Comm,0.08333333333333301,8.3333333333333
2022-06-01,combined_equal_weight,Combined Equal Weight,combined,equal_weight,Equal Weight,Consumer,0.08333333333333301,8.3333333333333
2022-06-01,combined_equal_weight,Combined Equal Weight,combined,equal_weight,Equal Weight,Crypto,0.16666666666666602,16.6666666666666
2022-06-01,combined_equal_weight,Combined Equal Weight,combined,equal_weight,Equal Weight,Energy,0.08333333333333301,8.3333333333333
2022-06-01,combined_equal_weight,Combined Equal Weight,combined,equal_weight,Equal Weight,Financials,0.08333333333333301,8.3333333333333
2022-06-01,combined_equal_weight,Combined Equal Weight,combined,equal_weight,Equal Weight,Healthcare,0.08333333333333301,8.3333333333333
2022-06-01,combined_equal_weight,Combined Equal Weight,combined,equal_weight,Equal Weight,Industrials,0.08333333333333301,8.3333333333333
2022-06-01,combined_equal_weight,Combined Equal Weight,combined,equal_weight,Equal Weight,Materials,0.08333333333333301,8.3333333333333
2022-06-01,combined_equal_weight,Combined Equal Weight,combined,equal_weight,Equal Weight,RealEstate,0.08333333333333301,8.3333333333333
2022-06-01,combined_equal_weight,Combined Equal Weight,combined,equal_weight,Equal Weight,Tech,0.08333333333333301,8.3333333333333
2022-06-01,combined_equal_weight,Combined Equal Weight,combined,equal_weight,Equal Weight,Utilities,0.08333333333333301,8.3333333333333
2022-07-01,combined_equal_weight,Combined Equal Weight,combined,equal_weight,Equal Weight,Comm,0.08333333333333301,8.3333333333333
2022-07-01,combined_equal_weight,Combined Equal Weight,combined,equal_weight,Equal Weight,Consumer,0.08333333333333301,8.3333333333333
2022-07-01,combined_equal_weight,Combined Equal Weight,combined,equal_weight,Equal Weight,Crypto,0.16666666666666602,16.6666666666666
2022-07-01,combined_equal_weight,Combined Equal Weight,combined,equal_weight,Equal Weight,Energy,0.08333333333333301,8.3333333333333
2022-07-01,combined_equal_weight,Combined Equal Weight,combined,equal_weight,Equal Weight,Financials,0.08333333333333301,8.3333333333333
2022-07-01,combined_equal_weight,Combined Equal Weight,combined,equal_weight,Equal Weight,Healthcare,0.08333333333333301,8.3333333333333
2022-07-01,combined_equal_weight,Combined Equal Weight,combined,equal_weight,Equal Weight,Industrials,0.08333333333333301,8.3333333333333
2022-07-01,combined_equal_weight,Combined Equal Weight,combined,equal_weight,Equal Weight,Materials,0.08333333333333301,8.3333333333333
2022-07-01,combined_equal_weight,Combined Equal Weight,combined,equal_weight,Equal Weight,RealEstate,0.08333333333333301,8.3333333333333
2022-07-01,combined_equal_weight,Combined Equal Weight,combined,equal_weight,Equal Weight,Tech,0.08333333333333301,8.3333333333333
2022-07-01,combined_equal_weight,Combined Equal Weight,combined,equal_weight,Equal Weight,Utilities,0.08333333333333301,8.3333333333333
2022-08-01,combined_equal_weight,Combined Equal Weight,combined,equal_weight,Equal Weight,Comm,0.08333333333333301,8.3333333333333
2022-08-01,combined_equal_weight,Combined Equal Weight,combined,equal_weight,Equal Weight,Consumer,0.08333333333333301,8.3333333333333
2022-08-01,combined_equal_weight,Combined Equal Weight,combined,equal_weight,Equal Weight,Crypto,0.16666666666666602,16.6666666666666
2022-08-01,combined_equal_weight,Combined Equal Weight,combined,equal_weight,Equal Weight,Energy,0.08333333333333301,8.3333333333333
2022-08-01,combined_equal_weight,Combined Equal Weight,combined,equal_weight,Equal Weight,Financials,0.08333333333333301,8.3333333333333
2022-08-01,combined_equal_weight,Combined Equal Weight,combined,equal_weight,Equal Weight,Healthcare,0.08333333333333301,8.3333333333333
2022-08-01,combined_equal_weight,Combined Equal Weight,combined,equal_weight,Equal Weight,Industrials,0.08333333333333301,8.3333333333333
2022-08-01,combined_equal_weight,Combined Equal Weight,combined,equal_weight,Equal Weight,Materials,0.08333333333333301,8.3333333333333
2022-08-01,combined_equal_weight,Combined Equal Weight,combined,equal_weight,Equal Weight,RealEstate,0.08333333333333301,8.3333333333333
2022-08-01,combined_equal_weight,Combined Equal Weight,combined,equal_weight,Equal Weight,Tech,0.08333333333333301,8.3333333333333
2022-08-01,combined_equal_weight,Combined Equal Weight,combined,equal_weight,Equal Weight,Utilities,0.08333333333333301,8.3333333333333
2022-09-01,combined_equal_weight,Combined Equal Weight,combined,equal_weight,Equal Weight,Comm,0.08333333333333301,8.3333333333333
2022-09-01,combined_equal_weight,Combined Equal Weight,combined,equal_weight,Equal Weight,Consumer,0.08333333333333301,8.3333333333333
2022-09-01,combined_equal_weight,Combined Equal Weight,combined,equal_weight,Equal Weight,Crypto,0.16666666666666602,16.6666666666666
2022-09-01,combined_equal_weight,Combined Equal Weight,combined,equal_weight,Equal Weight,Energy,0.08333333333333301,8.3333333333333
2022-09-01,combined_equal_weight,Combined Equal Weight,combined,equal_weight,Equal Weight,Financials,0.08333333333333301,8.3333333333333
2022-09-01,combined_equal_weight,Combined Equal Weight,combined,equal_weight,Equal Weight,Healthcare,0.08333333333333301,8.3333333333333
2022-09-01,combined_equal_weight,Combined Equal Weight,combined,equal_weight,Equal Weight,Industrials,0.08333333333333301,8.3333333333333
2022-09-01,combined_equal_weight,Combined Equal Weight,combined,equal_weight,Equal Weight,Materials,0.08333333333333301,8.3333333333333
2022-09-01,combined_equal_weight,Combined Equal Weight,combined,equal_weight,Equal Weight,RealEstate,0.08333333333333301,8.3333333333333
2022-09-01,combined_equal_weight,Combined Equal Weight,combined,equal_weight,Equal Weight,Tech,0.08333333333333301,8.3333333333333
2022-09-01,combined_equal_weight,Combined Equal Weight,combined,equal_weight,Equal Weight,Utilities,0.08333333333333301,8.3333333333333
2022-10-03,combined_equal_weight,Combined Equal Weight,combined,equal_weight,Equal Weight,Comm,0.08333333333333301,8.3333333333333
2022-10-03,combined_equal_weight,Combined Equal Weight,combined,equal_weight,Equal Weight,Consumer,0.08333333333333301,8.3333333333333
2022-10-03,combined_equal_weight,Combined Equal Weight,combined,equal_weight,Equal Weight,Crypto,0.16666666666666602,16.6666666666666
2022-10-03,combined_equal_weight,Combined Equal Weight,combined,equal_weight,Equal Weight,Energy,0.08333333333333301,8.3333333333333
2022-10-03,combined_equal_weight,Combined Equal Weight,combined,equal_weight,Equal Weight,Financials,0.08333333333333301,8.3333333333333
2022-10-03,combined_equal_weight,Combined Equal Weight,combined,equal_weight,Equal Weight,Healthcare,0.08333333333333301,8.3333333333333
2022-10-03,combined_equal_weight,Combined Equal Weight,combined,equal_weight,Equal Weight,Industrials,0.08333333333333301,8.3333333333333
2022-10-03,combined_equal_weight,Combined Equal Weight,combined,equal_weight,Equal Weight,Materials,0.08333333333333301,8.3333333333333
2022-10-03,combined_equal_weight,Combined Equal Weight,combined,equal_weight,Equal Weight,RealEstate,0.08333333333333301,8.3333333333333
2022-10-03,combined_equal_weight,Combined Equal Weight,combined,equal_weight,Equal Weight,Tech,0.08333333333333301,8.3333333333333
2022-10-03,combined_equal_weight,Combined Equal Weight,combined,equal_weight,Equal Weight,Utilities,0.08333333333333301,8.3333333333333
2022-11-01,combined_equal_weight,Combined Equal Weight,combined,equal_weight,Equal Weight,Comm,0.08333333333333301,8.3333333333333
2022-11-01,combined_equal_weight,Combined Equal Weight,combined,equal_weight,Equal Weight,Consumer,0.08333333333333301,8.3333333333333
2022-11-01,combined_equal_weight,Combined Equal Weight,combined,equal_weight,Equal Weight,Crypto,0.16666666666666602,16.6666666666666
2022-11-01,combined_equal_weight,Combined Equal Weight,combined,equal_weight,Equal Weight,Energy,0.08333333333333301,8.3333333333333
2022-11-01,combined_equal_weight,Combined Equal Weight,combined,equal_weight,Equal Weight,Financials,0.08333333333333301,8.3333333333333
2022-11-01,combined_equal_weight,Combined Equal Weight,combined,equal_weight,Equal Weight,Healthcare,0.08333333333333301,8.3333333333333
2022-11-01,combined_equal_weight,Combined Equal Weight,combined,equal_weight,Equal Weight,Industrials,0.08333333333333301,8.3333333333333
2022-11-01,combined_equal_weight,Combined Equal Weight,combined,equal_weight,Equal Weight,Materials,0.08333333333333301,8.3333333333333
2022-11-01,combined_equal_weight,Combined Equal Weight,combined,equal_weight,Equal Weight,RealEstate,0.08333333333333301,8.3333333333333
2022-11-01,combined_equal_weight,Combined Equal Weight,combined,equal_weight,Equal Weight,Tech,0.08333333333333301,8.3333333333333
2022-11-01,combined_equal_weight,Combined Equal Weight,combined,equal_weight,Equal Weight,Utilities,0.08333333333333301,8.3333333333333
2022-12-01,combined_equal_weight,Combined Equal Weight,combined,equal_weight,Equal Weight,Comm,0.08333333333333301,8.3333333333333
2022-12-01,combined_equal_weight,Combined Equal Weight,combined,equal_weight,Equal Weight,Consumer,0.08333333333333301,8.3333333333333
2022-12-01,combined_equal_weight,Combined Equal Weight,combined,equal_weight,Equal Weight,Crypto,0.16666666666666602,16.6666666666666
2022-12-01,combined_equal_weight,Combined Equal Weight,combined,equal_weight,Equal Weight,Energy,0.08333333333333301,8.3333333333333
2022-12-01,combined_equal_weight,Combined Equal Weight,combined,equal_weight,Equal Weight,Financials,0.08333333333333301,8.3333333333333
2022-12-01,combined_equal_weight,Combined Equal Weight,combined,equal_weight,Equal Weight,Healthcare,0.08333333333333301,8.3333333333333
2022-12-01,combined_equal_weight,Combined Equal Weight,combined,equal_weight,Equal Weight,Industrials,0.08333333333333301,8.3333333333333
2022-12-01,combined_equal_weight,Combined Equal Weight,combined,equal_weight,Equal Weight,Materials,0.08333333333333301,8.3333333333333
2022-12-01,combined_equal_weight,Combined Equal Weight,combined,equal_weight,Equal Weight,RealEstate,0.08333333333333301,8.3333333333333
2022-12-01,combined_equal_weight,Combined Equal Weight,combined,equal_weight,Equal Weight,Tech,0.08333333333333301,8.3333333333333
2022-12-01,combined_equal_weight,Combined Equal Weight,combined,equal_weight,Equal Weight,Utilities,0.08333333333333301,8.3333333333333
2023-01-03,combined_equal_weight,Combined Equal Weight,combined,equal_weight,Equal Weight,Comm,0.08333333333333301,8.3333333333333
2023-01-03,combined_equal_weight,Combined Equal Weight,combined,equal_weight,Equal Weight,Consumer,0.08333333333333301,8.3333333333333
2023-01-03,combined_equal_weight,Combined Equal Weight,combined,equal_weight,Equal Weight,Crypto,0.16666666666666602,16.6666666666666
2023-01-03,combined_equal_weight,Combined Equal Weight,combined,equal_weight,Equal Weight,Energy,0.08333333333333301,8.3333333333333
2023-01-03,combined_equal_weight,Combined Equal Weight,combined,equal_weight,Equal Weight,Financials,0.08333333333333301,8.3333333333333
2023-01-03,combined_equal_weight,Combined Equal Weight,combined,equal_weight,Equal Weight,Healthcare,0.08333333333333301,8.3333333333333
2023-01-03,combined_equal_weight,Combined Equal Weight,combined,equal_weight,Equal Weight,Industrials,0.08333333333333301,8.3333333333333
2023-01-03,combined_equal_weight,Combined Equal Weight,combined,equal_weight,Equal Weight,Materials,0.08333333333333301,8.3333333333333
2023-01-03,combined_equal_weight,Combined Equal Weight,combined,equal_weight,Equal Weight,RealEstate,0.08333333333333301,8.3333333333333
2023-01-03,combined_equal_weight,Combined Equal Weight,combined,equal_weight,Equal Weight,Tech,0.08333333333333301,8.3333333333333
2023-01-03,combined_equal_weight,Combined Equal Weight,combined,equal_weight,Equal Weight,Utilities,0.08333333333333301,8.3333333333333
2023-02-01,combined_equal_weight,Combined Equal Weight,combined,equal_weight,Equal Weight,Comm,0.08333333333333301,8.3333333333333
2023-02-01,combined_equal_weight,Combined Equal Weight,combined,equal_weight,Equal Weight,Consumer,0.08333333333333301,8.3333333333333
2023-02-01,combined_equal_weight,Combined Equal Weight,combined,equal_weight,Equal Weight,Crypto,0.16666666666666602,16.6666666666666
2023-02-01,combined_equal_weight,Combined Equal Weight,combined,equal_weight,Equal Weight,Energy,0.08333333333333301,8.3333333333333
2023-02-01,combined_equal_weight,Combined Equal Weight,combined,equal_weight,Equal Weight,Financials,0.08333333333333301,8.3333333333333
2023-02-01,combined_equal_weight,Combined Equal Weight,combined,equal_weight,Equal Weight,Healthcare,0.08333333333333301,8.3333333333333
2023-02-01,combined_equal_weight,Combined Equal Weight,combined,equal_weight,Equal Weight,Industrials,0.08333333333333301,8.3333333333333
2023-02-01,combined_equal_weight,Combined Equal Weight,combined,equal_weight,Equal Weight,Materials,0.08333333333333301,8.3333333333333
2023-02-01,combined_equal_weight,Combined Equal Weight,combined,equal_weight,Equal Weight,RealEstate,0.08333333333333301,8.3333333333333
2023-02-01,combined_equal_weight,Combined Equal Weight,combined,equal_weight,Equal Weight,Tech,0.08333333333333301,8.3333333333333
2023-02-01,combined_equal_weight,Combined Equal Weight,combined,equal_weight,Equal Weight,Utilities,0.08333333333333301,8.3333333333333
2023-03-01,combined_equal_weight,Combined Equal Weight,combined,equal_weight,Equal Weight,Comm,0.08333333333333301,8.3333333333333
2023-03-01,combined_equal_weight,Combined Equal Weight,combined,equal_weight,Equal Weight,Consumer,0.08333333333333301,8.3333333333333
2023-03-01,combined_equal_weight,Combined Equal Weight,combined,equal_weight,Equal Weight,Crypto,0.16666666666666602,16.6666666666666
2023-03-01,combined_equal_weight,Combined Equal Weight,combined,equal_weight,Equal Weight,Energy,0.08333333333333301,8.3333333333333
2023-03-01,combined_equal_weight,Combined Equal Weight,combined,equal_weight,Equal Weight,Financials,0.08333333333333301,8.3333333333333
2023-03-01,combined_equal_weight,Combined Equal Weight,combined,equal_weight,Equal Weight,Healthcare,0.08333333333333301,8.3333333333333
2023-03-01,combined_equal_weight,Combined Equal Weight,combined,equal_weight,Equal Weight,Industrials,0.08333333333333301,8.3333333333333
2023-03-01,combined_equal_weight,Combined Equal Weight,combined,equal_weight,Equal Weight,Materials,0.08333333333333301,8.3333333333333
2023-03-01,combined_equal_weight,Combined Equal Weight,combined,equal_weight,Equal Weight,RealEstate,0.08333333333333301,8.3333333333333
2023-03-01,combined_equal_weight,Combined Equal Weight,combined,equal_weight,Equal Weight,Tech,0.08333333333333301,8.3333333333333
2023-03-01,combined_equal_weight,Combined Equal Weight,combined,equal_weight,Equal Weight,Utilities,0.08333333333333301,8.3333333333333
2023-04-03,combined_equal_weight,Combined Equal Weight,combined,equal_weight,Equal Weight,Comm,0.08333333333333301,8.3333333333333
2023-04-03,combined_equal_weight,Combined Equal Weight,combined,equal_weight,Equal Weight,Consumer,0.08333333333333301,8.3333333333333
2023-04-03,combined_equal_weight,Combined Equal Weight,combined,equal_weight,Equal Weight,Crypto,0.16666666666666602,16.6666666666666
2023-04-03,combined_equal_weight,Combined Equal Weight,combined,equal_weight,Equal Weight,Energy,0.08333333333333301,8.3333333333333
2023-04-03,combined_equal_weight,Combined Equal Weight,combined,equal_weight,Equal Weight,Financials,0.08333333333333301,8.3333333333333
2023-04-03,combined_equal_weight,Combined Equal Weight,combined,equal_weight,Equal Weight,Healthcare,0.08333333333333301,8.3333333333333
2023-04-03,combined_equal_weight,Combined Equal Weight,combined,equal_weight,Equal Weight,Industrials,0.08333333333333301,8.3333333333333
2023-04-03,combined_equal_weight,Combined Equal Weight,combined,equal_weight,Equal Weight,Materials,0.08333333333333301,8.3333333333333
2023-04-03,combined_equal_weight,Combined Equal Weight,combined,equal_weight,Equal Weight,RealEstate,0.08333333333333301,8.3333333333333
2023-04-03,combined_equal_weight,Combined Equal Weight,combined,equal_weight,Equal Weight,Tech,0.08333333333333301,8.3333333333333
2023-04-03,combined_equal_weight,Combined Equal Weight,combined,equal_weight,Equal Weight,Utilities,0.08333333333333301,8.3333333333333
2023-05-01,combined_equal_weight,Combined Equal Weight,combined,equal_weight,Equal Weight,Comm,0.08333333333333301,8.3333333333333
2023-05-01,combined_equal_weight,Combined Equal Weight,combined,equal_weight,Equal Weight,Consumer,0.08333333333333301,8.3333333333333
2023-05-01,combined_equal_weight,Combined Equal Weight,combined,equal_weight,Equal Weight,Crypto,0.16666666666666602,16.6666666666666
2023-05-01,combined_equal_weight,Combined Equal Weight,combined,equal_weight,Equal Weight,Energy,0.08333333333333301,8.3333333333333
2023-05-01,combined_equal_weight,Combined Equal Weight,combined,equal_weight,Equal Weight,Financials,0.08333333333333301,8.3333333333333
2023-05-01,combined_equal_weight,Combined Equal Weight,combined,equal_weight,Equal Weight,Healthcare,0.08333333333333301,8.3333333333333
2023-05-01,combined_equal_weight,Combined Equal Weight,combined,equal_weight,Equal Weight,Industrials,0.08333333333333301,8.3333333333333
2023-05-01,combined_equal_weight,Combined Equal Weight,combined,equal_weight,Equal Weight,Materials,0.08333333333333301,8.3333333333333
2023-05-01,combined_equal_weight,Combined Equal Weight,combined,equal_weight,Equal Weight,RealEstate,0.08333333333333301,8.3333333333333
2023-05-01,combined_equal_weight,Combined Equal Weight,combined,equal_weight,Equal Weight,Tech,0.08333333333333301,8.3333333333333
2023-05-01,combined_equal_weight,Combined Equal Weight,combined,equal_weight,Equal Weight,Utilities,0.08333333333333301,8.3333333333333
2023-06-01,combined_equal_weight,Combined Equal Weight,combined,equal_weight,Equal Weight,Comm,0.08333333333333301,8.3333333333333
2023-06-01,combined_equal_weight,Combined Equal Weight,combined,equal_weight,Equal Weight,Consumer,0.08333333333333301,8.3333333333333
2023-06-01,combined_equal_weight,Combined Equal Weight,combined,equal_weight,Equal Weight,Crypto,0.16666666666666602,16.6666666666666
2023-06-01,combined_equal_weight,Combined Equal Weight,combined,equal_weight,Equal Weight,Energy,0.08333333333333301,8.3333333333333
2023-06-01,combined_equal_weight,Combined Equal Weight,combined,equal_weight,Equal Weight,Financials,0.08333333333333301,8.3333333333333
2023-06-01,combined_equal_weight,Combined Equal Weight,combined,equal_weight,Equal Weight,Healthcare,0.08333333333333301,8.3333333333333
2023-06-01,combined_equal_weight,Combined Equal Weight,combined,equal_weight,Equal Weight,Industrials,0.08333333333333301,8.3333333333333
2023-06-01,combined_equal_weight,Combined Equal Weight,combined,equal_weight,Equal Weight,Materials,0.08333333333333301,8.3333333333333
2023-06-01,combined_equal_weight,Combined Equal Weight,combined,equal_weight,Equal Weight,RealEstate,0.08333333333333301,8.3333333333333
2023-06-01,combined_equal_weight,Combined Equal Weight,combined,equal_weight,Equal Weight,Tech,0.08333333333333301,8.3333333333333
2023-06-01,combined_equal_weight,Combined Equal Weight,combined,equal_weight,Equal Weight,Utilities,0.08333333333333301,8.3333333333333
2023-07-03,combined_equal_weight,Combined Equal Weight,combined,equal_weight,Equal Weight,Comm,0.08333333333333301,8.3333333333333
2023-07-03,combined_equal_weight,Combined Equal Weight,combined,equal_weight,Equal Weight,Consumer,0.08333333333333301,8.3333333333333
2023-07-03,combined_equal_weight,Combined Equal Weight,combined,equal_weight,Equal Weight,Crypto,0.16666666666666602,16.6666666666666
2023-07-03,combined_equal_weight,Combined Equal Weight,combined,equal_weight,Equal Weight,Energy,0.08333333333333301,8.3333333333333
2023-07-03,combined_equal_weight,Combined Equal Weight,combined,equal_weight,Equal Weight,Financials,0.08333333333333301,8.3333333333333
2023-07-03,combined_equal_weight,Combined Equal Weight,combined,equal_weight,Equal Weight,Healthcare,0.08333333333333301,8.3333333333333
2023-07-03,combined_equal_weight,Combined Equal Weight,combined,equal_weight,Equal Weight,Industrials,0.08333333333333301,8.3333333333333
2023-07-03,combined_equal_weight,Combined Equal Weight,combined,equal_weight,Equal Weight,Materials,0.08333333333333301,8.3333333333333
2023-07-03,combined_equal_weight,Combined Equal Weight,combined,equal_weight,Equal Weight,RealEstate,0.08333333333333301,8.3333333333333
2023-07-03,combined_equal_weight,Combined Equal Weight,combined,equal_weight,Equal Weight,Tech,0.08333333333333301,8.3333333333333
2023-07-03,combined_equal_weight,Combined Equal Weight,combined,equal_weight,Equal Weight,Utilities,0.08333333333333301,8.3333333333333
2023-08-01,combined_equal_weight,Combined Equal Weight,combined,equal_weight,Equal Weight,Comm,0.08333333333333301,8.3333333333333
2023-08-01,combined_equal_weight,Combined Equal Weight,combined,equal_weight,Equal Weight,Consumer,0.08333333333333301,8.3333333333333
2023-08-01,combined_equal_weight,Combined Equal Weight,combined,equal_weight,Equal Weight,Crypto,0.16666666666666602,16.6666666666666
2023-08-01,combined_equal_weight,Combined Equal Weight,combined,equal_weight,Equal Weight,Energy,0.08333333333333301,8.3333333333333
2023-08-01,combined_equal_weight,Combined Equal Weight,combined,equal_weight,Equal Weight,Financials,0.08333333333333301,8.3333333333333
2023-08-01,combined_equal_weight,Combined Equal Weight,combined,equal_weight,Equal Weight,Healthcare,0.08333333333333301,8.3333333333333
2023-08-01,combined_equal_weight,Combined Equal Weight,combined,equal_weight,Equal Weight,Industrials,0.08333333333333301,8.3333333333333
2023-08-01,combined_equal_weight,Combined Equal Weight,combined,equal_weight,Equal Weight,Materials,0.08333333333333301,8.3333333333333
2023-08-01,combined_equal_weight,Combined Equal Weight,combined,equal_weight,Equal Weight,RealEstate,0.08333333333333301,8.3333333333333
2023-08-01,combined_equal_weight,Combined Equal Weight,combined,equal_weight,Equal Weight,Tech,0.08333333333333301,8.3333333333333
2023-08-01,combined_equal_weight,Combined Equal Weight,combined,equal_weight,Equal Weight,Utilities,0.08333333333333301,8.3333333333333
2023-09-01,combined_equal_weight,Combined Equal Weight,combined,equal_weight,Equal Weight,Comm,0.08333333333333301,8.3333333333333
2023-09-01,combined_equal_weight,Combined Equal Weight,combined,equal_weight,Equal Weight,Consumer,0.08333333333333301,8.3333333333333
2023-09-01,combined_equal_weight,Combined Equal Weight,combined,equal_weight,Equal Weight,Crypto,0.16666666666666602,16.6666666666666
2023-09-01,combined_equal_weight,Combined Equal Weight,combined,equal_weight,Equal Weight,Energy,0.08333333333333301,8.3333333333333
2023-09-01,combined_equal_weight,Combined Equal Weight,combined,equal_weight,Equal Weight,Financials,0.08333333333333301,8.3333333333333
2023-09-01,combined_equal_weight,Combined Equal Weight,combined,equal_weight,Equal Weight,Healthcare,0.08333333333333301,8.3333333333333
2023-09-01,combined_equal_weight,Combined Equal Weight,combined,equal_weight,Equal Weight,Industrials,0.08333333333333301,8.3333333333333
2023-09-01,combined_equal_weight,Combined Equal Weight,combined,equal_weight,Equal Weight,Materials,0.08333333333333301,8.3333333333333
2023-09-01,combined_equal_weight,Combined Equal Weight,combined,equal_weight,Equal Weight,RealEstate,0.08333333333333301,8.3333333333333
2023-09-01,combined_equal_weight,Combined Equal Weight,combined,equal_weight,Equal Weight,Tech,0.08333333333333301,8.3333333333333
2023-09-01,combined_equal_weight,Combined Equal Weight,combined,equal_weight,Equal Weight,Utilities,0.08333333333333301,8.3333333333333
2023-10-02,combined_equal_weight,Combined Equal Weight,combined,equal_weight,Equal Weight,Comm,0.08333333333333301,8.3333333333333
2023-10-02,combined_equal_weight,Combined Equal Weight,combined,equal_weight,Equal Weight,Consumer,0.08333333333333301,8.3333333333333
2023-10-02,combined_equal_weight,Combined Equal Weight,combined,equal_weight,Equal Weight,Crypto,0.16666666666666602,16.6666666666666
2023-10-02,combined_equal_weight,Combined Equal Weight,combined,equal_weight,Equal Weight,Energy,0.08333333333333301,8.3333333333333
2023-10-02,combined_equal_weight,Combined Equal Weight,combined,equal_weight,Equal Weight,Financials,0.08333333333333301,8.3333333333333
2023-10-02,combined_equal_weight,Combined Equal Weight,combined,equal_weight,Equal Weight,Healthcare,0.08333333333333301,8.3333333333333
2023-10-02,combined_equal_weight,Combined Equal Weight,combined,equal_weight,Equal Weight,Industrials,0.08333333333333301,8.3333333333333
2023-10-02,combined_equal_weight,Combined Equal Weight,combined,equal_weight,Equal Weight,Materials,0.08333333333333301,8.3333333333333
2023-10-02,combined_equal_weight,Combined Equal Weight,combined,equal_weight,Equal Weight,RealEstate,0.08333333333333301,8.3333333333333
2023-10-02,combined_equal_weight,Combined Equal Weight,combined,equal_weight,Equal Weight,Tech,0.08333333333333301,8.3333333333333
2023-10-02,combined_equal_weight,Combined Equal Weight,combined,equal_weight,Equal Weight,Utilities,0.08333333333333301,8.3333333333333
2023-11-01,combined_equal_weight,Combined Equal Weight,combined,equal_weight,Equal Weight,Comm,0.08333333333333301,8.3333333333333
2023-11-01,combined_equal_weight,Combined Equal Weight,combined,equal_weight,Equal Weight,Consumer,0.08333333333333301,8.3333333333333
2023-11-01,combined_equal_weight,Combined Equal Weight,combined,equal_weight,Equal Weight,Crypto,0.16666666666666602,16.6666666666666
2023-11-01,combined_equal_weight,Combined Equal Weight,combined,equal_weight,Equal Weight,Energy,0.08333333333333301,8.3333333333333
2023-11-01,combined_equal_weight,Combined Equal Weight,combined,equal_weight,Equal Weight,Financials,0.08333333333333301,8.3333333333333
2023-11-01,combined_equal_weight,Combined Equal Weight,combined,equal_weight,Equal Weight,Healthcare,0.08333333333333301,8.3333333333333
2023-11-01,combined_equal_weight,Combined Equal Weight,combined,equal_weight,Equal Weight,Industrials,0.08333333333333301,8.3333333333333
2023-11-01,combined_equal_weight,Combined Equal Weight,combined,equal_weight,Equal Weight,Materials,0.08333333333333301,8.3333333333333
2023-11-01,combined_equal_weight,Combined Equal Weight,combined,equal_weight,Equal Weight,RealEstate,0.08333333333333301,8.3333333333333
2023-11-01,combined_equal_weight,Combined Equal Weight,combined,equal_weight,Equal Weight,Tech,0.08333333333333301,8.3333333333333
2023-11-01,combined_equal_weight,Combined Equal Weight,combined,equal_weight,Equal Weight,Utilities,0.08333333333333301,8.3333333333333
2023-12-01,combined_equal_weight,Combined Equal Weight,combined,equal_weight,Equal Weight,Comm,0.08333333333333301,8.3333333333333
2023-12-01,combined_equal_weight,Combined Equal Weight,combined,equal_weight,Equal Weight,Consumer,0.08333333333333301,8.3333333333333
2023-12-01,combined_equal_weight,Combined Equal Weight,combined,equal_weight,Equal Weight,Crypto,0.16666666666666602,16.6666666666666
2023-12-01,combined_equal_weight,Combined Equal Weight,combined,equal_weight,Equal Weight,Energy,0.08333333333333301,8.3333333333333
2023-12-01,combined_equal_weight,Combined Equal Weight,combined,equal_weight,Equal Weight,Financials,0.08333333333333301,8.3333333333333
2023-12-01,combined_equal_weight,Combined Equal Weight,combined,equal_weight,Equal Weight,Healthcare,0.08333333333333301,8.3333333333333
2023-12-01,combined_equal_weight,Combined Equal Weight,combined,equal_weight,Equal Weight,Industrials,0.08333333333333301,8.3333333333333
2023-12-01,combined_equal_weight,Combined Equal Weight,combined,equal_weight,Equal Weight,Materials,0.08333333333333301,8.3333333333333
2023-12-01,combined_equal_weight,Combined Equal Weight,combined,equal_weight,Equal Weight,RealEstate,0.08333333333333301,8.3333333333333
2023-12-01,combined_equal_weight,Combined Equal Weight,combined,equal_weight,Equal Weight,Tech,0.08333333333333301,8.3333333333333
2023-12-01,combined_equal_weight,Combined Equal Weight,combined,equal_weight,Equal Weight,Utilities,0.08333333333333301,8.3333333333333
2021-01-04,combined_maximum_sharpe,Combined Maximum Sharpe,combined,maximum_sharpe,Maximum Sharpe,Comm,0.2402267157812051,24.022671578120512
2021-01-04,combined_maximum_sharpe,Combined Maximum Sharpe,combined,maximum_sharpe,Maximum Sharpe,Consumer,0.1418571450962062,14.18571450962062
2021-01-04,combined_maximum_sharpe,Combined Maximum Sharpe,combined,maximum_sharpe,Maximum Sharpe,Crypto,0.2000000000000201,20.00000000000201
2021-01-04,combined_maximum_sharpe,Combined Maximum Sharpe,combined,maximum_sharpe,Maximum Sharpe,Energy,0.0,0.0
2021-01-04,combined_maximum_sharpe,Combined Maximum Sharpe,combined,maximum_sharpe,Maximum Sharpe,Financials,0.0,0.0
2021-01-04,combined_maximum_sharpe,Combined Maximum Sharpe,combined,maximum_sharpe,Maximum Sharpe,Healthcare,0.0999999999999978,9.99999999999978
2021-01-04,combined_maximum_sharpe,Combined Maximum Sharpe,combined,maximum_sharpe,Maximum Sharpe,Industrials,0.0999999999999978,9.99999999999978
2021-01-04,combined_maximum_sharpe,Combined Maximum Sharpe,combined,maximum_sharpe,Maximum Sharpe,Materials,0.0999999999999978,9.99999999999978
2021-01-04,combined_maximum_sharpe,Combined Maximum Sharpe,combined,maximum_sharpe,Maximum Sharpe,RealEstate,0.0,0.0
2021-01-04,combined_maximum_sharpe,Combined Maximum Sharpe,combined,maximum_sharpe,Maximum Sharpe,Tech,0.1179161391225744,11.79161391225744
2021-01-04,combined_maximum_sharpe,Combined Maximum Sharpe,combined,maximum_sharpe,Maximum Sharpe,Utilities,0.0,0.0
2021-02-01,combined_maximum_sharpe,Combined Maximum Sharpe,combined,maximum_sharpe,Maximum Sharpe,Comm,0.186519953078943,18.6519953078943
2021-02-01,combined_maximum_sharpe,Combined Maximum Sharpe,combined,maximum_sharpe,Maximum Sharpe,Consumer,0.0305682088240191,3.05682088240191
2021-02-01,combined_maximum_sharpe,Combined Maximum Sharpe,combined,maximum_sharpe,Maximum Sharpe,Crypto,0.1999999999999856,19.99999999999856
2021-02-01,combined_maximum_sharpe,Combined Maximum Sharpe,combined,maximum_sharpe,Maximum Sharpe,Energy,0.0,0.0
2021-02-01,combined_maximum_sharpe,Combined Maximum Sharpe,combined,maximum_sharpe,Maximum Sharpe,Financials,0.0,0.0
2021-02-01,combined_maximum_sharpe,Combined Maximum Sharpe,combined,maximum_sharpe,Maximum Sharpe,Healthcare,0.1870538896972119,18.70538896972119
2021-02-01,combined_maximum_sharpe,Combined Maximum Sharpe,combined,maximum_sharpe,Maximum Sharpe,Industrials,0.0999999999999928,9.99999999999928
2021-02-01,combined_maximum_sharpe,Combined Maximum Sharpe,combined,maximum_sharpe,Maximum Sharpe,Materials,0.1125545705099335,11.25545705099335
2021-02-01,combined_maximum_sharpe,Combined Maximum Sharpe,combined,maximum_sharpe,Maximum Sharpe,RealEstate,0.0,0.0
2021-02-01,combined_maximum_sharpe,Combined Maximum Sharpe,combined,maximum_sharpe,Maximum Sharpe,Tech,0.1833033778899133,18.33033778899133
2021-02-01,combined_maximum_sharpe,Combined Maximum Sharpe,combined,maximum_sharpe,Maximum Sharpe,Utilities,0.0,0.0
2021-03-01,combined_maximum_sharpe,Combined Maximum Sharpe,combined,maximum_sharpe,Maximum Sharpe,Comm,0.1533978742886818,15.33978742886818
2021-03-01,combined_maximum_sharpe,Combined Maximum Sharpe,combined,maximum_sharpe,Maximum Sharpe,Consumer,0.0999999999998172,9.99999999998172
2021-03-01,combined_maximum_sharpe,Combined Maximum Sharpe,combined,maximum_sharpe,Maximum Sharpe,Crypto,0.1999999999998949,19.99999999998949
2021-03-01,combined_maximum_sharpe,Combined Maximum Sharpe,combined,maximum_sharpe,Maximum Sharpe,Energy,0.0,0.0
2021-03-01,combined_maximum_sharpe,Combined Maximum Sharpe,combined,maximum_sharpe,Maximum Sharpe,Financials,0.0,0.0
2021-03-01,combined_maximum_sharpe,Combined Maximum Sharpe,combined,maximum_sharpe,Maximum Sharpe,Healthcare,0.19377682388312278,19.37768238831228
2021-03-01,combined_maximum_sharpe,Combined Maximum Sharpe,combined,maximum_sharpe,Maximum Sharpe,Industrials,0.2000000000001641,20.00000000001641
2021-03-01,combined_maximum_sharpe,Combined Maximum Sharpe,combined,maximum_sharpe,Maximum Sharpe,Materials,0.053410634431432,5.3410634431432
2021-03-01,combined_maximum_sharpe,Combined Maximum Sharpe,combined,maximum_sharpe,Maximum Sharpe,RealEstate,0.0,0.0
2021-03-01,combined_maximum_sharpe,Combined Maximum Sharpe,combined,maximum_sharpe,Maximum Sharpe,Tech,0.09941466739688651,9.94146673968865
2021-03-01,combined_maximum_sharpe,Combined Maximum Sharpe,combined,maximum_sharpe,Maximum Sharpe,Utilities,0.0,0.0
2021-04-01,combined_maximum_sharpe,Combined Maximum Sharpe,combined,maximum_sharpe,Maximum Sharpe,Comm,0.1746242554501658,17.46242554501658
2021-04-01,combined_maximum_sharpe,Combined Maximum Sharpe,combined,maximum_sharpe,Maximum Sharpe,Consumer,0.050855326001472204,5.0855326001472205
2021-04-01,combined_maximum_sharpe,Combined Maximum Sharpe,combined,maximum_sharpe,Maximum Sharpe,Crypto,0.1999999999999922,19.999999999999222
2021-04-01,combined_maximum_sharpe,Combined Maximum Sharpe,combined,maximum_sharpe,Maximum Sharpe,Energy,0.0,0.0
2021-04-01,combined_maximum_sharpe,Combined Maximum Sharpe,combined,maximum_sharpe,Maximum Sharpe,Financials,0.1393095975139719,13.93095975139719
2021-04-01,combined_maximum_sharpe,Combined Maximum Sharpe,combined,maximum_sharpe,Maximum Sharpe,Healthcare,0.1570729210658671,15.70729210658671
2021-04-01,combined_maximum_sharpe,Combined Maximum Sharpe,combined,maximum_sharpe,Maximum Sharpe,Industrials,0.1115413598595068,11.154135985950681
2021-04-01,combined_maximum_sharpe,Combined Maximum Sharpe,combined,maximum_sharpe,Maximum Sharpe,Materials,0.12132677312387011,12.132677312387012
2021-04-01,combined_maximum_sharpe,Combined Maximum Sharpe,combined,maximum_sharpe,Maximum Sharpe,RealEstate,0.0452697669851531,4.52697669851531
2021-04-01,combined_maximum_sharpe,Combined Maximum Sharpe,combined,maximum_sharpe,Maximum Sharpe,Tech,0.0,0.0
2021-04-01,combined_maximum_sharpe,Combined Maximum Sharpe,combined,maximum_sharpe,Maximum Sharpe,Utilities,0.0,0.0
2021-05-03,combined_maximum_sharpe,Combined Maximum Sharpe,combined,maximum_sharpe,Maximum Sharpe,Comm,0.0971819968829353,9.71819968829353
2021-05-03,combined_maximum_sharpe,Combined Maximum Sharpe,combined,maximum_sharpe,Maximum Sharpe,Consumer,0.0223067876156992,2.23067876156992
2021-05-03,combined_maximum_sharpe,Combined Maximum Sharpe,combined,maximum_sharpe,Maximum Sharpe,Crypto,0.18943066865621971,18.943066865621972
2021-05-03,combined_maximum_sharpe,Combined Maximum Sharpe,combined,maximum_sharpe,Maximum Sharpe,Energy,0.0,0.0
2021-05-03,combined_maximum_sharpe,Combined Maximum Sharpe,combined,maximum_sharpe,Maximum Sharpe,Financials,0.1155265154139409,11.552651541394091
2021-05-03,combined_maximum_sharpe,Combined Maximum Sharpe,combined,maximum_sharpe,Maximum Sharpe,Healthcare,0.0999999999999996,9.999999999999961
2021-05-03,combined_maximum_sharpe,Combined Maximum Sharpe,combined,maximum_sharpe,Maximum Sharpe,Industrials,0.2248866085963261,22.48866085963261
2021-05-03,combined_maximum_sharpe,Combined Maximum Sharpe,combined,maximum_sharpe,Maximum Sharpe,Materials,0.0999999999999996,9.999999999999961
2021-05-03,combined_maximum_sharpe,Combined Maximum Sharpe,combined,maximum_sharpe,Maximum Sharpe,RealEstate,0.0999999999999913,9.99999999999913
2021-05-03,combined_maximum_sharpe,Combined Maximum Sharpe,combined,maximum_sharpe,Maximum Sharpe,Tech,0.0363730861464155,3.6373086146415496
2021-05-03,combined_maximum_sharpe,Combined Maximum Sharpe,combined,maximum_sharpe,Maximum Sharpe,Utilities,0.0142943366884721,1.42943366884721
2021-06-01,combined_maximum_sharpe,Combined Maximum Sharpe,combined,maximum_sharpe,Maximum Sharpe,Comm,0.0999999999999649,9.99999999999649
2021-06-01,combined_maximum_sharpe,Combined Maximum Sharpe,combined,maximum_sharpe,Maximum Sharpe,Consumer,0.0,0.0
2021-06-01,combined_maximum_sharpe,Combined Maximum Sharpe,combined,maximum_sharpe,Maximum Sharpe,Crypto,0.1088626383656399,10.886263836563991
2021-06-01,combined_maximum_sharpe,Combined Maximum Sharpe,combined,maximum_sharpe,Maximum Sharpe,Energy,0.0,0.0
2021-06-01,combined_maximum_sharpe,Combined Maximum Sharpe,combined,maximum_sharpe,Maximum Sharpe,Financials,0.1100995287463602,11.00995287463602
2021-06-01,combined_maximum_sharpe,Combined Maximum Sharpe,combined,maximum_sharpe,Maximum Sharpe,Healthcare,0.0163279914563932,1.63279914563932
2021-06-01,combined_maximum_sharpe,Combined Maximum Sharpe,combined,maximum_sharpe,Maximum Sharpe,Industrials,0.2999999999998947,29.99999999998947
2021-06-01,combined_maximum_sharpe,Combined Maximum Sharpe,combined,maximum_sharpe,Maximum Sharpe,Materials,0.1671206218484202,16.71206218484202
2021-06-01,combined_maximum_sharpe,Combined Maximum Sharpe,combined,maximum_sharpe,Maximum Sharpe,RealEstate,0.0999999999999649,9.99999999999649
2021-06-01,combined_maximum_sharpe,Combined Maximum Sharpe,combined,maximum_sharpe,Maximum Sharpe,Tech,0.065871123115492,6.587112311549199
2021-06-01,combined_maximum_sharpe,Combined Maximum Sharpe,combined,maximum_sharpe,Maximum Sharpe,Utilities,0.0317180964678693,3.17180964678693
2021-07-01,combined_maximum_sharpe,Combined Maximum Sharpe,combined,maximum_sharpe,Maximum Sharpe,Comm,0.0004874200511477,0.048742005114770004
2021-07-01,combined_maximum_sharpe,Combined Maximum Sharpe,combined,maximum_sharpe,Maximum Sharpe,Consumer,0.1032439074683723,10.32439074683723
2021-07-01,combined_maximum_sharpe,Combined Maximum Sharpe,combined,maximum_sharpe,Maximum Sharpe,Crypto,0.0587498070820432,5.87498070820432
2021-07-01,combined_maximum_sharpe,Combined Maximum Sharpe,combined,maximum_sharpe,Maximum Sharpe,Energy,0.0,0.0
2021-07-01,combined_maximum_sharpe,Combined Maximum Sharpe,combined,maximum_sharpe,Maximum Sharpe,Financials,0.12480409481953321,12.480409481953322
2021-07-01,combined_maximum_sharpe,Combined Maximum Sharpe,combined,maximum_sharpe,Maximum Sharpe,Healthcare,0.0241482997755823,2.41482997755823
2021-07-01,combined_maximum_sharpe,Combined Maximum Sharpe,combined,maximum_sharpe,Maximum Sharpe,Industrials,0.23362928349323991,23.36292834932399
2021-07-01,combined_maximum_sharpe,Combined Maximum Sharpe,combined,maximum_sharpe,Maximum Sharpe,Materials,0.12405449129972,12.405449129972
2021-07-01,combined_maximum_sharpe,Combined Maximum Sharpe,combined,maximum_sharpe,Maximum Sharpe,RealEstate,0.0999999999999077,9.99999999999077
2021-07-01,combined_maximum_sharpe,Combined Maximum Sharpe,combined,maximum_sharpe,Maximum Sharpe,Tech,0.130882696010545,13.0882696010545
2021-07-01,combined_maximum_sharpe,Combined Maximum Sharpe,combined,maximum_sharpe,Maximum Sharpe,Utilities,0.0999999999999077,9.99999999999077
2021-08-02,combined_maximum_sharpe,Combined Maximum Sharpe,combined,maximum_sharpe,Maximum Sharpe,Comm,0.0,0.0
2021-08-02,combined_maximum_sharpe,Combined Maximum Sharpe,combined,maximum_sharpe,Maximum Sharpe,Consumer,0.1660334156618648,16.60334156618648
2021-08-02,combined_maximum_sharpe,Combined Maximum Sharpe,combined,maximum_sharpe,Maximum Sharpe,Crypto,0.0579891073523194,5.7989107352319404
2021-08-02,combined_maximum_sharpe,Combined Maximum Sharpe,combined,maximum_sharpe,Maximum Sharpe,Energy,0.0,0.0
2021-08-02,combined_maximum_sharpe,Combined Maximum Sharpe,combined,maximum_sharpe,Maximum Sharpe,Financials,0.1426078614121872,14.26078614121872
2021-08-02,combined_maximum_sharpe,Combined Maximum Sharpe,combined,maximum_sharpe,Maximum Sharpe,Healthcare,0.0166820055165269,1.66820055165269
2021-08-02,combined_maximum_sharpe,Combined Maximum Sharpe,combined,maximum_sharpe,Maximum Sharpe,Industrials,0.1104042621112524,11.04042621112524
2021-08-02,combined_maximum_sharpe,Combined Maximum Sharpe,combined,maximum_sharpe,Maximum Sharpe,Materials,0.1755917253820394,17.559172538203942
2021-08-02,combined_maximum_sharpe,Combined Maximum Sharpe,combined,maximum_sharpe,Maximum Sharpe,RealEstate,0.111536771923421,11.1536771923421
2021-08-02,combined_maximum_sharpe,Combined Maximum Sharpe,combined,maximum_sharpe,Maximum Sharpe,Tech,0.11915485064038699,11.915485064038698
2021-08-02,combined_maximum_sharpe,Combined Maximum Sharpe,combined,maximum_sharpe,Maximum Sharpe,Utilities,0.1000000000000012,10.00000000000012
2021-09-01,combined_maximum_sharpe,Combined Maximum Sharpe,combined,maximum_sharpe,Maximum Sharpe,Comm,0.0,0.0
2021-09-01,combined_maximum_sharpe,Combined Maximum Sharpe,combined,maximum_sharpe,Maximum Sharpe,Consumer,0.0952774533960115,9.52774533960115
2021-09-01,combined_maximum_sharpe,Combined Maximum Sharpe,combined,maximum_sharpe,Maximum Sharpe,Crypto,0.0702227232000374,7.02227232000374
2021-09-01,combined_maximum_sharpe,Combined Maximum Sharpe,combined,maximum_sharpe,Maximum Sharpe,Energy,0.0,0.0
2021-09-01,combined_maximum_sharpe,Combined Maximum Sharpe,combined,maximum_sharpe,Maximum Sharpe,Financials,0.1512304211548573,15.12304211548573
2021-09-01,combined_maximum_sharpe,Combined Maximum Sharpe,combined,maximum_sharpe,Maximum Sharpe,Healthcare,0.0556736957862088,5.56736957862088
2021-09-01,combined_maximum_sharpe,Combined Maximum Sharpe,combined,maximum_sharpe,Maximum Sharpe,Industrials,0.0958952448958958,9.58952448958958
2021-09-01,combined_maximum_sharpe,Combined Maximum Sharpe,combined,maximum_sharpe,Maximum Sharpe,Materials,0.170479657724246,17.0479657724246
2021-09-01,combined_maximum_sharpe,Combined Maximum Sharpe,combined,maximum_sharpe,Maximum Sharpe,RealEstate,0.199999999999957,19.999999999995698
2021-09-01,combined_maximum_sharpe,Combined Maximum Sharpe,combined,maximum_sharpe,Maximum Sharpe,Tech,0.0571516435009195,5.71516435009195
2021-09-01,combined_maximum_sharpe,Combined Maximum Sharpe,combined,maximum_sharpe,Maximum Sharpe,Utilities,0.104069160341866,10.406916034186601
2021-10-01,combined_maximum_sharpe,Combined Maximum Sharpe,combined,maximum_sharpe,Maximum Sharpe,Comm,0.0224230163450572,2.24230163450572
2021-10-01,combined_maximum_sharpe,Combined Maximum Sharpe,combined,maximum_sharpe,Maximum Sharpe,Consumer,0.0,0.0
2021-10-01,combined_maximum_sharpe,Combined Maximum Sharpe,combined,maximum_sharpe,Maximum Sharpe,Crypto,0.0694270860167062,6.9427086016706205
2021-10-01,combined_maximum_sharpe,Combined Maximum Sharpe,combined,maximum_sharpe,Maximum Sharpe,Energy,0.0385204116817395,3.85204116817395
2021-10-01,combined_maximum_sharpe,Combined Maximum Sharpe,combined,maximum_sharpe,Maximum Sharpe,Financials,0.2296885435342724,22.96885435342724
2021-10-01,combined_maximum_sharpe,Combined Maximum Sharpe,combined,maximum_sharpe,Maximum Sharpe,Healthcare,0.0519784651103637,5.19784651103637
2021-10-01,combined_maximum_sharpe,Combined Maximum Sharpe,combined,maximum_sharpe,Maximum Sharpe,Industrials,0.0999999999999696,9.99999999999696
2021-10-01,combined_maximum_sharpe,Combined Maximum Sharpe,combined,maximum_sharpe,Maximum Sharpe,Materials,0.0987565934867643,9.87565934867643
2021-10-01,combined_maximum_sharpe,Combined Maximum Sharpe,combined,maximum_sharpe,Maximum Sharpe,RealEstate,0.2509512009294873,25.09512009294873
2021-10-01,combined_maximum_sharpe,Combined Maximum Sharpe,combined,maximum_sharpe,Maximum Sharpe,Tech,0.0778981307626672,7.789813076266721
2021-10-01,combined_maximum_sharpe,Combined Maximum Sharpe,combined,maximum_sharpe,Maximum Sharpe,Utilities,0.060356552132972,6.035655213297201
2021-11-01,combined_maximum_sharpe,Combined Maximum Sharpe,combined,maximum_sharpe,Maximum Sharpe,Comm,0.0131786260100981,1.31786260100981
2021-11-01,combined_maximum_sharpe,Combined Maximum Sharpe,combined,maximum_sharpe,Maximum Sharpe,Consumer,0.0,0.0
2021-11-01,combined_maximum_sharpe,Combined Maximum Sharpe,combined,maximum_sharpe,Maximum Sharpe,Crypto,0.0408224231198467,4.08224231198467
2021-11-01,combined_maximum_sharpe,Combined Maximum Sharpe,combined,maximum_sharpe,Maximum Sharpe,Energy,0.0771957614908951,7.7195761490895105
2021-11-01,combined_maximum_sharpe,Combined Maximum Sharpe,combined,maximum_sharpe,Maximum Sharpe,Financials,0.24737649941871698,24.737649941871698
2021-11-01,combined_maximum_sharpe,Combined Maximum Sharpe,combined,maximum_sharpe,Maximum Sharpe,Healthcare,0.1784000372182177,17.84000372182177
2021-11-01,combined_maximum_sharpe,Combined Maximum Sharpe,combined,maximum_sharpe,Maximum Sharpe,Industrials,0.0,0.0
2021-11-01,combined_maximum_sharpe,Combined Maximum Sharpe,combined,maximum_sharpe,Maximum Sharpe,Materials,0.110189485680942,11.0189485680942
2021-11-01,combined_maximum_sharpe,Combined Maximum Sharpe,combined,maximum_sharpe,Maximum Sharpe,RealEstate,0.2557394345447079,25.573943454470786
2021-11-01,combined_maximum_sharpe,Combined Maximum Sharpe,combined,maximum_sharpe,Maximum Sharpe,Tech,0.07637821242498,7.637821242497999
2021-11-01,combined_maximum_sharpe,Combined Maximum Sharpe,combined,maximum_sharpe,Maximum Sharpe,Utilities,0.0007195200915943,0.07195200915943001
2021-12-01,combined_maximum_sharpe,Combined Maximum Sharpe,combined,maximum_sharpe,Maximum Sharpe,Comm,0.0,0.0
2021-12-01,combined_maximum_sharpe,Combined Maximum Sharpe,combined,maximum_sharpe,Maximum Sharpe,Consumer,0.0,0.0
2021-12-01,combined_maximum_sharpe,Combined Maximum Sharpe,combined,maximum_sharpe,Maximum Sharpe,Crypto,0.025781054657237703,2.57810546572377
2021-12-01,combined_maximum_sharpe,Combined Maximum Sharpe,combined,maximum_sharpe,Maximum Sharpe,Energy,0.0970273470366419,9.70273470366419
2021-12-01,combined_maximum_sharpe,Combined Maximum Sharpe,combined,maximum_sharpe,Maximum Sharpe,Financials,0.174131567408596,17.413156740859602
2021-12-01,combined_maximum_sharpe,Combined Maximum Sharpe,combined,maximum_sharpe,Maximum Sharpe,Healthcare,0.1585277457012394,15.85277457012394
2021-12-01,combined_maximum_sharpe,Combined Maximum Sharpe,combined,maximum_sharpe,Maximum Sharpe,Industrials,0.0,0.0
2021-12-01,combined_maximum_sharpe,Combined Maximum Sharpe,combined,maximum_sharpe,Maximum Sharpe,Materials,0.1440832014567497,14.408320145674969
2021-12-01,combined_maximum_sharpe,Combined Maximum Sharpe,combined,maximum_sharpe,Maximum Sharpe,RealEstate,0.2084590330047279,20.84590330047279
2021-12-01,combined_maximum_sharpe,Combined Maximum Sharpe,combined,maximum_sharpe,Maximum Sharpe,Tech,0.14663390743717108,14.663390743717109
2021-12-01,combined_maximum_sharpe,Combined Maximum Sharpe,combined,maximum_sharpe,Maximum Sharpe,Utilities,0.0453561432976356,4.535614329763559
2022-01-03,combined_maximum_sharpe,Combined Maximum Sharpe,combined,maximum_sharpe,Maximum Sharpe,Comm,0.0,0.0
2022-01-03,combined_maximum_sharpe,Combined Maximum Sharpe,combined,maximum_sharpe,Maximum Sharpe,Consumer,0.0,0.0
2022-01-03,combined_maximum_sharpe,Combined Maximum Sharpe,combined,maximum_sharpe,Maximum Sharpe,Crypto,0.0166958547908139,1.66958547908139
2022-01-03,combined_maximum_sharpe,Combined Maximum Sharpe,combined,maximum_sharpe,Maximum Sharpe,Energy,0.1000000000000344,10.000000000003439
2022-01-03,combined_maximum_sharpe,Combined Maximum Sharpe,combined,maximum_sharpe,Maximum Sharpe,Financials,0.022400508587494202,2.24005085874942
2022-01-03,combined_maximum_sharpe,Combined Maximum Sharpe,combined,maximum_sharpe,Maximum Sharpe,Healthcare,0.2199176672072531,21.99176672072531
2022-01-03,combined_maximum_sharpe,Combined Maximum Sharpe,combined,maximum_sharpe,Maximum Sharpe,Industrials,0.0,0.0
2022-01-03,combined_maximum_sharpe,Combined Maximum Sharpe,combined,maximum_sharpe,Maximum Sharpe,Materials,0.2000000000000495,20.00000000000495
2022-01-03,combined_maximum_sharpe,Combined Maximum Sharpe,combined,maximum_sharpe,Maximum Sharpe,RealEstate,0.2752009636084777,27.520096360847766
2022-01-03,combined_maximum_sharpe,Combined Maximum Sharpe,combined,maximum_sharpe,Maximum Sharpe,Tech,0.0911950821120656,9.11950821120656
2022-01-03,combined_maximum_sharpe,Combined Maximum Sharpe,combined,maximum_sharpe,Maximum Sharpe,Utilities,0.0745899236938109,7.45899236938109
2022-02-01,combined_maximum_sharpe,Combined Maximum Sharpe,combined,maximum_sharpe,Maximum Sharpe,Comm,0.0,0.0
2022-02-01,combined_maximum_sharpe,Combined Maximum Sharpe,combined,maximum_sharpe,Maximum Sharpe,Consumer,0.0999999999997323,9.99999999997323
2022-02-01,combined_maximum_sharpe,Combined Maximum Sharpe,combined,maximum_sharpe,Maximum Sharpe,Crypto,0.014865557034945,1.4865557034945
2022-02-01,combined_maximum_sharpe,Combined Maximum Sharpe,combined,maximum_sharpe,Maximum Sharpe,Energy,0.1463314924024267,14.633149240242671
2022-02-01,combined_maximum_sharpe,Combined Maximum Sharpe,combined,maximum_sharpe,Maximum Sharpe,Financials,0.0813369950377561,8.13369950377561
2022-02-01,combined_maximum_sharpe,Combined Maximum Sharpe,combined,maximum_sharpe,Maximum Sharpe,Healthcare,0.1216170415564741,12.16170415564741
2022-02-01,combined_maximum_sharpe,Combined Maximum Sharpe,combined,maximum_sharpe,Maximum Sharpe,Industrials,0.0,0.0
2022-02-01,combined_maximum_sharpe,Combined Maximum Sharpe,combined,maximum_sharpe,Maximum Sharpe,Materials,0.0700334364460078,7.003343644600781
2022-02-01,combined_maximum_sharpe,Combined Maximum Sharpe,combined,maximum_sharpe,Maximum Sharpe,RealEstate,0.1999999999994646,19.99999999994646
2022-02-01,combined_maximum_sharpe,Combined Maximum Sharpe,combined,maximum_sharpe,Maximum Sharpe,Tech,0.0815423972971314,8.15423972971314
2022-02-01,combined_maximum_sharpe,Combined Maximum Sharpe,combined,maximum_sharpe,Maximum Sharpe,Utilities,0.1842730802260611,18.42730802260611
2022-03-01,combined_maximum_sharpe,Combined Maximum Sharpe,combined,maximum_sharpe,Maximum Sharpe,Comm,0.0,0.0
2022-03-01,combined_maximum_sharpe,Combined Maximum Sharpe,combined,maximum_sharpe,Maximum Sharpe,Consumer,0.0999999999999381,9.99999999999381
2022-03-01,combined_maximum_sharpe,Combined Maximum Sharpe,combined,maximum_sharpe,Maximum Sharpe,Crypto,0.0200202972365484,2.00202972365484
2022-03-01,combined_maximum_sharpe,Combined Maximum Sharpe,combined,maximum_sharpe,Maximum Sharpe,Energy,0.1462868252558631,14.628682525586308
2022-03-01,combined_maximum_sharpe,Combined Maximum Sharpe,combined,maximum_sharpe,Maximum Sharpe,Financials,0.0166896700804033,1.6689670080403298
2022-03-01,combined_maximum_sharpe,Combined Maximum Sharpe,combined,maximum_sharpe,Maximum Sharpe,Healthcare,0.1171043781722517,11.71043781722517
2022-03-01,combined_maximum_sharpe,Combined Maximum Sharpe,combined,maximum_sharpe,Maximum Sharpe,Industrials,0.0154871124957807,1.54871124957807
2022-03-01,combined_maximum_sharpe,Combined Maximum Sharpe,combined,maximum_sharpe,Maximum Sharpe,Materials,0.1514862054477995,15.14862054477995
2022-03-01,combined_maximum_sharpe,Combined Maximum Sharpe,combined,maximum_sharpe,Maximum Sharpe,RealEstate,0.1999999999998762,19.99999999998762
2022-03-01,combined_maximum_sharpe,Combined Maximum Sharpe,combined,maximum_sharpe,Maximum Sharpe,Tech,0.0755575815848141,7.55575815848141
2022-03-01,combined_maximum_sharpe,Combined Maximum Sharpe,combined,maximum_sharpe,Maximum Sharpe,Utilities,0.1573679297267243,15.736792972672431
2022-04-01,combined_maximum_sharpe,Combined Maximum Sharpe,combined,maximum_sharpe,Maximum Sharpe,Comm,0.0,0.0
2022-04-01,combined_maximum_sharpe,Combined Maximum Sharpe,combined,maximum_sharpe,Maximum Sharpe,Consumer,0.0744906452679165,7.44906452679165
2022-04-01,combined_maximum_sharpe,Combined Maximum Sharpe,combined,maximum_sharpe,Maximum Sharpe,Crypto,0.0192389295837124,1.92389295837124
2022-04-01,combined_maximum_sharpe,Combined Maximum Sharpe,combined,maximum_sharpe,Maximum Sharpe,Energy,0.2128800271910755,21.28800271910755
2022-04-01,combined_maximum_sharpe,Combined Maximum Sharpe,combined,maximum_sharpe,Maximum Sharpe,Financials,0.0,0.0
2022-04-01,combined_maximum_sharpe,Combined Maximum Sharpe,combined,maximum_sharpe,Maximum Sharpe,Healthcare,0.1141831051044411,11.41831051044411
2022-04-01,combined_maximum_sharpe,Combined Maximum Sharpe,combined,maximum_sharpe,Maximum Sharpe,Industrials,0.0,0.0
2022-04-01,combined_maximum_sharpe,Combined Maximum Sharpe,combined,maximum_sharpe,Maximum Sharpe,Materials,0.1233370176069969,12.333701760699691
2022-04-01,combined_maximum_sharpe,Combined Maximum Sharpe,combined,maximum_sharpe,Maximum Sharpe,RealEstate,0.2000000000000076,20.00000000000076
2022-04-01,combined_maximum_sharpe,Combined Maximum Sharpe,combined,maximum_sharpe,Maximum Sharpe,Tech,0.0907182194687722,9.07182194687722
2022-04-01,combined_maximum_sharpe,Combined Maximum Sharpe,combined,maximum_sharpe,Maximum Sharpe,Utilities,0.1651520557770767,16.51520557770767
2022-05-02,combined_maximum_sharpe,Combined Maximum Sharpe,combined,maximum_sharpe,Maximum Sharpe,Comm,0.0,0.0
2022-05-02,combined_maximum_sharpe,Combined Maximum Sharpe,combined,maximum_sharpe,Maximum Sharpe,Consumer,0.0999999999996594,9.99999999996594
2022-05-02,combined_maximum_sharpe,Combined Maximum Sharpe,combined,maximum_sharpe,Maximum Sharpe,Crypto,0.0,0.0
2022-05-02,combined_maximum_sharpe,Combined Maximum Sharpe,combined,maximum_sharpe,Maximum Sharpe,Energy,0.2477584207296729,24.77584207296729
2022-05-02,combined_maximum_sharpe,Combined Maximum Sharpe,combined,maximum_sharpe,Maximum Sharpe,Financials,0.0,0.0
2022-05-02,combined_maximum_sharpe,Combined Maximum Sharpe,combined,maximum_sharpe,Maximum Sharpe,Healthcare,0.1999999999996225,19.999999999962252
2022-05-02,combined_maximum_sharpe,Combined Maximum Sharpe,combined,maximum_sharpe,Maximum Sharpe,Industrials,0.0,0.0
2022-05-02,combined_maximum_sharpe,Combined Maximum Sharpe,combined,maximum_sharpe,Maximum Sharpe,Materials,0.1237813346958596,12.37813346958596
2022-05-02,combined_maximum_sharpe,Combined Maximum Sharpe,combined,maximum_sharpe,Maximum Sharpe,RealEstate,0.1999999999996309,19.999999999963087
2022-05-02,combined_maximum_sharpe,Combined Maximum Sharpe,combined,maximum_sharpe,Maximum Sharpe,Tech,0.0259426845992348,2.59426845992348
2022-05-02,combined_maximum_sharpe,Combined Maximum Sharpe,combined,maximum_sharpe,Maximum Sharpe,Utilities,0.1025175599763195,10.25175599763195
2022-06-01,combined_maximum_sharpe,Combined Maximum Sharpe,combined,maximum_sharpe,Maximum Sharpe,Comm,0.0,0.0
2022-06-01,combined_maximum_sharpe,Combined Maximum Sharpe,combined,maximum_sharpe,Maximum Sharpe,Consumer,0.0737891871042702,7.37891871042702
2022-06-01,combined_maximum_sharpe,Combined Maximum Sharpe,combined,maximum_sharpe,Maximum Sharpe,Crypto,0.0,0.0
2022-06-01,combined_maximum_sharpe,Combined Maximum Sharpe,combined,maximum_sharpe,Maximum Sharpe,Energy,0.3235453740263443,32.354537402634435
2022-06-01,combined_maximum_sharpe,Combined Maximum Sharpe,combined,maximum_sharpe,Maximum Sharpe,Financials,0.0,0.0
2022-06-01,combined_maximum_sharpe,Combined Maximum Sharpe,combined,maximum_sharpe,Maximum Sharpe,Healthcare,0.2524060167002226,25.24060167002226
2022-06-01,combined_maximum_sharpe,Combined Maximum Sharpe,combined,maximum_sharpe,Maximum Sharpe,Industrials,0.0,0.0
2022-06-01,combined_maximum_sharpe,Combined Maximum Sharpe,combined,maximum_sharpe,Maximum Sharpe,Materials,0.0,0.0
2022-06-01,combined_maximum_sharpe,Combined Maximum Sharpe,combined,maximum_sharpe,Maximum Sharpe,RealEstate,0.0033644361508609,0.33644361508609
2022-06-01,combined_maximum_sharpe,Combined Maximum Sharpe,combined,maximum_sharpe,Maximum Sharpe,Tech,0.0468949860285326,4.68949860285326
2022-06-01,combined_maximum_sharpe,Combined Maximum Sharpe,combined,maximum_sharpe,Maximum Sharpe,Utilities,0.2999999999897685,29.99999999897685
2022-07-01,combined_maximum_sharpe,Combined Maximum Sharpe,combined,maximum_sharpe,Maximum Sharpe,Comm,0.0,0.0
2022-07-01,combined_maximum_sharpe,Combined Maximum Sharpe,combined,maximum_sharpe,Maximum Sharpe,Consumer,0.0999999999989792,9.99999999989792
2022-07-01,combined_maximum_sharpe,Combined Maximum Sharpe,combined,maximum_sharpe,Maximum Sharpe,Crypto,0.0,0.0
2022-07-01,combined_maximum_sharpe,Combined Maximum Sharpe,combined,maximum_sharpe,Maximum Sharpe,Energy,0.30494026608672553,30.494026608672552
2022-07-01,combined_maximum_sharpe,Combined Maximum Sharpe,combined,maximum_sharpe,Maximum Sharpe,Financials,0.0,0.0
2022-07-01,combined_maximum_sharpe,Combined Maximum Sharpe,combined,maximum_sharpe,Maximum Sharpe,Healthcare,0.1999999999979584,19.99999999979584
2022-07-01,combined_maximum_sharpe,Combined Maximum Sharpe,combined,maximum_sharpe,Maximum Sharpe,Industrials,0.0,0.0
2022-07-01,combined_maximum_sharpe,Combined Maximum Sharpe,combined,maximum_sharpe,Maximum Sharpe,Materials,0.0,0.0
2022-07-01,combined_maximum_sharpe,Combined Maximum Sharpe,combined,maximum_sharpe,Maximum Sharpe,RealEstate,0.0423247498575553,4.23247498575553
2022-07-01,combined_maximum_sharpe,Combined Maximum Sharpe,combined,maximum_sharpe,Maximum Sharpe,Tech,0.0,0.0
2022-07-01,combined_maximum_sharpe,Combined Maximum Sharpe,combined,maximum_sharpe,Maximum Sharpe,Utilities,0.3527349840587809,35.27349840587809
2022-08-01,combined_maximum_sharpe,Combined Maximum Sharpe,combined,maximum_sharpe,Maximum Sharpe,Comm,0.0,0.0
2022-08-01,combined_maximum_sharpe,Combined Maximum Sharpe,combined,maximum_sharpe,Maximum Sharpe,Consumer,0.0999999999997807,9.999999999978069
2022-08-01,combined_maximum_sharpe,Combined Maximum Sharpe,combined,maximum_sharpe,Maximum Sharpe,Crypto,0.0,0.0
2022-08-01,combined_maximum_sharpe,Combined Maximum Sharpe,combined,maximum_sharpe,Maximum Sharpe,Energy,0.3596174115468591,35.96174115468591
2022-08-01,combined_maximum_sharpe,Combined Maximum Sharpe,combined,maximum_sharpe,Maximum Sharpe,Financials,0.0,0.0
2022-08-01,combined_maximum_sharpe,Combined Maximum Sharpe,combined,maximum_sharpe,Maximum Sharpe,Healthcare,0.1999999999995614,19.999999999956138
2022-08-01,combined_maximum_sharpe,Combined Maximum Sharpe,combined,maximum_sharpe,Maximum Sharpe,Industrials,0.0,0.0
2022-08-01,combined_maximum_sharpe,Combined Maximum Sharpe,combined,maximum_sharpe,Maximum Sharpe,Materials,0.0436701665595168,4.36701665595168
2022-08-01,combined_maximum_sharpe,Combined Maximum Sharpe,combined,maximum_sharpe,Maximum Sharpe,RealEstate,0.0797860877397233,7.97860877397233
2022-08-01,combined_maximum_sharpe,Combined Maximum Sharpe,combined,maximum_sharpe,Maximum Sharpe,Tech,0.0,0.0
2022-08-01,combined_maximum_sharpe,Combined Maximum Sharpe,combined,maximum_sharpe,Maximum Sharpe,Utilities,0.21692633415455848,21.692633415455848
2022-09-01,combined_maximum_sharpe,Combined Maximum Sharpe,combined,maximum_sharpe,Maximum Sharpe,Comm,0.0,0.0
2022-09-01,combined_maximum_sharpe,Combined Maximum Sharpe,combined,maximum_sharpe,Maximum Sharpe,Consumer,0.1,10.0
2022-09-01,combined_maximum_sharpe,Combined Maximum Sharpe,combined,maximum_sharpe,Maximum Sharpe,Crypto,0.0,0.0
2022-09-01,combined_maximum_sharpe,Combined Maximum Sharpe,combined,maximum_sharpe,Maximum Sharpe,Energy,0.4,40.0
2022-09-01,combined_maximum_sharpe,Combined Maximum Sharpe,combined,maximum_sharpe,Maximum Sharpe,Financials,0.0,0.0
2022-09-01,combined_maximum_sharpe,Combined Maximum Sharpe,combined,maximum_sharpe,Maximum Sharpe,Healthcare,0.30000000000000004,30.000000000000004
2022-09-01,combined_maximum_sharpe,Combined Maximum Sharpe,combined,maximum_sharpe,Maximum Sharpe,Industrials,0.0,0.0
2022-09-01,combined_maximum_sharpe,Combined Maximum Sharpe,combined,maximum_sharpe,Maximum Sharpe,Materials,0.0,0.0
2022-09-01,combined_maximum_sharpe,Combined Maximum Sharpe,combined,maximum_sharpe,Maximum Sharpe,RealEstate,0.0,0.0
2022-09-01,combined_maximum_sharpe,Combined Maximum Sharpe,combined,maximum_sharpe,Maximum Sharpe,Tech,0.0,0.0
2022-09-01,combined_maximum_sharpe,Combined Maximum Sharpe,combined,maximum_sharpe,Maximum Sharpe,Utilities,0.2,20.0
2022-10-03,combined_maximum_sharpe,Combined Maximum Sharpe,combined,maximum_sharpe,Maximum Sharpe,Comm,0.0,0.0
2022-10-03,combined_maximum_sharpe,Combined Maximum Sharpe,combined,maximum_sharpe,Maximum Sharpe,Consumer,0.1000000000023392,10.00000000023392
2022-10-03,combined_maximum_sharpe,Combined Maximum Sharpe,combined,maximum_sharpe,Maximum Sharpe,Crypto,0.0,0.0
2022-10-03,combined_maximum_sharpe,Combined Maximum Sharpe,combined,maximum_sharpe,Maximum Sharpe,Energy,0.4000000000093568,40.00000000093568
2022-10-03,combined_maximum_sharpe,Combined Maximum Sharpe,combined,maximum_sharpe,Maximum Sharpe,Financials,0.0,0.0
2022-10-03,combined_maximum_sharpe,Combined Maximum Sharpe,combined,maximum_sharpe,Maximum Sharpe,Healthcare,0.3000000000070176,30.00000000070176
2022-10-03,combined_maximum_sharpe,Combined Maximum Sharpe,combined,maximum_sharpe,Maximum Sharpe,Industrials,0.0,0.0
2022-10-03,combined_maximum_sharpe,Combined Maximum Sharpe,combined,maximum_sharpe,Maximum Sharpe,Materials,0.0117365202836478,1.17365202836478
2022-10-03,combined_maximum_sharpe,Combined Maximum Sharpe,combined,maximum_sharpe,Maximum Sharpe,RealEstate,0.0,0.0
2022-10-03,combined_maximum_sharpe,Combined Maximum Sharpe,combined,maximum_sharpe,Maximum Sharpe,Tech,0.0,0.0
2022-10-03,combined_maximum_sharpe,Combined Maximum Sharpe,combined,maximum_sharpe,Maximum Sharpe,Utilities,0.1882634796976378,18.82634796976378
2022-11-01,combined_maximum_sharpe,Combined Maximum Sharpe,combined,maximum_sharpe,Maximum Sharpe,Comm,0.0999999999998649,9.99999999998649
2022-11-01,combined_maximum_sharpe,Combined Maximum Sharpe,combined,maximum_sharpe,Maximum Sharpe,Consumer,0.0999999999998649,9.99999999998649
2022-11-01,combined_maximum_sharpe,Combined Maximum Sharpe,combined,maximum_sharpe,Maximum Sharpe,Crypto,0.0,0.0
2022-11-01,combined_maximum_sharpe,Combined Maximum Sharpe,combined,maximum_sharpe,Maximum Sharpe,Energy,0.3999999999994596,39.99999999994596
2022-11-01,combined_maximum_sharpe,Combined Maximum Sharpe,combined,maximum_sharpe,Maximum Sharpe,Financials,0.0,0.0
2022-11-01,combined_maximum_sharpe,Combined Maximum Sharpe,combined,maximum_sharpe,Maximum Sharpe,Healthcare,0.3999999999994596,39.99999999994596
2022-11-01,combined_maximum_sharpe,Combined Maximum Sharpe,combined,maximum_sharpe,Maximum Sharpe,Industrials,0.0,0.0
2022-11-01,combined_maximum_sharpe,Combined Maximum Sharpe,combined,maximum_sharpe,Maximum Sharpe,Materials,0.0,0.0
2022-11-01,combined_maximum_sharpe,Combined Maximum Sharpe,combined,maximum_sharpe,Maximum Sharpe,RealEstate,0.0,0.0
2022-11-01,combined_maximum_sharpe,Combined Maximum Sharpe,combined,maximum_sharpe,Maximum Sharpe,Tech,0.0,0.0
2022-11-01,combined_maximum_sharpe,Combined Maximum Sharpe,combined,maximum_sharpe,Maximum Sharpe,Utilities,1.350261393155618e-12,1.350261393155618e-10
2022-12-01,combined_maximum_sharpe,Combined Maximum Sharpe,combined,maximum_sharpe,Maximum Sharpe,Comm,0.10000000000318278,10.000000000318279
2022-12-01,combined_maximum_sharpe,Combined Maximum Sharpe,combined,maximum_sharpe,Maximum Sharpe,Consumer,0.1004995872995863,10.04995872995863
2022-12-01,combined_maximum_sharpe,Combined Maximum Sharpe,combined,maximum_sharpe,Maximum Sharpe,Crypto,0.0,0.0
2022-12-01,combined_maximum_sharpe,Combined Maximum Sharpe,combined,maximum_sharpe,Maximum Sharpe,Energy,0.31216950032483964,31.216950032483965
2022-12-01,combined_maximum_sharpe,Combined Maximum Sharpe,combined,maximum_sharpe,Maximum Sharpe,Financials,0.0,0.0
2022-12-01,combined_maximum_sharpe,Combined Maximum Sharpe,combined,maximum_sharpe,Maximum Sharpe,Healthcare,0.4000000000048164,40.00000000048164
2022-12-01,combined_maximum_sharpe,Combined Maximum Sharpe,combined,maximum_sharpe,Maximum Sharpe,Industrials,0.0,0.0
2022-12-01,combined_maximum_sharpe,Combined Maximum Sharpe,combined,maximum_sharpe,Maximum Sharpe,Materials,0.0191296663222754,1.91296663222754
2022-12-01,combined_maximum_sharpe,Combined Maximum Sharpe,combined,maximum_sharpe,Maximum Sharpe,RealEstate,1.0632720881347847e-12,1.0632720881347847e-10
2022-12-01,combined_maximum_sharpe,Combined Maximum Sharpe,combined,maximum_sharpe,Maximum Sharpe,Tech,0.0,0.0
2022-12-01,combined_maximum_sharpe,Combined Maximum Sharpe,combined,maximum_sharpe,Maximum Sharpe,Utilities,0.06820124604423554,6.820124604423554
2023-01-03,combined_maximum_sharpe,Combined Maximum Sharpe,combined,maximum_sharpe,Maximum Sharpe,Comm,0.0990913991321168,9.90913991321168
2023-01-03,combined_maximum_sharpe,Combined Maximum Sharpe,combined,maximum_sharpe,Maximum Sharpe,Consumer,0.1000000000184682,10.000000001846821
2023-01-03,combined_maximum_sharpe,Combined Maximum Sharpe,combined,maximum_sharpe,Maximum Sharpe,Crypto,0.0,0.0
2023-01-03,combined_maximum_sharpe,Combined Maximum Sharpe,combined,maximum_sharpe,Maximum Sharpe,Energy,0.400908600775542,40.090860077554204
2023-01-03,combined_maximum_sharpe,Combined Maximum Sharpe,combined,maximum_sharpe,Maximum Sharpe,Financials,0.0,0.0
2023-01-03,combined_maximum_sharpe,Combined Maximum Sharpe,combined,maximum_sharpe,Maximum Sharpe,Healthcare,0.4000000000738728,40.000000007387285
2023-01-03,combined_maximum_sharpe,Combined Maximum Sharpe,combined,maximum_sharpe,Maximum Sharpe,Industrials,0.0,0.0
2023-01-03,combined_maximum_sharpe,Combined Maximum Sharpe,combined,maximum_sharpe,Maximum Sharpe,Materials,0.0,0.0
2023-01-03,combined_maximum_sharpe,Combined Maximum Sharpe,combined,maximum_sharpe,Maximum Sharpe,RealEstate,0.0,0.0
2023-01-03,combined_maximum_sharpe,Combined Maximum Sharpe,combined,maximum_sharpe,Maximum Sharpe,Tech,0.0,0.0
2023-01-03,combined_maximum_sharpe,Combined Maximum Sharpe,combined,maximum_sharpe,Maximum Sharpe,Utilities,0.0,0.0
2023-02-01,combined_maximum_sharpe,Combined Maximum Sharpe,combined,maximum_sharpe,Maximum Sharpe,Comm,0.16842345488900962,16.84234548890096
2023-02-01,combined_maximum_sharpe,Combined Maximum Sharpe,combined,maximum_sharpe,Maximum Sharpe,Consumer,0.022007435732090103,2.20074357320901
2023-02-01,combined_maximum_sharpe,Combined Maximum Sharpe,combined,maximum_sharpe,Maximum Sharpe,Crypto,0.0,0.0
2023-02-01,combined_maximum_sharpe,Combined Maximum Sharpe,combined,maximum_sharpe,Maximum Sharpe,Energy,0.3095691093794579,30.956910937945793
2023-02-01,combined_maximum_sharpe,Combined Maximum Sharpe,combined,maximum_sharpe,Maximum Sharpe,Financials,0.0,0.0
2023-02-01,combined_maximum_sharpe,Combined Maximum Sharpe,combined,maximum_sharpe,Maximum Sharpe,Healthcare,0.399999999999529,39.9999999999529
2023-02-01,combined_maximum_sharpe,Combined Maximum Sharpe,combined,maximum_sharpe,Maximum Sharpe,Industrials,0.0,0.0
2023-02-01,combined_maximum_sharpe,Combined Maximum Sharpe,combined,maximum_sharpe,Maximum Sharpe,Materials,0.0999999999999125,9.999999999991251
2023-02-01,combined_maximum_sharpe,Combined Maximum Sharpe,combined,maximum_sharpe,Maximum Sharpe,RealEstate,0.0,0.0
2023-02-01,combined_maximum_sharpe,Combined Maximum Sharpe,combined,maximum_sharpe,Maximum Sharpe,Tech,0.0,0.0
2023-02-01,combined_maximum_sharpe,Combined Maximum Sharpe,combined,maximum_sharpe,Maximum Sharpe,Utilities,0.0,0.0
2023-03-01,combined_maximum_sharpe,Combined Maximum Sharpe,combined,maximum_sharpe,Maximum Sharpe,Comm,0.1064161375613403,10.64161375613403
2023-03-01,combined_maximum_sharpe,Combined Maximum Sharpe,combined,maximum_sharpe,Maximum Sharpe,Consumer,0.09020869030284659,9.02086903028466
2023-03-01,combined_maximum_sharpe,Combined Maximum Sharpe,combined,maximum_sharpe,Maximum Sharpe,Crypto,0.0,0.0
2023-03-01,combined_maximum_sharpe,Combined Maximum Sharpe,combined,maximum_sharpe,Maximum Sharpe,Energy,0.2583800770740982,25.838007707409822
2023-03-01,combined_maximum_sharpe,Combined Maximum Sharpe,combined,maximum_sharpe,Maximum Sharpe,Financials,0.0,0.0
2023-03-01,combined_maximum_sharpe,Combined Maximum Sharpe,combined,maximum_sharpe,Maximum Sharpe,Healthcare,0.3476965009163595,34.76965009163595
2023-03-01,combined_maximum_sharpe,Combined Maximum Sharpe,combined,maximum_sharpe,Maximum Sharpe,Industrials,0.0999999999992058,9.999999999920579
2023-03-01,combined_maximum_sharpe,Combined Maximum Sharpe,combined,maximum_sharpe,Maximum Sharpe,Materials,0.0972985941461492,9.729859414614921
2023-03-01,combined_maximum_sharpe,Combined Maximum Sharpe,combined,maximum_sharpe,Maximum Sharpe,RealEstate,0.0,0.0
2023-03-01,combined_maximum_sharpe,Combined Maximum Sharpe,combined,maximum_sharpe,Maximum Sharpe,Tech,0.0,0.0
2023-03-01,combined_maximum_sharpe,Combined Maximum Sharpe,combined,maximum_sharpe,Maximum Sharpe,Utilities,0.0,0.0
2023-04-03,combined_maximum_sharpe,Combined Maximum Sharpe,combined,maximum_sharpe,Maximum Sharpe,Comm,0.1999999999999848,19.99999999999848
2023-04-03,combined_maximum_sharpe,Combined Maximum Sharpe,combined,maximum_sharpe,Maximum Sharpe,Consumer,0.1813273476598231,18.13273476598231
2023-04-03,combined_maximum_sharpe,Combined Maximum Sharpe,combined,maximum_sharpe,Maximum Sharpe,Crypto,0.0,0.0
2023-04-03,combined_maximum_sharpe,Combined Maximum Sharpe,combined,maximum_sharpe,Maximum Sharpe,Energy,0.19084362037395,19.084362037395
2023-04-03,combined_maximum_sharpe,Combined Maximum Sharpe,combined,maximum_sharpe,Maximum Sharpe,Financials,0.0,0.0
2023-04-03,combined_maximum_sharpe,Combined Maximum Sharpe,combined,maximum_sharpe,Maximum Sharpe,Healthcare,0.3278290319662778,32.78290319662778
2023-04-03,combined_maximum_sharpe,Combined Maximum Sharpe,combined,maximum_sharpe,Maximum Sharpe,Industrials,0.0999999999999637,9.999999999996371
2023-04-03,combined_maximum_sharpe,Combined Maximum Sharpe,combined,maximum_sharpe,Maximum Sharpe,Materials,0.0,0.0
2023-04-03,combined_maximum_sharpe,Combined Maximum Sharpe,combined,maximum_sharpe,Maximum Sharpe,RealEstate,0.0,0.0
2023-04-03,combined_maximum_sharpe,Combined Maximum Sharpe,combined,maximum_sharpe,Maximum Sharpe,Tech,0.0,0.0
2023-04-03,combined_maximum_sharpe,Combined Maximum Sharpe,combined,maximum_sharpe,Maximum Sharpe,Utilities,0.0,0.0
2023-05-01,combined_maximum_sharpe,Combined Maximum Sharpe,combined,maximum_sharpe,Maximum Sharpe,Comm,0.0550941502218872,5.50941502218872
2023-05-01,combined_maximum_sharpe,Combined Maximum Sharpe,combined,maximum_sharpe,Maximum Sharpe,Consumer,0.1188228363614199,11.88228363614199
2023-05-01,combined_maximum_sharpe,Combined Maximum Sharpe,combined,maximum_sharpe,Maximum Sharpe,Crypto,0.0,0.0
2023-05-01,combined_maximum_sharpe,Combined Maximum Sharpe,combined,maximum_sharpe,Maximum Sharpe,Energy,0.1648619778861657,16.48619778861657
2023-05-01,combined_maximum_sharpe,Combined Maximum Sharpe,combined,maximum_sharpe,Maximum Sharpe,Financials,0.0,0.0
2023-05-01,combined_maximum_sharpe,Combined Maximum Sharpe,combined,maximum_sharpe,Maximum Sharpe,Healthcare,0.307260010644477,30.7260010644477
2023-05-01,combined_maximum_sharpe,Combined Maximum Sharpe,combined,maximum_sharpe,Maximum Sharpe,Industrials,0.1952548109118365,19.52548109118365
2023-05-01,combined_maximum_sharpe,Combined Maximum Sharpe,combined,maximum_sharpe,Maximum Sharpe,Materials,0.0,0.0
2023-05-01,combined_maximum_sharpe,Combined Maximum Sharpe,combined,maximum_sharpe,Maximum Sharpe,RealEstate,0.0,0.0
2023-05-01,combined_maximum_sharpe,Combined Maximum Sharpe,combined,maximum_sharpe,Maximum Sharpe,Tech,0.0968628545725646,9.68628545725646
2023-05-01,combined_maximum_sharpe,Combined Maximum Sharpe,combined,maximum_sharpe,Maximum Sharpe,Utilities,0.0618433594016484,6.18433594016484
2023-06-01,combined_maximum_sharpe,Combined Maximum Sharpe,combined,maximum_sharpe,Maximum Sharpe,Comm,0.0840590395754266,8.405903957542659
2023-06-01,combined_maximum_sharpe,Combined Maximum Sharpe,combined,maximum_sharpe,Maximum Sharpe,Consumer,0.1999999999997668,19.99999999997668
2023-06-01,combined_maximum_sharpe,Combined Maximum Sharpe,combined,maximum_sharpe,Maximum Sharpe,Crypto,0.0999999999998834,9.99999999998834
2023-06-01,combined_maximum_sharpe,Combined Maximum Sharpe,combined,maximum_sharpe,Maximum Sharpe,Energy,0.0727382743895972,7.273827438959719
2023-06-01,combined_maximum_sharpe,Combined Maximum Sharpe,combined,maximum_sharpe,Maximum Sharpe,Financials,0.0,0.0
2023-06-01,combined_maximum_sharpe,Combined Maximum Sharpe,combined,maximum_sharpe,Maximum Sharpe,Healthcare,0.24320268603567552,24.320268603567552
2023-06-01,combined_maximum_sharpe,Combined Maximum Sharpe,combined,maximum_sharpe,Maximum Sharpe,Industrials,0.1999999999997668,19.99999999997668
2023-06-01,combined_maximum_sharpe,Combined Maximum Sharpe,combined,maximum_sharpe,Maximum Sharpe,Materials,0.0,0.0
2023-06-01,combined_maximum_sharpe,Combined Maximum Sharpe,combined,maximum_sharpe,Maximum Sharpe,RealEstate,0.0,0.0
2023-06-01,combined_maximum_sharpe,Combined Maximum Sharpe,combined,maximum_sharpe,Maximum Sharpe,Tech,0.0999999999998834,9.99999999998834
2023-06-01,combined_maximum_sharpe,Combined Maximum Sharpe,combined,maximum_sharpe,Maximum Sharpe,Utilities,0.0,0.0
2023-07-03,combined_maximum_sharpe,Combined Maximum Sharpe,combined,maximum_sharpe,Maximum Sharpe,Comm,1.053212314463006e-12,1.053212314463006e-10
2023-07-03,combined_maximum_sharpe,Combined Maximum Sharpe,combined,maximum_sharpe,Maximum Sharpe,Consumer,0.2000000000116278,20.00000000116278
2023-07-03,combined_maximum_sharpe,Combined Maximum Sharpe,combined,maximum_sharpe,Maximum Sharpe,Crypto,0.1723529082419284,17.235290824192838
2023-07-03,combined_maximum_sharpe,Combined Maximum Sharpe,combined,maximum_sharpe,Maximum Sharpe,Energy,0.07343757979411691,7.343757979411691
2023-07-03,combined_maximum_sharpe,Combined Maximum Sharpe,combined,maximum_sharpe,Maximum Sharpe,Financials,0.0,0.0
2023-07-03,combined_maximum_sharpe,Combined Maximum Sharpe,combined,maximum_sharpe,Maximum Sharpe,Healthcare,0.2000000000116278,20.00000000116278
2023-07-03,combined_maximum_sharpe,Combined Maximum Sharpe,combined,maximum_sharpe,Maximum Sharpe,Industrials,0.2000000000116278,20.00000000116278
2023-07-03,combined_maximum_sharpe,Combined Maximum Sharpe,combined,maximum_sharpe,Maximum Sharpe,Materials,0.0542095119222036,5.42095119222036
2023-07-03,combined_maximum_sharpe,Combined Maximum Sharpe,combined,maximum_sharpe,Maximum Sharpe,RealEstate,0.0,0.0
2023-07-03,combined_maximum_sharpe,Combined Maximum Sharpe,combined,maximum_sharpe,Maximum Sharpe,Tech,0.1000000000058139,10.00000000058139
2023-07-03,combined_maximum_sharpe,Combined Maximum Sharpe,combined,maximum_sharpe,Maximum Sharpe,Utilities,0.0,0.0
2023-08-01,combined_maximum_sharpe,Combined Maximum Sharpe,combined,maximum_sharpe,Maximum Sharpe,Comm,0.0,0.0
2023-08-01,combined_maximum_sharpe,Combined Maximum Sharpe,combined,maximum_sharpe,Maximum Sharpe,Consumer,0.1150238015663495,11.50238015663495
2023-08-01,combined_maximum_sharpe,Combined Maximum Sharpe,combined,maximum_sharpe,Maximum Sharpe,Crypto,0.1460947204539818,14.609472045398181
2023-08-01,combined_maximum_sharpe,Combined Maximum Sharpe,combined,maximum_sharpe,Maximum Sharpe,Energy,0.0999999999999647,9.99999999999647
2023-08-01,combined_maximum_sharpe,Combined Maximum Sharpe,combined,maximum_sharpe,Maximum Sharpe,Financials,0.0,0.0
2023-08-01,combined_maximum_sharpe,Combined Maximum Sharpe,combined,maximum_sharpe,Maximum Sharpe,Healthcare,0.2646656927068352,26.46656927068352
2023-08-01,combined_maximum_sharpe,Combined Maximum Sharpe,combined,maximum_sharpe,Maximum Sharpe,Industrials,0.2742157852729032,27.42157852729032
2023-08-01,combined_maximum_sharpe,Combined Maximum Sharpe,combined,maximum_sharpe,Maximum Sharpe,Materials,0.0,0.0
2023-08-01,combined_maximum_sharpe,Combined Maximum Sharpe,combined,maximum_sharpe,Maximum Sharpe,RealEstate,0.0,0.0
2023-08-01,combined_maximum_sharpe,Combined Maximum Sharpe,combined,maximum_sharpe,Maximum Sharpe,Tech,0.0999999999999647,9.99999999999647
2023-08-01,combined_maximum_sharpe,Combined Maximum Sharpe,combined,maximum_sharpe,Maximum Sharpe,Utilities,0.0,0.0
2023-09-01,combined_maximum_sharpe,Combined Maximum Sharpe,combined,maximum_sharpe,Maximum Sharpe,Comm,0.0748927827237331,7.48927827237331
2023-09-01,combined_maximum_sharpe,Combined Maximum Sharpe,combined,maximum_sharpe,Maximum Sharpe,Consumer,0.0999999999999802,9.99999999999802
2023-09-01,combined_maximum_sharpe,Combined Maximum Sharpe,combined,maximum_sharpe,Maximum Sharpe,Crypto,0.0976193255553803,9.76193255553803
2023-09-01,combined_maximum_sharpe,Combined Maximum Sharpe,combined,maximum_sharpe,Maximum Sharpe,Energy,0.0886904602940063,8.86904602940063
2023-09-01,combined_maximum_sharpe,Combined Maximum Sharpe,combined,maximum_sharpe,Maximum Sharpe,Financials,0.0,0.0
2023-09-01,combined_maximum_sharpe,Combined Maximum Sharpe,combined,maximum_sharpe,Maximum Sharpe,Healthcare,0.3387974314269588,33.87974314269588
2023-09-01,combined_maximum_sharpe,Combined Maximum Sharpe,combined,maximum_sharpe,Maximum Sharpe,Industrials,0.1999999999999604,19.99999999999604
2023-09-01,combined_maximum_sharpe,Combined Maximum Sharpe,combined,maximum_sharpe,Maximum Sharpe,Materials,0.0,0.0
2023-09-01,combined_maximum_sharpe,Combined Maximum Sharpe,combined,maximum_sharpe,Maximum Sharpe,RealEstate,0.0,0.0
2023-09-01,combined_maximum_sharpe,Combined Maximum Sharpe,combined,maximum_sharpe,Maximum Sharpe,Tech,0.0999999999999802,9.99999999999802
2023-09-01,combined_maximum_sharpe,Combined Maximum Sharpe,combined,maximum_sharpe,Maximum Sharpe,Utilities,0.0,0.0
2023-10-02,combined_maximum_sharpe,Combined Maximum Sharpe,combined,maximum_sharpe,Maximum Sharpe,Comm,0.1000000000002266,10.000000000022661
2023-10-02,combined_maximum_sharpe,Combined Maximum Sharpe,combined,maximum_sharpe,Maximum Sharpe,Consumer,0.1000000000002266,10.000000000022661
2023-10-02,combined_maximum_sharpe,Combined Maximum Sharpe,combined,maximum_sharpe,Maximum Sharpe,Crypto,0.0748277043234526,7.48277043234526
2023-10-02,combined_maximum_sharpe,Combined Maximum Sharpe,combined,maximum_sharpe,Maximum Sharpe,Energy,0.1000000000002266,10.000000000022661
2023-10-02,combined_maximum_sharpe,Combined Maximum Sharpe,combined,maximum_sharpe,Maximum Sharpe,Financials,0.0,0.0
2023-10-02,combined_maximum_sharpe,Combined Maximum Sharpe,combined,maximum_sharpe,Maximum Sharpe,Healthcare,0.2467702222791465,24.677022227914648
2023-10-02,combined_maximum_sharpe,Combined Maximum Sharpe,combined,maximum_sharpe,Maximum Sharpe,Industrials,0.20000000000147938,20.00000000014794
2023-10-02,combined_maximum_sharpe,Combined Maximum Sharpe,combined,maximum_sharpe,Maximum Sharpe,Materials,0.0,0.0
2023-10-02,combined_maximum_sharpe,Combined Maximum Sharpe,combined,maximum_sharpe,Maximum Sharpe,RealEstate,0.0,0.0
2023-10-02,combined_maximum_sharpe,Combined Maximum Sharpe,combined,maximum_sharpe,Maximum Sharpe,Tech,0.178402073395241,17.8402073395241
2023-10-02,combined_maximum_sharpe,Combined Maximum Sharpe,combined,maximum_sharpe,Maximum Sharpe,Utilities,0.0,0.0
2023-11-01,combined_maximum_sharpe,Combined Maximum Sharpe,combined,maximum_sharpe,Maximum Sharpe,Comm,0.1000000000000032,10.00000000000032
2023-11-01,combined_maximum_sharpe,Combined Maximum Sharpe,combined,maximum_sharpe,Maximum Sharpe,Consumer,0.0999999999999932,9.999999999999321
2023-11-01,combined_maximum_sharpe,Combined Maximum Sharpe,combined,maximum_sharpe,Maximum Sharpe,Crypto,0.1183264243631102,11.83264243631102
2023-11-01,combined_maximum_sharpe,Combined Maximum Sharpe,combined,maximum_sharpe,Maximum Sharpe,Energy,0.0,0.0
2023-11-01,combined_maximum_sharpe,Combined Maximum Sharpe,combined,maximum_sharpe,Maximum Sharpe,Financials,0.0,0.0
2023-11-01,combined_maximum_sharpe,Combined Maximum Sharpe,combined,maximum_sharpe,Maximum Sharpe,Healthcare,0.1421688086702547,14.21688086702547
2023-11-01,combined_maximum_sharpe,Combined Maximum Sharpe,combined,maximum_sharpe,Maximum Sharpe,Industrials,0.174103511488445,17.410351148844498
2023-11-01,combined_maximum_sharpe,Combined Maximum Sharpe,combined,maximum_sharpe,Maximum Sharpe,Materials,0.1000000000000029,10.000000000000291
2023-11-01,combined_maximum_sharpe,Combined Maximum Sharpe,combined,maximum_sharpe,Maximum Sharpe,RealEstate,0.0,0.0
2023-11-01,combined_maximum_sharpe,Combined Maximum Sharpe,combined,maximum_sharpe,Maximum Sharpe,Tech,0.1999999999999995,19.99999999999995
2023-11-01,combined_maximum_sharpe,Combined Maximum Sharpe,combined,maximum_sharpe,Maximum Sharpe,Utilities,0.0654012554781908,6.54012554781908
2023-12-01,combined_maximum_sharpe,Combined Maximum Sharpe,combined,maximum_sharpe,Maximum Sharpe,Comm,0.11397538986404421,11.39753898640442
2023-12-01,combined_maximum_sharpe,Combined Maximum Sharpe,combined,maximum_sharpe,Maximum Sharpe,Consumer,0.038388537548086,3.8388537548086
2023-12-01,combined_maximum_sharpe,Combined Maximum Sharpe,combined,maximum_sharpe,Maximum Sharpe,Crypto,0.1566558409658878,15.66558409658878
2023-12-01,combined_maximum_sharpe,Combined Maximum Sharpe,combined,maximum_sharpe,Maximum Sharpe,Energy,0.0,0.0
2023-12-01,combined_maximum_sharpe,Combined Maximum Sharpe,combined,maximum_sharpe,Maximum Sharpe,Financials,0.0999999999999647,9.99999999999647
2023-12-01,combined_maximum_sharpe,Combined Maximum Sharpe,combined,maximum_sharpe,Maximum Sharpe,Healthcare,0.037485092607075596,3.7485092607075594
2023-12-01,combined_maximum_sharpe,Combined Maximum Sharpe,combined,maximum_sharpe,Maximum Sharpe,Industrials,0.1534951390147377,15.349513901473772
2023-12-01,combined_maximum_sharpe,Combined Maximum Sharpe,combined,maximum_sharpe,Maximum Sharpe,Materials,0.0,0.0
2023-12-01,combined_maximum_sharpe,Combined Maximum Sharpe,combined,maximum_sharpe,Maximum Sharpe,RealEstate,0.0,0.0
2023-12-01,combined_maximum_sharpe,Combined Maximum Sharpe,combined,maximum_sharpe,Maximum Sharpe,Tech,0.30000000000331084,30.000000000331084
2023-12-01,combined_maximum_sharpe,Combined Maximum Sharpe,combined,maximum_sharpe,Maximum Sharpe,Utilities,0.0999999999968923,9.99999999968923
2021-01-04,combined_minimum_variance,Combined Minimum Variance,combined,minimum_variance,Minimum Variance,Comm,0.1862835651050136,18.62835651050136
2021-01-04,combined_minimum_variance,Combined Minimum Variance,combined,minimum_variance,Minimum Variance,Consumer,0.1731251229423105,17.31251229423105
2021-01-04,combined_minimum_variance,Combined Minimum Variance,combined,minimum_variance,Minimum Variance,Crypto,0.0,0.0
2021-01-04,combined_minimum_variance,Combined Minimum Variance,combined,minimum_variance,Minimum Variance,Energy,0.0,0.0
2021-01-04,combined_minimum_variance,Combined Minimum Variance,combined,minimum_variance,Minimum Variance,Financials,0.0,0.0
2021-01-04,combined_minimum_variance,Combined Minimum Variance,combined,minimum_variance,Minimum Variance,Healthcare,0.2999999999999997,29.99999999999997
2021-01-04,combined_minimum_variance,Combined Minimum Variance,combined,minimum_variance,Minimum Variance,Industrials,0.1405913119526756,14.059131195267561
2021-01-04,combined_minimum_variance,Combined Minimum Variance,combined,minimum_variance,Minimum Variance,Materials,0.0999999999999999,9.99999999999999
2021-01-04,combined_minimum_variance,Combined Minimum Variance,combined,minimum_variance,Minimum Variance,RealEstate,0.0999999999999999,9.99999999999999
2021-01-04,combined_minimum_variance,Combined Minimum Variance,combined,minimum_variance,Minimum Variance,Tech,0.0,0.0
2021-01-04,combined_minimum_variance,Combined Minimum Variance,combined,minimum_variance,Minimum Variance,Utilities,0.0,0.0
2021-02-01,combined_minimum_variance,Combined Minimum Variance,combined,minimum_variance,Minimum Variance,Comm,0.19396906990969248,19.39690699096925
2021-02-01,combined_minimum_variance,Combined Minimum Variance,combined,minimum_variance,Minimum Variance,Consumer,0.1653896767020238,16.538967670202382
2021-02-01,combined_minimum_variance,Combined Minimum Variance,combined,minimum_variance,Minimum Variance,Crypto,0.0,0.0
2021-02-01,combined_minimum_variance,Combined Minimum Variance,combined,minimum_variance,Minimum Variance,Energy,0.0,0.0
2021-02-01,combined_minimum_variance,Combined Minimum Variance,combined,minimum_variance,Minimum Variance,Financials,0.0,0.0
2021-02-01,combined_minimum_variance,Combined Minimum Variance,combined,minimum_variance,Minimum Variance,Healthcare,0.2999999999999997,29.99999999999997
2021-02-01,combined_minimum_variance,Combined Minimum Variance,combined,minimum_variance,Minimum Variance,Industrials,0.1406412533882834,14.06412533882834
2021-02-01,combined_minimum_variance,Combined Minimum Variance,combined,minimum_variance,Minimum Variance,Materials,0.0999999999999999,9.99999999999999
2021-02-01,combined_minimum_variance,Combined Minimum Variance,combined,minimum_variance,Minimum Variance,RealEstate,0.0999999999999998,9.99999999999998
2021-02-01,combined_minimum_variance,Combined Minimum Variance,combined,minimum_variance,Minimum Variance,Tech,0.0,0.0
2021-02-01,combined_minimum_variance,Combined Minimum Variance,combined,minimum_variance,Minimum Variance,Utilities,0.0,0.0
2021-03-01,combined_minimum_variance,Combined Minimum Variance,combined,minimum_variance,Minimum Variance,Comm,0.1799692045505466,17.99692045505466
2021-03-01,combined_minimum_variance,Combined Minimum Variance,combined,minimum_variance,Minimum Variance,Consumer,0.1628443626846393,16.28443626846393
2021-03-01,combined_minimum_variance,Combined Minimum Variance,combined,minimum_variance,Minimum Variance,Crypto,0.0,0.0
2021-03-01,combined_minimum_variance,Combined Minimum Variance,combined,minimum_variance,Minimum Variance,Energy,0.0,0.0
2021-03-01,combined_minimum_variance,Combined Minimum Variance,combined,minimum_variance,Minimum Variance,Financials,0.0,0.0
2021-03-01,combined_minimum_variance,Combined Minimum Variance,combined,minimum_variance,Minimum Variance,Healthcare,0.29999999999999993,29.999999999999993
2021-03-01,combined_minimum_variance,Combined Minimum Variance,combined,minimum_variance,Minimum Variance,Industrials,0.1545614401077702,15.45614401077702
2021-03-01,combined_minimum_variance,Combined Minimum Variance,combined,minimum_variance,Minimum Variance,Materials,0.1,10.0
2021-03-01,combined_minimum_variance,Combined Minimum Variance,combined,minimum_variance,Minimum Variance,RealEstate,0.0999999999999999,9.99999999999999
2021-03-01,combined_minimum_variance,Combined Minimum Variance,combined,minimum_variance,Minimum Variance,Tech,0.0,0.0
2021-03-01,combined_minimum_variance,Combined Minimum Variance,combined,minimum_variance,Minimum Variance,Utilities,0.0026249926570435,0.26249926570435
2021-04-01,combined_minimum_variance,Combined Minimum Variance,combined,minimum_variance,Minimum Variance,Comm,0.30000000000000004,30.000000000000004
2021-04-01,combined_minimum_variance,Combined Minimum Variance,combined,minimum_variance,Minimum Variance,Consumer,0.1222867693483087,12.22867693483087
2021-04-01,combined_minimum_variance,Combined Minimum Variance,combined,minimum_variance,Minimum Variance,Crypto,0.0163059644540074,1.63059644540074
2021-04-01,combined_minimum_variance,Combined Minimum Variance,combined,minimum_variance,Minimum Variance,Energy,0.0,0.0
2021-04-01,combined_minimum_variance,Combined Minimum Variance,combined,minimum_variance,Minimum Variance,Financials,0.0,0.0
2021-04-01,combined_minimum_variance,Combined Minimum Variance,combined,minimum_variance,Minimum Variance,Healthcare,0.2503302145614187,25.033021456141867
2021-04-01,combined_minimum_variance,Combined Minimum Variance,combined,minimum_variance,Minimum Variance,Industrials,0.1,10.0
2021-04-01,combined_minimum_variance,Combined Minimum Variance,combined,minimum_variance,Minimum Variance,Materials,0.0144139367698041,1.4413936769804099
2021-04-01,combined_minimum_variance,Combined Minimum Variance,combined,minimum_variance,Minimum Variance,RealEstate,0.1,10.0
2021-04-01,combined_minimum_variance,Combined Minimum Variance,combined,minimum_variance,Minimum Variance,Tech,0.0,0.0
2021-04-01,combined_minimum_variance,Combined Minimum Variance,combined,minimum_variance,Minimum Variance,Utilities,0.0966631148664605,9.66631148664605
2021-05-03,combined_minimum_variance,Combined Minimum Variance,combined,minimum_variance,Minimum Variance,Comm,0.245042440066554,24.5042440066554
2021-05-03,combined_minimum_variance,Combined Minimum Variance,combined,minimum_variance,Minimum Variance,Consumer,0.1321726272383588,13.21726272383588
2021-05-03,combined_minimum_variance,Combined Minimum Variance,combined,minimum_variance,Minimum Variance,Crypto,0.017316707763752402,1.7316707763752401
2021-05-03,combined_minimum_variance,Combined Minimum Variance,combined,minimum_variance,Minimum Variance,Energy,0.0,0.0
2021-05-03,combined_minimum_variance,Combined Minimum Variance,combined,minimum_variance,Minimum Variance,Financials,0.0,0.0
2021-05-03,combined_minimum_variance,Combined Minimum Variance,combined,minimum_variance,Minimum Variance,Healthcare,0.25884141732563604,25.884141732563602
2021-05-03,combined_minimum_variance,Combined Minimum Variance,combined,minimum_variance,Minimum Variance,Industrials,0.0888449765638183,8.88449765638183
2021-05-03,combined_minimum_variance,Combined Minimum Variance,combined,minimum_variance,Minimum Variance,Materials,0.006462120181892,0.6462120181891999
2021-05-03,combined_minimum_variance,Combined Minimum Variance,combined,minimum_variance,Minimum Variance,RealEstate,0.069520174849228,6.952017484922799
2021-05-03,combined_minimum_variance,Combined Minimum Variance,combined,minimum_variance,Minimum Variance,Tech,0.0,0.0
2021-05-03,combined_minimum_variance,Combined Minimum Variance,combined,minimum_variance,Minimum Variance,Utilities,0.1817995360107599,18.17995360107599
2021-06-01,combined_minimum_variance,Combined Minimum Variance,combined,minimum_variance,Minimum Variance,Comm,0.2378464909701841,23.78464909701841
2021-06-01,combined_minimum_variance,Combined Minimum Variance,combined,minimum_variance,Minimum Variance,Consumer,0.1442114106738434,14.42114106738434
2021-06-01,combined_minimum_variance,Combined Minimum Variance,combined,minimum_variance,Minimum Variance,Crypto,0.0054730688972376,0.5473068897237601
2021-06-01,combined_minimum_variance,Combined Minimum Variance,combined,minimum_variance,Minimum Variance,Energy,0.0,0.0
2021-06-01,combined_minimum_variance,Combined Minimum Variance,combined,minimum_variance,Minimum Variance,Financials,0.0,0.0
2021-06-01,combined_minimum_variance,Combined Minimum Variance,combined,minimum_variance,Minimum Variance,Healthcare,0.23812891659034,23.812891659034
2021-06-01,combined_minimum_variance,Combined Minimum Variance,combined,minimum_variance,Minimum Variance,Industrials,0.0997644501176231,9.97644501176231
2021-06-01,combined_minimum_variance,Combined Minimum Variance,combined,minimum_variance,Minimum Variance,Materials,0.0,0.0
2021-06-01,combined_minimum_variance,Combined Minimum Variance,combined,minimum_variance,Minimum Variance,RealEstate,0.0962277869803784,9.62277869803784
2021-06-01,combined_minimum_variance,Combined Minimum Variance,combined,minimum_variance,Minimum Variance,Tech,0.0,0.0
2021-06-01,combined_minimum_variance,Combined Minimum Variance,combined,minimum_variance,Minimum Variance,Utilities,0.1783478757703926,17.83478757703926
2021-07-01,combined_minimum_variance,Combined Minimum Variance,combined,minimum_variance,Minimum Variance,Comm,0.179323060732843,17.9323060732843
2021-07-01,combined_minimum_variance,Combined Minimum Variance,combined,minimum_variance,Minimum Variance,Consumer,0.1809995079157107,18.09995079157107
2021-07-01,combined_minimum_variance,Combined Minimum Variance,combined,minimum_variance,Minimum Variance,Crypto,0.0073734728706725,0.7373472870672501
2021-07-01,combined_minimum_variance,Combined Minimum Variance,combined,minimum_variance,Minimum Variance,Energy,0.0,0.0
2021-07-01,combined_minimum_variance,Combined Minimum Variance,combined,minimum_variance,Minimum Variance,Financials,0.0325535751280269,3.25535751280269
2021-07-01,combined_minimum_variance,Combined Minimum Variance,combined,minimum_variance,Minimum Variance,Healthcare,0.20863165744251788,20.863165744251788
2021-07-01,combined_minimum_variance,Combined Minimum Variance,combined,minimum_variance,Minimum Variance,Industrials,0.10773111517490229,10.773111517490229
2021-07-01,combined_minimum_variance,Combined Minimum Variance,combined,minimum_variance,Minimum Variance,Materials,0.0,0.0
2021-07-01,combined_minimum_variance,Combined Minimum Variance,combined,minimum_variance,Minimum Variance,RealEstate,0.1573423247022338,15.73423247022338
2021-07-01,combined_minimum_variance,Combined Minimum Variance,combined,minimum_variance,Minimum Variance,Tech,0.003020346719963,0.3020346719963
2021-07-01,combined_minimum_variance,Combined Minimum Variance,combined,minimum_variance,Minimum Variance,Utilities,0.1230249393131287,12.30249393131287
2021-08-02,combined_minimum_variance,Combined Minimum Variance,combined,minimum_variance,Minimum Variance,Comm,0.18345649275462111,18.34564927546211
2021-08-02,combined_minimum_variance,Combined Minimum Variance,combined,minimum_variance,Minimum Variance,Consumer,0.170296192901394,17.0296192901394
2021-08-02,combined_minimum_variance,Combined Minimum Variance,combined,minimum_variance,Minimum Variance,Crypto,0.0071602900806114,0.71602900806114
2021-08-02,combined_minimum_variance,Combined Minimum Variance,combined,minimum_variance,Minimum Variance,Energy,0.0,0.0
2021-08-02,combined_minimum_variance,Combined Minimum Variance,combined,minimum_variance,Minimum Variance,Financials,0.0314241484103165,3.14241484103165
2021-08-02,combined_minimum_variance,Combined Minimum Variance,combined,minimum_variance,Minimum Variance,Healthcare,0.2086161328240181,20.861613282401812
2021-08-02,combined_minimum_variance,Combined Minimum Variance,combined,minimum_variance,Minimum Variance,Industrials,0.1119103423367843,11.19103423367843
2021-08-02,combined_minimum_variance,Combined Minimum Variance,combined,minimum_variance,Minimum Variance,Materials,0.0,0.0
2021-08-02,combined_minimum_variance,Combined Minimum Variance,combined,minimum_variance,Minimum Variance,RealEstate,0.1676205521863926,16.76205521863926
2021-08-02,combined_minimum_variance,Combined Minimum Variance,combined,minimum_variance,Minimum Variance,Tech,0.0,0.0
2021-08-02,combined_minimum_variance,Combined Minimum Variance,combined,minimum_variance,Minimum Variance,Utilities,0.11951584850586139,11.951584850586139
2021-09-01,combined_minimum_variance,Combined Minimum Variance,combined,minimum_variance,Minimum Variance,Comm,0.18490613706458278,18.490613706458277
2021-09-01,combined_minimum_variance,Combined Minimum Variance,combined,minimum_variance,Minimum Variance,Consumer,0.1631807841061944,16.318078410619442
2021-09-01,combined_minimum_variance,Combined Minimum Variance,combined,minimum_variance,Minimum Variance,Crypto,0.0077691152574171,0.77691152574171
2021-09-01,combined_minimum_variance,Combined Minimum Variance,combined,minimum_variance,Minimum Variance,Energy,0.0,0.0
2021-09-01,combined_minimum_variance,Combined Minimum Variance,combined,minimum_variance,Minimum Variance,Financials,0.038091346937686,3.8091346937686
2021-09-01,combined_minimum_variance,Combined Minimum Variance,combined,minimum_variance,Minimum Variance,Healthcare,0.1880143655970638,18.80143655970638
2021-09-01,combined_minimum_variance,Combined Minimum Variance,combined,minimum_variance,Minimum Variance,Industrials,0.1048277932368438,10.48277932368438
2021-09-01,combined_minimum_variance,Combined Minimum Variance,combined,minimum_variance,Minimum Variance,Materials,0.0,0.0
2021-09-01,combined_minimum_variance,Combined Minimum Variance,combined,minimum_variance,Minimum Variance,RealEstate,0.17686236849475812,17.68623684947581
2021-09-01,combined_minimum_variance,Combined Minimum Variance,combined,minimum_variance,Minimum Variance,Tech,0.0091895157922981,0.91895157922981
2021-09-01,combined_minimum_variance,Combined Minimum Variance,combined,minimum_variance,Minimum Variance,Utilities,0.127158573513155,12.715857351315499
2021-10-01,combined_minimum_variance,Combined Minimum Variance,combined,minimum_variance,Minimum Variance,Comm,0.1888412984486583,18.88412984486583
2021-10-01,combined_minimum_variance,Combined Minimum Variance,combined,minimum_variance,Minimum Variance,Consumer,0.14074927748056598,14.074927748056599
2021-10-01,combined_minimum_variance,Combined Minimum Variance,combined,minimum_variance,Minimum Variance,Crypto,0.0,0.0
2021-10-01,combined_minimum_variance,Combined Minimum Variance,combined,minimum_variance,Minimum Variance,Energy,0.0042867017074073,0.42867017074073
2021-10-01,combined_minimum_variance,Combined Minimum Variance,combined,minimum_variance,Minimum Variance,Financials,0.0547109485062102,5.47109485062102
2021-10-01,combined_minimum_variance,Combined Minimum Variance,combined,minimum_variance,Minimum Variance,Healthcare,0.18050720156323502,18.050720156323504
2021-10-01,combined_minimum_variance,Combined Minimum Variance,combined,minimum_variance,Minimum Variance,Industrials,0.0904778202045689,9.047782020456891
2021-10-01,combined_minimum_variance,Combined Minimum Variance,combined,minimum_variance,Minimum Variance,Materials,0.0031981160017212,0.31981160017212
2021-10-01,combined_minimum_variance,Combined Minimum Variance,combined,minimum_variance,Minimum Variance,RealEstate,0.1968780463231528,19.68780463231528
2021-10-01,combined_minimum_variance,Combined Minimum Variance,combined,minimum_variance,Minimum Variance,Tech,0.0227122937895905,2.27122937895905
2021-10-01,combined_minimum_variance,Combined Minimum Variance,combined,minimum_variance,Minimum Variance,Utilities,0.11763829597488859,11.76382959748886
2021-11-01,combined_minimum_variance,Combined Minimum Variance,combined,minimum_variance,Minimum Variance,Comm,0.18174527679392502,18.1745276793925
2021-11-01,combined_minimum_variance,Combined Minimum Variance,combined,minimum_variance,Minimum Variance,Consumer,0.18040432737149148,18.040432737149146
2021-11-01,combined_minimum_variance,Combined Minimum Variance,combined,minimum_variance,Minimum Variance,Crypto,0.0,0.0
2021-11-01,combined_minimum_variance,Combined Minimum Variance,combined,minimum_variance,Minimum Variance,Energy,0.0049258559766915,0.49258559766915
2021-11-01,combined_minimum_variance,Combined Minimum Variance,combined,minimum_variance,Minimum Variance,Financials,0.0651168649696636,6.51168649696636
2021-11-01,combined_minimum_variance,Combined Minimum Variance,combined,minimum_variance,Minimum Variance,Healthcare,0.1939695305912495,19.39695305912495
2021-11-01,combined_minimum_variance,Combined Minimum Variance,combined,minimum_variance,Minimum Variance,Industrials,0.0752122058417977,7.521220584179771
2021-11-01,combined_minimum_variance,Combined Minimum Variance,combined,minimum_variance,Minimum Variance,Materials,0.0015804549404613,0.15804549404613
2021-11-01,combined_minimum_variance,Combined Minimum Variance,combined,minimum_variance,Minimum Variance,RealEstate,0.15676502387169222,15.676502387169222
2021-11-01,combined_minimum_variance,Combined Minimum Variance,combined,minimum_variance,Minimum Variance,Tech,0.035660387263055,3.5660387263055005
2021-11-01,combined_minimum_variance,Combined Minimum Variance,combined,minimum_variance,Minimum Variance,Utilities,0.1046200723799721,10.462007237997211
2021-12-01,combined_minimum_variance,Combined Minimum Variance,combined,minimum_variance,Minimum Variance,Comm,0.1804976033154429,18.04976033154429
2021-12-01,combined_minimum_variance,Combined Minimum Variance,combined,minimum_variance,Minimum Variance,Consumer,0.15607937069918187,15.607937069918187
2021-12-01,combined_minimum_variance,Combined Minimum Variance,combined,minimum_variance,Minimum Variance,Crypto,0.0,0.0
2021-12-01,combined_minimum_variance,Combined Minimum Variance,combined,minimum_variance,Minimum Variance,Energy,0.0254072222775246,2.54072222775246
2021-12-01,combined_minimum_variance,Combined Minimum Variance,combined,minimum_variance,Minimum Variance,Financials,0.0517809004343931,5.17809004343931
2021-12-01,combined_minimum_variance,Combined Minimum Variance,combined,minimum_variance,Minimum Variance,Healthcare,0.18399929282296382,18.39992928229638
2021-12-01,combined_minimum_variance,Combined Minimum Variance,combined,minimum_variance,Minimum Variance,Industrials,0.0679331200843943,6.79331200843943
2021-12-01,combined_minimum_variance,Combined Minimum Variance,combined,minimum_variance,Minimum Variance,Materials,0.042962877761309,4.2962877761308995
2021-12-01,combined_minimum_variance,Combined Minimum Variance,combined,minimum_variance,Minimum Variance,RealEstate,0.12380415941950801,12.380415941950801
2021-12-01,combined_minimum_variance,Combined Minimum Variance,combined,minimum_variance,Minimum Variance,Tech,0.0304355115404987,3.04355115404987
2021-12-01,combined_minimum_variance,Combined Minimum Variance,combined,minimum_variance,Minimum Variance,Utilities,0.1370999416447826,13.709994164478259
2022-01-03,combined_minimum_variance,Combined Minimum Variance,combined,minimum_variance,Minimum Variance,Comm,0.1552768845139611,15.52768845139611
2022-01-03,combined_minimum_variance,Combined Minimum Variance,combined,minimum_variance,Minimum Variance,Consumer,0.1619238899104479,16.19238899104479
2022-01-03,combined_minimum_variance,Combined Minimum Variance,combined,minimum_variance,Minimum Variance,Crypto,0.0,0.0
2022-01-03,combined_minimum_variance,Combined Minimum Variance,combined,minimum_variance,Minimum Variance,Energy,0.0219741771038489,2.1974177103848898
2022-01-03,combined_minimum_variance,Combined Minimum Variance,combined,minimum_variance,Minimum Variance,Financials,0.0462030646886253,4.6203064688625295
2022-01-03,combined_minimum_variance,Combined Minimum Variance,combined,minimum_variance,Minimum Variance,Healthcare,0.2124430097273479,21.244300972734788
2022-01-03,combined_minimum_variance,Combined Minimum Variance,combined,minimum_variance,Minimum Variance,Industrials,0.0814701190672133,8.14701190672133
2022-01-03,combined_minimum_variance,Combined Minimum Variance,combined,minimum_variance,Minimum Variance,Materials,0.0223903615834833,2.23903615834833
2022-01-03,combined_minimum_variance,Combined Minimum Variance,combined,minimum_variance,Minimum Variance,RealEstate,0.11253184904445519,11.253184904445519
2022-01-03,combined_minimum_variance,Combined Minimum Variance,combined,minimum_variance,Minimum Variance,Tech,0.0430780818783877,4.30780818783877
2022-01-03,combined_minimum_variance,Combined Minimum Variance,combined,minimum_variance,Minimum Variance,Utilities,0.142708562482228,14.270856248222799
2022-02-01,combined_minimum_variance,Combined Minimum Variance,combined,minimum_variance,Minimum Variance,Comm,0.10371712431658131,10.371712431658132
2022-02-01,combined_minimum_variance,Combined Minimum Variance,combined,minimum_variance,Minimum Variance,Consumer,0.1823410503414028,18.23410503414028
2022-02-01,combined_minimum_variance,Combined Minimum Variance,combined,minimum_variance,Minimum Variance,Crypto,0.0,0.0
2022-02-01,combined_minimum_variance,Combined Minimum Variance,combined,minimum_variance,Minimum Variance,Energy,0.0758547676176671,7.58547676176671
2022-02-01,combined_minimum_variance,Combined Minimum Variance,combined,minimum_variance,Minimum Variance,Financials,0.0229282523530353,2.2928252353035297
2022-02-01,combined_minimum_variance,Combined Minimum Variance,combined,minimum_variance,Minimum Variance,Healthcare,0.2155325837420208,21.55325837420208
2022-02-01,combined_minimum_variance,Combined Minimum Variance,combined,minimum_variance,Minimum Variance,Industrials,0.036491645927080804,3.6491645927080802
2022-02-01,combined_minimum_variance,Combined Minimum Variance,combined,minimum_variance,Minimum Variance,Materials,0.0251701131535473,2.51701131535473
2022-02-01,combined_minimum_variance,Combined Minimum Variance,combined,minimum_variance,Minimum Variance,RealEstate,0.11141505051450609,11.14150505145061
2022-02-01,combined_minimum_variance,Combined Minimum Variance,combined,minimum_variance,Minimum Variance,Tech,0.0290523847041112,2.90523847041112
2022-02-01,combined_minimum_variance,Combined Minimum Variance,combined,minimum_variance,Minimum Variance,Utilities,0.1974970273300456,19.74970273300456
2022-03-01,combined_minimum_variance,Combined Minimum Variance,combined,minimum_variance,Minimum Variance,Comm,0.107785114700311,10.7785114700311
2022-03-01,combined_minimum_variance,Combined Minimum Variance,combined,minimum_variance,Minimum Variance,Consumer,0.2906659938615226,29.06659938615226
2022-03-01,combined_minimum_variance,Combined Minimum Variance,combined,minimum_variance,Minimum Variance,Crypto,0.0,0.0
2022-03-01,combined_minimum_variance,Combined Minimum Variance,combined,minimum_variance,Minimum Variance,Energy,0.0610299705257894,6.1029970525789405
2022-03-01,combined_minimum_variance,Combined Minimum Variance,combined,minimum_variance,Minimum Variance,Financials,0.014492432650248,1.4492432650248002
2022-03-01,combined_minimum_variance,Combined Minimum Variance,combined,minimum_variance,Minimum Variance,Healthcare,0.2170003206819398,21.70003206819398
2022-03-01,combined_minimum_variance,Combined Minimum Variance,combined,minimum_variance,Minimum Variance,Industrials,0.0316528820310827,3.16528820310827
2022-03-01,combined_minimum_variance,Combined Minimum Variance,combined,minimum_variance,Minimum Variance,Materials,0.0296603778365268,2.96603778365268
2022-03-01,combined_minimum_variance,Combined Minimum Variance,combined,minimum_variance,Minimum Variance,RealEstate,0.074137738280454,7.4137738280454
2022-03-01,combined_minimum_variance,Combined Minimum Variance,combined,minimum_variance,Minimum Variance,Tech,0.0138661709700704,1.38661709700704
2022-03-01,combined_minimum_variance,Combined Minimum Variance,combined,minimum_variance,Minimum Variance,Utilities,0.15970899846205439,15.97089984620544
2022-04-01,combined_minimum_variance,Combined Minimum Variance,combined,minimum_variance,Minimum Variance,Comm,0.1232442974139915,12.32442974139915
2022-04-01,combined_minimum_variance,Combined Minimum Variance,combined,minimum_variance,Minimum Variance,Consumer,0.2536882894835265,25.36882894835265
2022-04-01,combined_minimum_variance,Combined Minimum Variance,combined,minimum_variance,Minimum Variance,Crypto,0.0,0.0
2022-04-01,combined_minimum_variance,Combined Minimum Variance,combined,minimum_variance,Minimum Variance,Energy,0.0851817064253148,8.51817064253148
2022-04-01,combined_minimum_variance,Combined Minimum Variance,combined,minimum_variance,Minimum Variance,Financials,0.0,0.0
2022-04-01,combined_minimum_variance,Combined Minimum Variance,combined,minimum_variance,Minimum Variance,Healthcare,0.2181791490327459,21.81791490327459
2022-04-01,combined_minimum_variance,Combined Minimum Variance,combined,minimum_variance,Minimum Variance,Industrials,0.0311395316455244,3.11395316455244
2022-04-01,combined_minimum_variance,Combined Minimum Variance,combined,minimum_variance,Minimum Variance,Materials,0.0568393374990485,5.68393374990485
2022-04-01,combined_minimum_variance,Combined Minimum Variance,combined,minimum_variance,Minimum Variance,RealEstate,0.059432456946737,5.9432456946737
2022-04-01,combined_minimum_variance,Combined Minimum Variance,combined,minimum_variance,Minimum Variance,Tech,0.0165105658289209,1.6510565828920898
2022-04-01,combined_minimum_variance,Combined Minimum Variance,combined,minimum_variance,Minimum Variance,Utilities,0.1557846657241896,15.57846657241896
2022-05-02,combined_minimum_variance,Combined Minimum Variance,combined,minimum_variance,Minimum Variance,Comm,0.132977304763544,13.297730476354399
2022-05-02,combined_minimum_variance,Combined Minimum Variance,combined,minimum_variance,Minimum Variance,Consumer,0.2411220516983838,24.11220516983838
2022-05-02,combined_minimum_variance,Combined Minimum Variance,combined,minimum_variance,Minimum Variance,Crypto,0.0,0.0
2022-05-02,combined_minimum_variance,Combined Minimum Variance,combined,minimum_variance,Minimum Variance,Energy,0.0629269666183495,6.29269666183495
2022-05-02,combined_minimum_variance,Combined Minimum Variance,combined,minimum_variance,Minimum Variance,Financials,0.0,0.0
2022-05-02,combined_minimum_variance,Combined Minimum Variance,combined,minimum_variance,Minimum Variance,Healthcare,0.203215816537714,20.3215816537714
2022-05-02,combined_minimum_variance,Combined Minimum Variance,combined,minimum_variance,Minimum Variance,Industrials,0.0450191697835083,4.50191697835083
2022-05-02,combined_minimum_variance,Combined Minimum Variance,combined,minimum_variance,Minimum Variance,Materials,0.1245798778999544,12.457987789995439
2022-05-02,combined_minimum_variance,Combined Minimum Variance,combined,minimum_variance,Minimum Variance,RealEstate,0.0022959533668303,0.22959533668303
2022-05-02,combined_minimum_variance,Combined Minimum Variance,combined,minimum_variance,Minimum Variance,Tech,0.0181439814209937,1.8143981420993702
2022-05-02,combined_minimum_variance,Combined Minimum Variance,combined,minimum_variance,Minimum Variance,Utilities,0.1697188779107214,16.97188779107214
2022-06-01,combined_minimum_variance,Combined Minimum Variance,combined,minimum_variance,Minimum Variance,Comm,0.1171059397714002,11.71059397714002
2022-06-01,combined_minimum_variance,Combined Minimum Variance,combined,minimum_variance,Minimum Variance,Consumer,0.1450989389538287,14.50989389538287
2022-06-01,combined_minimum_variance,Combined Minimum Variance,combined,minimum_variance,Minimum Variance,Crypto,0.0083876321442256,0.83876321442256
2022-06-01,combined_minimum_variance,Combined Minimum Variance,combined,minimum_variance,Minimum Variance,Energy,0.0340105615512661,3.40105615512661
2022-06-01,combined_minimum_variance,Combined Minimum Variance,combined,minimum_variance,Minimum Variance,Financials,0.0010765844439791,0.10765844439791
2022-06-01,combined_minimum_variance,Combined Minimum Variance,combined,minimum_variance,Minimum Variance,Healthcare,0.3141758875019866,31.41758875019866
2022-06-01,combined_minimum_variance,Combined Minimum Variance,combined,minimum_variance,Minimum Variance,Industrials,0.0254592432232543,2.54592432232543
2022-06-01,combined_minimum_variance,Combined Minimum Variance,combined,minimum_variance,Minimum Variance,Materials,0.1347744110483184,13.477441104831838
2022-06-01,combined_minimum_variance,Combined Minimum Variance,combined,minimum_variance,Minimum Variance,RealEstate,0.0,0.0
2022-06-01,combined_minimum_variance,Combined Minimum Variance,combined,minimum_variance,Minimum Variance,Tech,0.0036123665634356,0.36123665634356
2022-06-01,combined_minimum_variance,Combined Minimum Variance,combined,minimum_variance,Minimum Variance,Utilities,0.2162984347983044,21.62984347983044
2022-07-01,combined_minimum_variance,Combined Minimum Variance,combined,minimum_variance,Minimum Variance,Comm,0.1150100538459736,11.50100538459736
2022-07-01,combined_minimum_variance,Combined Minimum Variance,combined,minimum_variance,Minimum Variance,Consumer,0.1889402398247132,18.89402398247132
2022-07-01,combined_minimum_variance,Combined Minimum Variance,combined,minimum_variance,Minimum Variance,Crypto,0.0,0.0
2022-07-01,combined_minimum_variance,Combined Minimum Variance,combined,minimum_variance,Minimum Variance,Energy,0.0463946554621419,4.63946554621419
2022-07-01,combined_minimum_variance,Combined Minimum Variance,combined,minimum_variance,Minimum Variance,Financials,0.0,0.0
2022-07-01,combined_minimum_variance,Combined Minimum Variance,combined,minimum_variance,Minimum Variance,Healthcare,0.32353206025472603,32.3532060254726
2022-07-01,combined_minimum_variance,Combined Minimum Variance,combined,minimum_variance,Minimum Variance,Industrials,0.0341512514448699,3.4151251444869897
2022-07-01,combined_minimum_variance,Combined Minimum Variance,combined,minimum_variance,Minimum Variance,Materials,0.1059184021153275,10.59184021153275
2022-07-01,combined_minimum_variance,Combined Minimum Variance,combined,minimum_variance,Minimum Variance,RealEstate,0.0104545661257012,1.04545661257012
2022-07-01,combined_minimum_variance,Combined Minimum Variance,combined,minimum_variance,Minimum Variance,Tech,0.0,0.0
2022-07-01,combined_minimum_variance,Combined Minimum Variance,combined,minimum_variance,Minimum Variance,Utilities,0.1755987709265458,17.55987709265458
2022-08-01,combined_minimum_variance,Combined Minimum Variance,combined,minimum_variance,Minimum Variance,Comm,0.12061059778144881,12.06105977814488
2022-08-01,combined_minimum_variance,Combined Minimum Variance,combined,minimum_variance,Minimum Variance,Consumer,0.1881412803420757,18.81412803420757
2022-08-01,combined_minimum_variance,Combined Minimum Variance,combined,minimum_variance,Minimum Variance,Crypto,0.0,0.0
2022-08-01,combined_minimum_variance,Combined Minimum Variance,combined,minimum_variance,Minimum Variance,Energy,0.0463842067470848,4.63842067470848
2022-08-01,combined_minimum_variance,Combined Minimum Variance,combined,minimum_variance,Minimum Variance,Financials,0.0,0.0
2022-08-01,combined_minimum_variance,Combined Minimum Variance,combined,minimum_variance,Minimum Variance,Healthcare,0.3376201438691486,33.76201438691486
2022-08-01,combined_minimum_variance,Combined Minimum Variance,combined,minimum_variance,Minimum Variance,Industrials,0.0419003704879435,4.19003704879435
2022-08-01,combined_minimum_variance,Combined Minimum Variance,combined,minimum_variance,Minimum Variance,Materials,0.0964151665602909,9.64151665602909
2022-08-01,combined_minimum_variance,Combined Minimum Variance,combined,minimum_variance,Minimum Variance,RealEstate,0.0021484324260864,0.21484324260864002
2022-08-01,combined_minimum_variance,Combined Minimum Variance,combined,minimum_variance,Minimum Variance,Tech,0.0,0.0
2022-08-01,combined_minimum_variance,Combined Minimum Variance,combined,minimum_variance,Minimum Variance,Utilities,0.1667798017859206,16.677980178592062
2022-09-01,combined_minimum_variance,Combined Minimum Variance,combined,minimum_variance,Minimum Variance,Comm,0.11602477135564329,11.60247713556433
2022-09-01,combined_minimum_variance,Combined Minimum Variance,combined,minimum_variance,Minimum Variance,Consumer,0.17340071546208852,17.34007154620885
2022-09-01,combined_minimum_variance,Combined Minimum Variance,combined,minimum_variance,Minimum Variance,Crypto,0.0,0.0
2022-09-01,combined_minimum_variance,Combined Minimum Variance,combined,minimum_variance,Minimum Variance,Energy,0.0694626577973971,6.9462657797397105
2022-09-01,combined_minimum_variance,Combined Minimum Variance,combined,minimum_variance,Minimum Variance,Financials,0.0,0.0
2022-09-01,combined_minimum_variance,Combined Minimum Variance,combined,minimum_variance,Minimum Variance,Healthcare,0.3471253643432081,34.71253643432081
2022-09-01,combined_minimum_variance,Combined Minimum Variance,combined,minimum_variance,Minimum Variance,Industrials,0.019372621997073798,1.9372621997073798
2022-09-01,combined_minimum_variance,Combined Minimum Variance,combined,minimum_variance,Minimum Variance,Materials,0.08929350482666511,8.92935048266651
2022-09-01,combined_minimum_variance,Combined Minimum Variance,combined,minimum_variance,Minimum Variance,RealEstate,0.0305914188585191,3.0591418858519104
2022-09-01,combined_minimum_variance,Combined Minimum Variance,combined,minimum_variance,Minimum Variance,Tech,0.0,0.0
2022-09-01,combined_minimum_variance,Combined Minimum Variance,combined,minimum_variance,Minimum Variance,Utilities,0.1547289453594043,15.47289453594043
2022-10-03,combined_minimum_variance,Combined Minimum Variance,combined,minimum_variance,Minimum Variance,Comm,0.11115427933108231,11.115427933108231
2022-10-03,combined_minimum_variance,Combined Minimum Variance,combined,minimum_variance,Minimum Variance,Consumer,0.1796948869594366,17.96948869594366
2022-10-03,combined_minimum_variance,Combined Minimum Variance,combined,minimum_variance,Minimum Variance,Crypto,0.0,0.0
2022-10-03,combined_minimum_variance,Combined Minimum Variance,combined,minimum_variance,Minimum Variance,Energy,0.0763897804700426,7.638978047004261
2022-10-03,combined_minimum_variance,Combined Minimum Variance,combined,minimum_variance,Minimum Variance,Financials,0.0,0.0
2022-10-03,combined_minimum_variance,Combined Minimum Variance,combined,minimum_variance,Minimum Variance,Healthcare,0.377957158057176,37.7957158057176
2022-10-03,combined_minimum_variance,Combined Minimum Variance,combined,minimum_variance,Minimum Variance,Industrials,0.0383194755922754,3.8319475592275403
2022-10-03,combined_minimum_variance,Combined Minimum Variance,combined,minimum_variance,Minimum Variance,Materials,0.0695305930292836,6.95305930292836
2022-10-03,combined_minimum_variance,Combined Minimum Variance,combined,minimum_variance,Minimum Variance,RealEstate,0.0754246692648031,7.5424669264803095
2022-10-03,combined_minimum_variance,Combined Minimum Variance,combined,minimum_variance,Minimum Variance,Tech,0.0,0.0
2022-10-03,combined_minimum_variance,Combined Minimum Variance,combined,minimum_variance,Minimum Variance,Utilities,0.0715291572958999,7.1529157295899894
2022-11-01,combined_minimum_variance,Combined Minimum Variance,combined,minimum_variance,Minimum Variance,Comm,0.1200665928701756,12.006659287017559
2022-11-01,combined_minimum_variance,Combined Minimum Variance,combined,minimum_variance,Minimum Variance,Consumer,0.2,20.0
2022-11-01,combined_minimum_variance,Combined Minimum Variance,combined,minimum_variance,Minimum Variance,Crypto,0.0077685833879591,0.7768583387959099
2022-11-01,combined_minimum_variance,Combined Minimum Variance,combined,minimum_variance,Minimum Variance,Energy,0.0747807833274125,7.4780783327412506
2022-11-01,combined_minimum_variance,Combined Minimum Variance,combined,minimum_variance,Minimum Variance,Financials,0.0,0.0
2022-11-01,combined_minimum_variance,Combined Minimum Variance,combined,minimum_variance,Minimum Variance,Healthcare,0.3728402883398651,37.28402883398651
2022-11-01,combined_minimum_variance,Combined Minimum Variance,combined,minimum_variance,Minimum Variance,Industrials,0.023809909088356,2.3809909088356
2022-11-01,combined_minimum_variance,Combined Minimum Variance,combined,minimum_variance,Minimum Variance,Materials,0.0592899277114067,5.92899277114067
2022-11-01,combined_minimum_variance,Combined Minimum Variance,combined,minimum_variance,Minimum Variance,RealEstate,0.0915017962839282,9.15017962839282
2022-11-01,combined_minimum_variance,Combined Minimum Variance,combined,minimum_variance,Minimum Variance,Tech,0.0,0.0
2022-11-01,combined_minimum_variance,Combined Minimum Variance,combined,minimum_variance,Minimum Variance,Utilities,0.0499421189908962,4.99421189908962
2022-12-01,combined_minimum_variance,Combined Minimum Variance,combined,minimum_variance,Minimum Variance,Comm,0.1488227186782755,14.882271867827551
2022-12-01,combined_minimum_variance,Combined Minimum Variance,combined,minimum_variance,Minimum Variance,Consumer,0.1999999999999999,19.99999999999999
2022-12-01,combined_minimum_variance,Combined Minimum Variance,combined,minimum_variance,Minimum Variance,Crypto,0.0,0.0
2022-12-01,combined_minimum_variance,Combined Minimum Variance,combined,minimum_variance,Minimum Variance,Energy,0.08907636398907749,8.90763639890775
2022-12-01,combined_minimum_variance,Combined Minimum Variance,combined,minimum_variance,Minimum Variance,Financials,0.0,0.0
2022-12-01,combined_minimum_variance,Combined Minimum Variance,combined,minimum_variance,Minimum Variance,Healthcare,0.3828851929616327,38.28851929616327
2022-12-01,combined_minimum_variance,Combined Minimum Variance,combined,minimum_variance,Minimum Variance,Industrials,0.0107232241358832,1.07232241358832
2022-12-01,combined_minimum_variance,Combined Minimum Variance,combined,minimum_variance,Minimum Variance,Materials,0.0230344868014589,2.3034486801458898
2022-12-01,combined_minimum_variance,Combined Minimum Variance,combined,minimum_variance,Minimum Variance,RealEstate,0.0700549747609472,7.00549747609472
2022-12-01,combined_minimum_variance,Combined Minimum Variance,combined,minimum_variance,Minimum Variance,Tech,0.0,0.0
2022-12-01,combined_minimum_variance,Combined Minimum Variance,combined,minimum_variance,Minimum Variance,Utilities,0.0754030386727246,7.540303867272461
2023-01-03,combined_minimum_variance,Combined Minimum Variance,combined,minimum_variance,Minimum Variance,Comm,0.1568192772358892,15.68192772358892
2023-01-03,combined_minimum_variance,Combined Minimum Variance,combined,minimum_variance,Minimum Variance,Consumer,0.1999999999999999,19.99999999999999
2023-01-03,combined_minimum_variance,Combined Minimum Variance,combined,minimum_variance,Minimum Variance,Crypto,0.0023574093489655,0.23574093489655001
2023-01-03,combined_minimum_variance,Combined Minimum Variance,combined,minimum_variance,Minimum Variance,Energy,0.0741350671189205,7.41350671189205
2023-01-03,combined_minimum_variance,Combined Minimum Variance,combined,minimum_variance,Minimum Variance,Financials,0.0,0.0
2023-01-03,combined_minimum_variance,Combined Minimum Variance,combined,minimum_variance,Minimum Variance,Healthcare,0.3680765767791123,36.80765767791123
2023-01-03,combined_minimum_variance,Combined Minimum Variance,combined,minimum_variance,Minimum Variance,Industrials,0.0,0.0
2023-01-03,combined_minimum_variance,Combined Minimum Variance,combined,minimum_variance,Minimum Variance,Materials,0.025281161961324,2.5281161961324
2023-01-03,combined_minimum_variance,Combined Minimum Variance,combined,minimum_variance,Minimum Variance,RealEstate,0.0882331709931104,8.82331709931104
2023-01-03,combined_minimum_variance,Combined Minimum Variance,combined,minimum_variance,Minimum Variance,Tech,0.0,0.0
2023-01-03,combined_minimum_variance,Combined Minimum Variance,combined,minimum_variance,Minimum Variance,Utilities,0.0850973365626777,8.50973365626777
2023-02-01,combined_minimum_variance,Combined Minimum Variance,combined,minimum_variance,Minimum Variance,Comm,0.1792730673193595,17.92730673193595
2023-02-01,combined_minimum_variance,Combined Minimum Variance,combined,minimum_variance,Minimum Variance,Consumer,0.2,20.0
2023-02-01,combined_minimum_variance,Combined Minimum Variance,combined,minimum_variance,Minimum Variance,Crypto,0.0036162604509422,0.36162604509421997
2023-02-01,combined_minimum_variance,Combined Minimum Variance,combined,minimum_variance,Minimum Variance,Energy,0.0691694661224313,6.91694661224313
2023-02-01,combined_minimum_variance,Combined Minimum Variance,combined,minimum_variance,Minimum Variance,Financials,0.0,0.0
2023-02-01,combined_minimum_variance,Combined Minimum Variance,combined,minimum_variance,Minimum Variance,Healthcare,0.3539670123696933,35.39670123696933
2023-02-01,combined_minimum_variance,Combined Minimum Variance,combined,minimum_variance,Minimum Variance,Industrials,0.0,0.0
2023-02-01,combined_minimum_variance,Combined Minimum Variance,combined,minimum_variance,Minimum Variance,Materials,0.0167603523651545,1.67603523651545
2023-02-01,combined_minimum_variance,Combined Minimum Variance,combined,minimum_variance,Minimum Variance,RealEstate,0.0999967304757179,9.99967304757179
2023-02-01,combined_minimum_variance,Combined Minimum Variance,combined,minimum_variance,Minimum Variance,Tech,0.0,0.0
2023-02-01,combined_minimum_variance,Combined Minimum Variance,combined,minimum_variance,Minimum Variance,Utilities,0.0772171108967007,7.7217110896700705
2023-03-01,combined_minimum_variance,Combined Minimum Variance,combined,minimum_variance,Minimum Variance,Comm,0.1901661019881997,19.01661019881997
2023-03-01,combined_minimum_variance,Combined Minimum Variance,combined,minimum_variance,Minimum Variance,Consumer,0.2,20.0
2023-03-01,combined_minimum_variance,Combined Minimum Variance,combined,minimum_variance,Minimum Variance,Crypto,0.0,0.0
2023-03-01,combined_minimum_variance,Combined Minimum Variance,combined,minimum_variance,Minimum Variance,Energy,0.0698724837047347,6.98724837047347
2023-03-01,combined_minimum_variance,Combined Minimum Variance,combined,minimum_variance,Minimum Variance,Financials,0.0,0.0
2023-03-01,combined_minimum_variance,Combined Minimum Variance,combined,minimum_variance,Minimum Variance,Healthcare,0.3289740275722499,32.897402757224995
2023-03-01,combined_minimum_variance,Combined Minimum Variance,combined,minimum_variance,Minimum Variance,Industrials,0.0,0.0
2023-03-01,combined_minimum_variance,Combined Minimum Variance,combined,minimum_variance,Minimum Variance,Materials,0.0117959840778149,1.1795984077814898
2023-03-01,combined_minimum_variance,Combined Minimum Variance,combined,minimum_variance,Minimum Variance,RealEstate,0.1,10.0
2023-03-01,combined_minimum_variance,Combined Minimum Variance,combined,minimum_variance,Minimum Variance,Tech,0.0,0.0
2023-03-01,combined_minimum_variance,Combined Minimum Variance,combined,minimum_variance,Minimum Variance,Utilities,0.0991914026570004,9.91914026570004
2023-04-03,combined_minimum_variance,Combined Minimum Variance,combined,minimum_variance,Minimum Variance,Comm,0.2059493081716881,20.59493081716881
2023-04-03,combined_minimum_variance,Combined Minimum Variance,combined,minimum_variance,Minimum Variance,Consumer,0.1999999999999999,19.99999999999999
2023-04-03,combined_minimum_variance,Combined Minimum Variance,combined,minimum_variance,Minimum Variance,Crypto,0.0,0.0
2023-04-03,combined_minimum_variance,Combined Minimum Variance,combined,minimum_variance,Minimum Variance,Energy,0.05458202374390721,5.458202374390721
2023-04-03,combined_minimum_variance,Combined Minimum Variance,combined,minimum_variance,Minimum Variance,Financials,0.0,0.0
2023-04-03,combined_minimum_variance,Combined Minimum Variance,combined,minimum_variance,Minimum Variance,Healthcare,0.3269183551470084,32.69183551470084
2023-04-03,combined_minimum_variance,Combined Minimum Variance,combined,minimum_variance,Minimum Variance,Industrials,0.0108924477009761,1.08924477009761
2023-04-03,combined_minimum_variance,Combined Minimum Variance,combined,minimum_variance,Minimum Variance,Materials,0.0169984589096713,1.6998458909671301
2023-04-03,combined_minimum_variance,Combined Minimum Variance,combined,minimum_variance,Minimum Variance,RealEstate,0.1,10.0
2023-04-03,combined_minimum_variance,Combined Minimum Variance,combined,minimum_variance,Minimum Variance,Tech,0.0,0.0
2023-04-03,combined_minimum_variance,Combined Minimum Variance,combined,minimum_variance,Minimum Variance,Utilities,0.0846594063267485,8.46594063267485
2023-05-01,combined_minimum_variance,Combined Minimum Variance,combined,minimum_variance,Minimum Variance,Comm,0.18282406677868931,18.28240667786893
2023-05-01,combined_minimum_variance,Combined Minimum Variance,combined,minimum_variance,Minimum Variance,Consumer,0.1999999999999999,19.99999999999999
2023-05-01,combined_minimum_variance,Combined Minimum Variance,combined,minimum_variance,Minimum Variance,Crypto,0.0,0.0
2023-05-01,combined_minimum_variance,Combined Minimum Variance,combined,minimum_variance,Minimum Variance,Energy,0.0610026239002563,6.10026239002563
2023-05-01,combined_minimum_variance,Combined Minimum Variance,combined,minimum_variance,Minimum Variance,Financials,0.0,0.0
2023-05-01,combined_minimum_variance,Combined Minimum Variance,combined,minimum_variance,Minimum Variance,Healthcare,0.3391495046542901,33.91495046542901
2023-05-01,combined_minimum_variance,Combined Minimum Variance,combined,minimum_variance,Minimum Variance,Industrials,0.0162766811387617,1.6276681138761702
2023-05-01,combined_minimum_variance,Combined Minimum Variance,combined,minimum_variance,Minimum Variance,Materials,0.0181074413229445,1.81074413229445
2023-05-01,combined_minimum_variance,Combined Minimum Variance,combined,minimum_variance,Minimum Variance,RealEstate,0.1,10.0
2023-05-01,combined_minimum_variance,Combined Minimum Variance,combined,minimum_variance,Minimum Variance,Tech,0.0,0.0
2023-05-01,combined_minimum_variance,Combined Minimum Variance,combined,minimum_variance,Minimum Variance,Utilities,0.0826396822050575,8.26396822050575
2023-06-01,combined_minimum_variance,Combined Minimum Variance,combined,minimum_variance,Minimum Variance,Comm,0.24223501201496012,24.223501201496013
2023-06-01,combined_minimum_variance,Combined Minimum Variance,combined,minimum_variance,Minimum Variance,Consumer,0.2,20.0
2023-06-01,combined_minimum_variance,Combined Minimum Variance,combined,minimum_variance,Minimum Variance,Crypto,0.0,0.0
2023-06-01,combined_minimum_variance,Combined Minimum Variance,combined,minimum_variance,Minimum Variance,Energy,0.0618041034260011,6.18041034260011
2023-06-01,combined_minimum_variance,Combined Minimum Variance,combined,minimum_variance,Minimum Variance,Financials,0.0,0.0
2023-06-01,combined_minimum_variance,Combined Minimum Variance,combined,minimum_variance,Minimum Variance,Healthcare,0.30000000000000004,30.000000000000004
2023-06-01,combined_minimum_variance,Combined Minimum Variance,combined,minimum_variance,Minimum Variance,Industrials,0.040200098320863,4.0200098320863
2023-06-01,combined_minimum_variance,Combined Minimum Variance,combined,minimum_variance,Minimum Variance,Materials,0.0091495046114726,0.91495046114726
2023-06-01,combined_minimum_variance,Combined Minimum Variance,combined,minimum_variance,Minimum Variance,RealEstate,0.1026158419194887,10.26158419194887
2023-06-01,combined_minimum_variance,Combined Minimum Variance,combined,minimum_variance,Minimum Variance,Tech,0.0,0.0
2023-06-01,combined_minimum_variance,Combined Minimum Variance,combined,minimum_variance,Minimum Variance,Utilities,0.0439954397072139,4.39954397072139
2023-07-03,combined_minimum_variance,Combined Minimum Variance,combined,minimum_variance,Minimum Variance,Comm,0.2459007351723031,24.59007351723031
2023-07-03,combined_minimum_variance,Combined Minimum Variance,combined,minimum_variance,Minimum Variance,Consumer,0.2,20.0
2023-07-03,combined_minimum_variance,Combined Minimum Variance,combined,minimum_variance,Minimum Variance,Crypto,0.03722010733555,3.722010733555
2023-07-03,combined_minimum_variance,Combined Minimum Variance,combined,minimum_variance,Minimum Variance,Energy,0.0517064260472744,5.17064260472744
2023-07-03,combined_minimum_variance,Combined Minimum Variance,combined,minimum_variance,Minimum Variance,Financials,0.0388776399605766,3.8877639960576604
2023-07-03,combined_minimum_variance,Combined Minimum Variance,combined,minimum_variance,Minimum Variance,Healthcare,0.29212324862834405,29.212324862834404
2023-07-03,combined_minimum_variance,Combined Minimum Variance,combined,minimum_variance,Minimum Variance,Industrials,0.0,0.0
2023-07-03,combined_minimum_variance,Combined Minimum Variance,combined,minimum_variance,Minimum Variance,Materials,0.0,0.0
2023-07-03,combined_minimum_variance,Combined Minimum Variance,combined,minimum_variance,Minimum Variance,RealEstate,0.1,10.0
2023-07-03,combined_minimum_variance,Combined Minimum Variance,combined,minimum_variance,Minimum Variance,Tech,0.0,0.0
2023-07-03,combined_minimum_variance,Combined Minimum Variance,combined,minimum_variance,Minimum Variance,Utilities,0.0341718428559512,3.4171842855951198
2023-08-01,combined_minimum_variance,Combined Minimum Variance,combined,minimum_variance,Minimum Variance,Comm,0.2521324220487975,25.213242204879748
2023-08-01,combined_minimum_variance,Combined Minimum Variance,combined,minimum_variance,Minimum Variance,Consumer,0.2,20.0
2023-08-01,combined_minimum_variance,Combined Minimum Variance,combined,minimum_variance,Minimum Variance,Crypto,0.0327983759119174,3.27983759119174
2023-08-01,combined_minimum_variance,Combined Minimum Variance,combined,minimum_variance,Minimum Variance,Energy,0.0527478710791621,5.27478710791621
2023-08-01,combined_minimum_variance,Combined Minimum Variance,combined,minimum_variance,Minimum Variance,Financials,0.0461296900477903,4.61296900477903
2023-08-01,combined_minimum_variance,Combined Minimum Variance,combined,minimum_variance,Minimum Variance,Healthcare,0.2833334228632557,28.333342286325568
2023-08-01,combined_minimum_variance,Combined Minimum Variance,combined,minimum_variance,Minimum Variance,Industrials,0.0091362509902609,0.9136250990260899
2023-08-01,combined_minimum_variance,Combined Minimum Variance,combined,minimum_variance,Minimum Variance,Materials,0.0,0.0
2023-08-01,combined_minimum_variance,Combined Minimum Variance,combined,minimum_variance,Minimum Variance,RealEstate,0.1163704518832319,11.63704518832319
2023-08-01,combined_minimum_variance,Combined Minimum Variance,combined,minimum_variance,Minimum Variance,Tech,0.0,0.0
2023-08-01,combined_minimum_variance,Combined Minimum Variance,combined,minimum_variance,Minimum Variance,Utilities,0.0073515151755835,0.7351515175583501
2023-09-01,combined_minimum_variance,Combined Minimum Variance,combined,minimum_variance,Minimum Variance,Comm,0.24359643492695018,24.359643492695017
2023-09-01,combined_minimum_variance,Combined Minimum Variance,combined,minimum_variance,Minimum Variance,Consumer,0.1999999999999998,19.99999999999998
2023-09-01,combined_minimum_variance,Combined Minimum Variance,combined,minimum_variance,Minimum Variance,Crypto,0.0311156003509977,3.11156003509977
2023-09-01,combined_minimum_variance,Combined Minimum Variance,combined,minimum_variance,Minimum Variance,Energy,0.0405291029532108,4.05291029532108
2023-09-01,combined_minimum_variance,Combined Minimum Variance,combined,minimum_variance,Minimum Variance,Financials,0.0682811421322491,6.82811421322491
2023-09-01,combined_minimum_variance,Combined Minimum Variance,combined,minimum_variance,Minimum Variance,Healthcare,0.2892024112401137,28.92024112401137
2023-09-01,combined_minimum_variance,Combined Minimum Variance,combined,minimum_variance,Minimum Variance,Industrials,0.0093409193786602,0.93409193786602
2023-09-01,combined_minimum_variance,Combined Minimum Variance,combined,minimum_variance,Minimum Variance,Materials,0.0,0.0
2023-09-01,combined_minimum_variance,Combined Minimum Variance,combined,minimum_variance,Minimum Variance,RealEstate,0.1165159352653995,11.65159352653995
2023-09-01,combined_minimum_variance,Combined Minimum Variance,combined,minimum_variance,Minimum Variance,Tech,0.0,0.0
2023-09-01,combined_minimum_variance,Combined Minimum Variance,combined,minimum_variance,Minimum Variance,Utilities,0.0014184537524179,0.14184537524179
2023-10-02,combined_minimum_variance,Combined Minimum Variance,combined,minimum_variance,Minimum Variance,Comm,0.24332224610772313,24.332224610772315
2023-10-02,combined_minimum_variance,Combined Minimum Variance,combined,minimum_variance,Minimum Variance,Consumer,0.2,20.0
2023-10-02,combined_minimum_variance,Combined Minimum Variance,combined,minimum_variance,Minimum Variance,Crypto,0.0326773758281978,3.2677375828197794
2023-10-02,combined_minimum_variance,Combined Minimum Variance,combined,minimum_variance,Minimum Variance,Energy,0.0517296133355458,5.17296133355458
2023-10-02,combined_minimum_variance,Combined Minimum Variance,combined,minimum_variance,Minimum Variance,Financials,0.0724030906558209,7.24030906558209
2023-10-02,combined_minimum_variance,Combined Minimum Variance,combined,minimum_variance,Minimum Variance,Healthcare,0.2796715375281823,27.96715375281823
2023-10-02,combined_minimum_variance,Combined Minimum Variance,combined,minimum_variance,Minimum Variance,Industrials,0.0136005590428249,1.36005590428249
2023-10-02,combined_minimum_variance,Combined Minimum Variance,combined,minimum_variance,Minimum Variance,Materials,0.0,0.0
2023-10-02,combined_minimum_variance,Combined Minimum Variance,combined,minimum_variance,Minimum Variance,RealEstate,0.1065955775017047,10.659557750170471
2023-10-02,combined_minimum_variance,Combined Minimum Variance,combined,minimum_variance,Minimum Variance,Tech,0.0,0.0
2023-10-02,combined_minimum_variance,Combined Minimum Variance,combined,minimum_variance,Minimum Variance,Utilities,0.0,0.0
2023-11-01,combined_minimum_variance,Combined Minimum Variance,combined,minimum_variance,Minimum Variance,Comm,0.2195938986112805,21.959389861128052
2023-11-01,combined_minimum_variance,Combined Minimum Variance,combined,minimum_variance,Minimum Variance,Consumer,0.2,20.0
2023-11-01,combined_minimum_variance,Combined Minimum Variance,combined,minimum_variance,Minimum Variance,Crypto,0.0119927956477208,1.19927956477208
2023-11-01,combined_minimum_variance,Combined Minimum Variance,combined,minimum_variance,Minimum Variance,Energy,0.0559156680942134,5.59156680942134
2023-11-01,combined_minimum_variance,Combined Minimum Variance,combined,minimum_variance,Minimum Variance,Financials,0.0662604745237825,6.62604745237825
2023-11-01,combined_minimum_variance,Combined Minimum Variance,combined,minimum_variance,Minimum Variance,Healthcare,0.2762857401582056,27.62857401582056
2023-11-01,combined_minimum_variance,Combined Minimum Variance,combined,minimum_variance,Minimum Variance,Industrials,0.0197584640823683,1.9758464082368299
2023-11-01,combined_minimum_variance,Combined Minimum Variance,combined,minimum_variance,Minimum Variance,Materials,0.0133829938116024,1.33829938116024
2023-11-01,combined_minimum_variance,Combined Minimum Variance,combined,minimum_variance,Minimum Variance,RealEstate,0.1,10.0
2023-11-01,combined_minimum_variance,Combined Minimum Variance,combined,minimum_variance,Minimum Variance,Tech,0.0056910950867821,0.56910950867821
2023-11-01,combined_minimum_variance,Combined Minimum Variance,combined,minimum_variance,Minimum Variance,Utilities,0.0311188699840435,3.11188699840435
2023-12-01,combined_minimum_variance,Combined Minimum Variance,combined,minimum_variance,Minimum Variance,Comm,0.174028198103577,17.402819810357702
2023-12-01,combined_minimum_variance,Combined Minimum Variance,combined,minimum_variance,Minimum Variance,Consumer,0.2,20.0
2023-12-01,combined_minimum_variance,Combined Minimum Variance,combined,minimum_variance,Minimum Variance,Crypto,0.0318424714180534,3.18424714180534
2023-12-01,combined_minimum_variance,Combined Minimum Variance,combined,minimum_variance,Minimum Variance,Energy,0.057204579358547294,5.720457935854729
2023-12-01,combined_minimum_variance,Combined Minimum Variance,combined,minimum_variance,Minimum Variance,Financials,0.0999999999999999,9.99999999999999
2023-12-01,combined_minimum_variance,Combined Minimum Variance,combined,minimum_variance,Minimum Variance,Healthcare,0.2543760252906621,25.43760252906621
2023-12-01,combined_minimum_variance,Combined Minimum Variance,combined,minimum_variance,Minimum Variance,Industrials,0.0182187920895152,1.82187920895152
2023-12-01,combined_minimum_variance,Combined Minimum Variance,combined,minimum_variance,Minimum Variance,Materials,0.0182485295453112,1.8248529545311198
2023-12-01,combined_minimum_variance,Combined Minimum Variance,combined,minimum_variance,Minimum Variance,RealEstate,0.083212791343519,8.3212791343519
2023-12-01,combined_minimum_variance,Combined Minimum Variance,combined,minimum_variance,Minimum Variance,Tech,0.020897533495244203,2.08975334952442
2023-12-01,combined_minimum_variance,Combined Minimum Variance,combined,minimum_variance,Minimum Variance,Utilities,0.0419710793555696,4.197107935556961
2021-01-04,combined_risk_parity,Combined Risk Parity,combined,risk_parity,Risk Parity,Comm,0.1111395957903427,11.11395957903427
2021-01-04,combined_risk_parity,Combined Risk Parity,combined,risk_parity,Risk Parity,Consumer,0.0996957198135315,9.96957198135315
2021-01-04,combined_risk_parity,Combined Risk Parity,combined,risk_parity,Risk Parity,Crypto,0.1182558584945553,11.82558584945553
2021-01-04,combined_risk_parity,Combined Risk Parity,combined,risk_parity,Risk Parity,Energy,0.057683484300959,5.7683484300959
2021-01-04,combined_risk_parity,Combined Risk Parity,combined,risk_parity,Risk Parity,Financials,0.0649891261607586,6.4989126160758595
2021-01-04,combined_risk_parity,Combined Risk Parity,combined,risk_parity,Risk Parity,Healthcare,0.1235301791851761,12.35301791851761
2021-01-04,combined_risk_parity,Combined Risk Parity,combined,risk_parity,Risk Parity,Industrials,0.0807990998771434,8.07990998771434
2021-01-04,combined_risk_parity,Combined Risk Parity,combined,risk_parity,Risk Parity,Materials,0.0930832079818367,9.30832079818367
2021-01-04,combined_risk_parity,Combined Risk Parity,combined,risk_parity,Risk Parity,RealEstate,0.0871344749044117,8.71344749044117
2021-01-04,combined_risk_parity,Combined Risk Parity,combined,risk_parity,Risk Parity,Tech,0.0737629525602445,7.3762952560244495
2021-01-04,combined_risk_parity,Combined Risk Parity,combined,risk_parity,Risk Parity,Utilities,0.0899263009310376,8.99263009310376
2021-02-01,combined_risk_parity,Combined Risk Parity,combined,risk_parity,Risk Parity,Comm,0.1120804674943387,11.20804674943387
2021-02-01,combined_risk_parity,Combined Risk Parity,combined,risk_parity,Risk Parity,Consumer,0.1001492784260115,10.01492784260115
2021-02-01,combined_risk_parity,Combined Risk Parity,combined,risk_parity,Risk Parity,Crypto,0.11483216334338331,11.48321633433833
2021-02-01,combined_risk_parity,Combined Risk Parity,combined,risk_parity,Risk Parity,Energy,0.0575198802506538,5.75198802506538
2021-02-01,combined_risk_parity,Combined Risk Parity,combined,risk_parity,Risk Parity,Financials,0.064924172203211,6.492417220321101
2021-02-01,combined_risk_parity,Combined Risk Parity,combined,risk_parity,Risk Parity,Healthcare,0.1231921984574821,12.31921984574821
2021-02-01,combined_risk_parity,Combined Risk Parity,combined,risk_parity,Risk Parity,Industrials,0.0816434208701378,8.16434208701378
2021-02-01,combined_risk_parity,Combined Risk Parity,combined,risk_parity,Risk Parity,Materials,0.0921684384816487,9.21684384816487
2021-02-01,combined_risk_parity,Combined Risk Parity,combined,risk_parity,Risk Parity,RealEstate,0.0885363900378358,8.853639003783579
2021-02-01,combined_risk_parity,Combined Risk Parity,combined,risk_parity,Risk Parity,Tech,0.0746206427878932,7.462064278789319
2021-02-01,combined_risk_parity,Combined Risk Parity,combined,risk_parity,Risk Parity,Utilities,0.0903329476474011,9.033294764740111
2021-03-01,combined_risk_parity,Combined Risk Parity,combined,risk_parity,Risk Parity,Comm,0.1126798747260495,11.26798747260495
2021-03-01,combined_risk_parity,Combined Risk Parity,combined,risk_parity,Risk Parity,Consumer,0.1004456039053381,10.04456039053381
2021-03-01,combined_risk_parity,Combined Risk Parity,combined,risk_parity,Risk Parity,Crypto,0.1117396717059268,11.17396717059268
2021-03-01,combined_risk_parity,Combined Risk Parity,combined,risk_parity,Risk Parity,Energy,0.057771188214160496,5.77711882141605
2021-03-01,combined_risk_parity,Combined Risk Parity,combined,risk_parity,Risk Parity,Financials,0.0647899447849701,6.47899447849701
2021-03-01,combined_risk_parity,Combined Risk Parity,combined,risk_parity,Risk Parity,Healthcare,0.12286061525155889,12.286061525155889
2021-03-01,combined_risk_parity,Combined Risk Parity,combined,risk_parity,Risk Parity,Industrials,0.08250691667853641,8.25069166785364
2021-03-01,combined_risk_parity,Combined Risk Parity,combined,risk_parity,Risk Parity,Materials,0.09233081018556599,9.2330810185566
2021-03-01,combined_risk_parity,Combined Risk Parity,combined,risk_parity,Risk Parity,RealEstate,0.0892210421947021,8.92210421947021
2021-03-01,combined_risk_parity,Combined Risk Parity,combined,risk_parity,Risk Parity,Tech,0.075019403825253,7.501940382525301
2021-03-01,combined_risk_parity,Combined Risk Parity,combined,risk_parity,Risk Parity,Utilities,0.0906349285279358,9.06349285279358
2021-04-01,combined_risk_parity,Combined Risk Parity,combined,risk_parity,Risk Parity,Comm,0.1248840613915134,12.488406139151339
2021-04-01,combined_risk_parity,Combined Risk Parity,combined,risk_parity,Risk Parity,Consumer,0.10806547171848749,10.806547171848749
2021-04-01,combined_risk_parity,Combined Risk Parity,combined,risk_parity,Risk Parity,Crypto,0.0921913738000552,9.21913738000552
2021-04-01,combined_risk_parity,Combined Risk Parity,combined,risk_parity,Risk Parity,Energy,0.0513288307915302,5.13288307915302
2021-04-01,combined_risk_parity,Combined Risk Parity,combined,risk_parity,Risk Parity,Financials,0.0640173249706742,6.401732497067419
2021-04-01,combined_risk_parity,Combined Risk Parity,combined,risk_parity,Risk Parity,Healthcare,0.1273606871013667,12.736068710136669
2021-04-01,combined_risk_parity,Combined Risk Parity,combined,risk_parity,Risk Parity,Industrials,0.0757442239578313,7.57442239578313
2021-04-01,combined_risk_parity,Combined Risk Parity,combined,risk_parity,Risk Parity,Materials,0.0808036840211887,8.08036840211887
2021-04-01,combined_risk_parity,Combined Risk Parity,combined,risk_parity,Risk Parity,RealEstate,0.0977752581061622,9.77752581061622
2021-04-01,combined_risk_parity,Combined Risk Parity,combined,risk_parity,Risk Parity,Tech,0.0759797501394213,7.597975013942131
2021-04-01,combined_risk_parity,Combined Risk Parity,combined,risk_parity,Risk Parity,Utilities,0.1018493340017664,10.184933400176641
2021-05-03,combined_risk_parity,Combined Risk Parity,combined,risk_parity,Risk Parity,Comm,0.1155215656732792,11.55215656732792
2021-05-03,combined_risk_parity,Combined Risk Parity,combined,risk_parity,Risk Parity,Consumer,0.1077051018901891,10.77051018901891
2021-05-03,combined_risk_parity,Combined Risk Parity,combined,risk_parity,Risk Parity,Crypto,0.07673475598535,7.673475598535
2021-05-03,combined_risk_parity,Combined Risk Parity,combined,risk_parity,Risk Parity,Energy,0.0480781942513986,4.8078194251398605
2021-05-03,combined_risk_parity,Combined Risk Parity,combined,risk_parity,Risk Parity,Financials,0.0657413886927127,6.574138869271271
2021-05-03,combined_risk_parity,Combined Risk Parity,combined,risk_parity,Risk Parity,Healthcare,0.1326625935839193,13.26625935839193
2021-05-03,combined_risk_parity,Combined Risk Parity,combined,risk_parity,Risk Parity,Industrials,0.07198469338061389,7.198469338061389
2021-05-03,combined_risk_parity,Combined Risk Parity,combined,risk_parity,Risk Parity,Materials,0.0818029186227254,8.18029186227254
2021-05-03,combined_risk_parity,Combined Risk Parity,combined,risk_parity,Risk Parity,RealEstate,0.1009989882497267,10.09989882497267
2021-05-03,combined_risk_parity,Combined Risk Parity,combined,risk_parity,Risk Parity,Tech,0.074643634545248,7.4643634545248
2021-05-03,combined_risk_parity,Combined Risk Parity,combined,risk_parity,Risk Parity,Utilities,0.1241261651248341,12.41261651248341
2021-06-01,combined_risk_parity,Combined Risk Parity,combined,risk_parity,Risk Parity,Comm,0.11811457988592569,11.811457988592569
2021-06-01,combined_risk_parity,Combined Risk Parity,combined,risk_parity,Risk Parity,Consumer,0.1050284415789198,10.50284415789198
2021-06-01,combined_risk_parity,Combined Risk Parity,combined,risk_parity,Risk Parity,Crypto,0.0564036885846926,5.64036885846926
2021-06-01,combined_risk_parity,Combined Risk Parity,combined,risk_parity,Risk Parity,Energy,0.049771178404651,4.9771178404651
2021-06-01,combined_risk_parity,Combined Risk Parity,combined,risk_parity,Risk Parity,Financials,0.06979485976918601,6.979485976918601
2021-06-01,combined_risk_parity,Combined Risk Parity,combined,risk_parity,Risk Parity,Healthcare,0.1267389776459896,12.67389776459896
2021-06-01,combined_risk_parity,Combined Risk Parity,combined,risk_parity,Risk Parity,Industrials,0.0775305726095664,7.75305726095664
2021-06-01,combined_risk_parity,Combined Risk Parity,combined,risk_parity,Risk Parity,Materials,0.078453922042567,7.8453922042567
2021-06-01,combined_risk_parity,Combined Risk Parity,combined,risk_parity,Risk Parity,RealEstate,0.1114983459776705,11.14983459776705
2021-06-01,combined_risk_parity,Combined Risk Parity,combined,risk_parity,Risk Parity,Tech,0.0737613479557888,7.37613479557888
2021-06-01,combined_risk_parity,Combined Risk Parity,combined,risk_parity,Risk Parity,Utilities,0.1329040855450399,13.29040855450399
2021-07-01,combined_risk_parity,Combined Risk Parity,combined,risk_parity,Risk Parity,Comm,0.1120828819850887,11.20828819850887
2021-07-01,combined_risk_parity,Combined Risk Parity,combined,risk_parity,Risk Parity,Consumer,0.1041467386149129,10.41467386149129
2021-07-01,combined_risk_parity,Combined Risk Parity,combined,risk_parity,Risk Parity,Crypto,0.0490784765407314,4.90784765407314
2021-07-01,combined_risk_parity,Combined Risk Parity,combined,risk_parity,Risk Parity,Energy,0.0524896540710235,5.24896540710235
2021-07-01,combined_risk_parity,Combined Risk Parity,combined,risk_parity,Risk Parity,Financials,0.0727678992971788,7.27678992971788
2021-07-01,combined_risk_parity,Combined Risk Parity,combined,risk_parity,Risk Parity,Healthcare,0.1232204049019467,12.32204049019467
2021-07-01,combined_risk_parity,Combined Risk Parity,combined,risk_parity,Risk Parity,Industrials,0.0851964078428586,8.51964078428586
2021-07-01,combined_risk_parity,Combined Risk Parity,combined,risk_parity,Risk Parity,Materials,0.0755704353910439,7.55704353910439
2021-07-01,combined_risk_parity,Combined Risk Parity,combined,risk_parity,Risk Parity,RealEstate,0.1251514322664376,12.51514322664376
2021-07-01,combined_risk_parity,Combined Risk Parity,combined,risk_parity,Risk Parity,Tech,0.0722671808451205,7.22671808451205
2021-07-01,combined_risk_parity,Combined Risk Parity,combined,risk_parity,Risk Parity,Utilities,0.1280284882436544,12.802848824365439
2021-08-02,combined_risk_parity,Combined Risk Parity,combined,risk_parity,Risk Parity,Comm,0.1121191636016351,11.21191636016351
2021-08-02,combined_risk_parity,Combined Risk Parity,combined,risk_parity,Risk Parity,Consumer,0.1036175994657384,10.361759946573839
2021-08-02,combined_risk_parity,Combined Risk Parity,combined,risk_parity,Risk Parity,Crypto,0.0479178340912826,4.79178340912826
2021-08-02,combined_risk_parity,Combined Risk Parity,combined,risk_parity,Risk Parity,Energy,0.0528729502063182,5.28729502063182
2021-08-02,combined_risk_parity,Combined Risk Parity,combined,risk_parity,Risk Parity,Financials,0.0710855809206231,7.10855809206231
2021-08-02,combined_risk_parity,Combined Risk Parity,combined,risk_parity,Risk Parity,Healthcare,0.1239804304504275,12.398043045042751
2021-08-02,combined_risk_parity,Combined Risk Parity,combined,risk_parity,Risk Parity,Industrials,0.084657844048718,8.4657844048718
2021-08-02,combined_risk_parity,Combined Risk Parity,combined,risk_parity,Risk Parity,Materials,0.0761401131812291,7.61401131812291
2021-08-02,combined_risk_parity,Combined Risk Parity,combined,risk_parity,Risk Parity,RealEstate,0.1280648335908429,12.80648335908429
2021-08-02,combined_risk_parity,Combined Risk Parity,combined,risk_parity,Risk Parity,Tech,0.0711820623524292,7.11820623524292
2021-08-02,combined_risk_parity,Combined Risk Parity,combined,risk_parity,Risk Parity,Utilities,0.128361588090753,12.836158809075298
2021-09-01,combined_risk_parity,Combined Risk Parity,combined,risk_parity,Risk Parity,Comm,0.11338003128553631,11.33800312855363
2021-09-01,combined_risk_parity,Combined Risk Parity,combined,risk_parity,Risk Parity,Consumer,0.1030148984182502,10.30148984182502
2021-09-01,combined_risk_parity,Combined Risk Parity,combined,risk_parity,Risk Parity,Crypto,0.046917330355457004,4.691733035545701
2021-09-01,combined_risk_parity,Combined Risk Parity,combined,risk_parity,Risk Parity,Energy,0.0527916833965993,5.27916833965993
2021-09-01,combined_risk_parity,Combined Risk Parity,combined,risk_parity,Risk Parity,Financials,0.0688746849100873,6.887468491008731
2021-09-01,combined_risk_parity,Combined Risk Parity,combined,risk_parity,Risk Parity,Healthcare,0.120892844303282,12.089284430328199
2021-09-01,combined_risk_parity,Combined Risk Parity,combined,risk_parity,Risk Parity,Industrials,0.0839941100247988,8.39941100247988
2021-09-01,combined_risk_parity,Combined Risk Parity,combined,risk_parity,Risk Parity,Materials,0.0761758708079607,7.617587080796071
2021-09-01,combined_risk_parity,Combined Risk Parity,combined,risk_parity,Risk Parity,RealEstate,0.1323740258512072,13.23740258512072
2021-09-01,combined_risk_parity,Combined Risk Parity,combined,risk_parity,Risk Parity,Tech,0.0706035105255829,7.060351052558291
2021-09-01,combined_risk_parity,Combined Risk Parity,combined,risk_parity,Risk Parity,Utilities,0.13098101012123559,13.098101012123559
2021-10-01,combined_risk_parity,Combined Risk Parity,combined,risk_parity,Risk Parity,Comm,0.11446938488043519,11.44693848804352
2021-10-01,combined_risk_parity,Combined Risk Parity,combined,risk_parity,Risk Parity,Consumer,0.09844898084447459,9.84489808444746
2021-10-01,combined_risk_parity,Combined Risk Parity,combined,risk_parity,Risk Parity,Crypto,0.0411666613330786,4.11666613330786
2021-10-01,combined_risk_parity,Combined Risk Parity,combined,risk_parity,Risk Parity,Energy,0.050946427754165996,5.0946427754166
2021-10-01,combined_risk_parity,Combined Risk Parity,combined,risk_parity,Risk Parity,Financials,0.068656093993452,6.8656093993452005
2021-10-01,combined_risk_parity,Combined Risk Parity,combined,risk_parity,Risk Parity,Healthcare,0.123783609449031,12.3783609449031
2021-10-01,combined_risk_parity,Combined Risk Parity,combined,risk_parity,Risk Parity,Industrials,0.0845282373178093,8.45282373178093
2021-10-01,combined_risk_parity,Combined Risk Parity,combined,risk_parity,Risk Parity,Materials,0.07790243818046261,7.79024381804626
2021-10-01,combined_risk_parity,Combined Risk Parity,combined,risk_parity,Risk Parity,RealEstate,0.1396061751636721,13.96061751636721
2021-10-01,combined_risk_parity,Combined Risk Parity,combined,risk_parity,Risk Parity,Tech,0.0744699735364861,7.4469973536486105
2021-10-01,combined_risk_parity,Combined Risk Parity,combined,risk_parity,Risk Parity,Utilities,0.1260220175469296,12.60220175469296
2021-11-01,combined_risk_parity,Combined Risk Parity,combined,risk_parity,Risk Parity,Comm,0.1130270202783235,11.30270202783235
2021-11-01,combined_risk_parity,Combined Risk Parity,combined,risk_parity,Risk Parity,Consumer,0.1012990009077491,10.12990009077491
2021-11-01,combined_risk_parity,Combined Risk Parity,combined,risk_parity,Risk Parity,Crypto,0.038000458330205,3.8000458330205005
2021-11-01,combined_risk_parity,Combined Risk Parity,combined,risk_parity,Risk Parity,Energy,0.05226514304745,5.226514304745001
2021-11-01,combined_risk_parity,Combined Risk Parity,combined,risk_parity,Risk Parity,Financials,0.0696421338705331,6.96421338705331
2021-11-01,combined_risk_parity,Combined Risk Parity,combined,risk_parity,Risk Parity,Healthcare,0.1249728174595195,12.49728174595195
2021-11-01,combined_risk_parity,Combined Risk Parity,combined,risk_parity,Risk Parity,Industrials,0.0860420144906983,8.60420144906983
2021-11-01,combined_risk_parity,Combined Risk Parity,combined,risk_parity,Risk Parity,Materials,0.0769540338291615,7.695403382916149
2021-11-01,combined_risk_parity,Combined Risk Parity,combined,risk_parity,Risk Parity,RealEstate,0.1367148792675956,13.671487926759559
2021-11-01,combined_risk_parity,Combined Risk Parity,combined,risk_parity,Risk Parity,Tech,0.07714986360584511,7.714986360584511
2021-11-01,combined_risk_parity,Combined Risk Parity,combined,risk_parity,Risk Parity,Utilities,0.1239326349129163,12.39326349129163
2021-12-01,combined_risk_parity,Combined Risk Parity,combined,risk_parity,Risk Parity,Comm,0.1098775299890778,10.98775299890778
2021-12-01,combined_risk_parity,Combined Risk Parity,combined,risk_parity,Risk Parity,Consumer,0.1042213895673845,10.42213895673845
2021-12-01,combined_risk_parity,Combined Risk Parity,combined,risk_parity,Risk Parity,Crypto,0.036651224398258,3.6651224398258
2021-12-01,combined_risk_parity,Combined Risk Parity,combined,risk_parity,Risk Parity,Energy,0.0588157513562437,5.88157513562437
2021-12-01,combined_risk_parity,Combined Risk Parity,combined,risk_parity,Risk Parity,Financials,0.0733397696574778,7.333976965747779
2021-12-01,combined_risk_parity,Combined Risk Parity,combined,risk_parity,Risk Parity,Healthcare,0.123645625907817,12.3645625907817
2021-12-01,combined_risk_parity,Combined Risk Parity,combined,risk_parity,Risk Parity,Industrials,0.0888164754033881,8.881647540338811
2021-12-01,combined_risk_parity,Combined Risk Parity,combined,risk_parity,Risk Parity,Materials,0.076407307348418,7.640730734841799
2021-12-01,combined_risk_parity,Combined Risk Parity,combined,risk_parity,Risk Parity,RealEstate,0.1266428993132211,12.66428993132211
2021-12-01,combined_risk_parity,Combined Risk Parity,combined,risk_parity,Risk Parity,Tech,0.07324861139783839,7.324861139783839
2021-12-01,combined_risk_parity,Combined Risk Parity,combined,risk_parity,Risk Parity,Utilities,0.1283334156608725,12.83334156608725
2022-01-03,combined_risk_parity,Combined Risk Parity,combined,risk_parity,Risk Parity,Comm,0.1068029310334292,10.680293103342919
2022-01-03,combined_risk_parity,Combined Risk Parity,combined,risk_parity,Risk Parity,Consumer,0.1039995878633374,10.399958786333741
2022-01-03,combined_risk_parity,Combined Risk Parity,combined,risk_parity,Risk Parity,Crypto,0.0380543469460433,3.80543469460433
2022-01-03,combined_risk_parity,Combined Risk Parity,combined,risk_parity,Risk Parity,Energy,0.0595938619795854,5.95938619795854
2022-01-03,combined_risk_parity,Combined Risk Parity,combined,risk_parity,Risk Parity,Financials,0.0705737529934487,7.05737529934487
2022-01-03,combined_risk_parity,Combined Risk Parity,combined,risk_parity,Risk Parity,Healthcare,0.1294212342191891,12.942123421918911
2022-01-03,combined_risk_parity,Combined Risk Parity,combined,risk_parity,Risk Parity,Industrials,0.08628022755012921,8.628022755012921
2022-01-03,combined_risk_parity,Combined Risk Parity,combined,risk_parity,Risk Parity,Materials,0.0784825617654106,7.84825617654106
2022-01-03,combined_risk_parity,Combined Risk Parity,combined,risk_parity,Risk Parity,RealEstate,0.12491654305716901,12.491654305716901
2022-01-03,combined_risk_parity,Combined Risk Parity,combined,risk_parity,Risk Parity,Tech,0.0695748620915167,6.95748620915167
2022-01-03,combined_risk_parity,Combined Risk Parity,combined,risk_parity,Risk Parity,Utilities,0.1323000905007382,13.230009050073821
2022-02-01,combined_risk_parity,Combined Risk Parity,combined,risk_parity,Risk Parity,Comm,0.1037222594522256,10.37222594522256
2022-02-01,combined_risk_parity,Combined Risk Parity,combined,risk_parity,Risk Parity,Consumer,0.1044455231722092,10.44455231722092
2022-02-01,combined_risk_parity,Combined Risk Parity,combined,risk_parity,Risk Parity,Crypto,0.0389132708872672,3.8913270887267197
2022-02-01,combined_risk_parity,Combined Risk Parity,combined,risk_parity,Risk Parity,Energy,0.0643548700478416,6.43548700478416
2022-02-01,combined_risk_parity,Combined Risk Parity,combined,risk_parity,Risk Parity,Financials,0.0717904410295983,7.17904410295983
2022-02-01,combined_risk_parity,Combined Risk Parity,combined,risk_parity,Risk Parity,Healthcare,0.1361673719544798,13.616737195447982
2022-02-01,combined_risk_parity,Combined Risk Parity,combined,risk_parity,Risk Parity,Industrials,0.080908066643822,8.0908066643822
2022-02-01,combined_risk_parity,Combined Risk Parity,combined,risk_parity,Risk Parity,Materials,0.0795559550114599,7.95559550114599
2022-02-01,combined_risk_parity,Combined Risk Parity,combined,risk_parity,Risk Parity,RealEstate,0.1154832955454441,11.548329554544411
2022-02-01,combined_risk_parity,Combined Risk Parity,combined,risk_parity,Risk Parity,Tech,0.0651527437933983,6.5152743793398304
2022-02-01,combined_risk_parity,Combined Risk Parity,combined,risk_parity,Risk Parity,Utilities,0.1395062024622511,13.95062024622511
2022-03-01,combined_risk_parity,Combined Risk Parity,combined,risk_parity,Risk Parity,Comm,0.10621643181283161,10.621643181283162
2022-03-01,combined_risk_parity,Combined Risk Parity,combined,risk_parity,Risk Parity,Consumer,0.112403198109376,11.240319810937601
2022-03-01,combined_risk_parity,Combined Risk Parity,combined,risk_parity,Risk Parity,Crypto,0.0412902933787766,4.12902933787766
2022-03-01,combined_risk_parity,Combined Risk Parity,combined,risk_parity,Risk Parity,Energy,0.069208282273307,6.9208282273307
2022-03-01,combined_risk_parity,Combined Risk Parity,combined,risk_parity,Risk Parity,Financials,0.0732075283978363,7.32075283978363
2022-03-01,combined_risk_parity,Combined Risk Parity,combined,risk_parity,Risk Parity,Healthcare,0.1346328355652601,13.46328355652601
2022-03-01,combined_risk_parity,Combined Risk Parity,combined,risk_parity,Risk Parity,Industrials,0.0774870000064503,7.74870000064503
2022-03-01,combined_risk_parity,Combined Risk Parity,combined,risk_parity,Risk Parity,Materials,0.0818805239430185,8.188052394301849
2022-03-01,combined_risk_parity,Combined Risk Parity,combined,risk_parity,Risk Parity,RealEstate,0.1072113297024911,10.72113297024911
2022-03-01,combined_risk_parity,Combined Risk Parity,combined,risk_parity,Risk Parity,Tech,0.061083712581161,6.1083712581161
2022-03-01,combined_risk_parity,Combined Risk Parity,combined,risk_parity,Risk Parity,Utilities,0.1353788642294885,13.53788642294885
2022-04-01,combined_risk_parity,Combined Risk Parity,combined,risk_parity,Risk Parity,Comm,0.1028822828451543,10.28822828451543
2022-04-01,combined_risk_parity,Combined Risk Parity,combined,risk_parity,Risk Parity,Consumer,0.10702046999228809,10.70204699922881
2022-04-01,combined_risk_parity,Combined Risk Parity,combined,risk_parity,Risk Parity,Crypto,0.0420784924150151,4.20784924150151
2022-04-01,combined_risk_parity,Combined Risk Parity,combined,risk_parity,Risk Parity,Energy,0.0766078331699751,7.66078331699751
2022-04-01,combined_risk_parity,Combined Risk Parity,combined,risk_parity,Risk Parity,Financials,0.0656000455512824,6.56000455512824
2022-04-01,combined_risk_parity,Combined Risk Parity,combined,risk_parity,Risk Parity,Healthcare,0.1362867416191128,13.628674161911281
2022-04-01,combined_risk_parity,Combined Risk Parity,combined,risk_parity,Risk Parity,Industrials,0.0743508832912831,7.43508832912831
2022-04-01,combined_risk_parity,Combined Risk Parity,combined,risk_parity,Risk Parity,Materials,0.0871468719746922,8.714687197469221
2022-04-01,combined_risk_parity,Combined Risk Parity,combined,risk_parity,Risk Parity,RealEstate,0.1069883865087019,10.69883865087019
2022-04-01,combined_risk_parity,Combined Risk Parity,combined,risk_parity,Risk Parity,Tech,0.0587543995878295,5.87543995878295
2022-04-01,combined_risk_parity,Combined Risk Parity,combined,risk_parity,Risk Parity,Utilities,0.1422835930446625,14.22835930446625
2022-05-02,combined_risk_parity,Combined Risk Parity,combined,risk_parity,Risk Parity,Comm,0.1045415709358939,10.45415709358939
2022-05-02,combined_risk_parity,Combined Risk Parity,combined,risk_parity,Risk Parity,Consumer,0.10551953090474,10.551953090474
2022-05-02,combined_risk_parity,Combined Risk Parity,combined,risk_parity,Risk Parity,Crypto,0.0464461352676079,4.64461352676079
2022-05-02,combined_risk_parity,Combined Risk Parity,combined,risk_parity,Risk Parity,Energy,0.0751168423068394,7.51168423068394
2022-05-02,combined_risk_parity,Combined Risk Parity,combined,risk_parity,Risk Parity,Financials,0.0669816731689739,6.69816731689739
2022-05-02,combined_risk_parity,Combined Risk Parity,combined,risk_parity,Risk Parity,Healthcare,0.1329212967401765,13.29212967401765
2022-05-02,combined_risk_parity,Combined Risk Parity,combined,risk_parity,Risk Parity,Industrials,0.0753299181479683,7.53299181479683
2022-05-02,combined_risk_parity,Combined Risk Parity,combined,risk_parity,Risk Parity,Materials,0.0935940024237144,9.359400242371441
2022-05-02,combined_risk_parity,Combined Risk Parity,combined,risk_parity,Risk Parity,RealEstate,0.10134557760484,10.134557760484
2022-05-02,combined_risk_parity,Combined Risk Parity,combined,risk_parity,Risk Parity,Tech,0.0578094171437558,5.78094171437558
2022-05-02,combined_risk_parity,Combined Risk Parity,combined,risk_parity,Risk Parity,Utilities,0.1403940353554866,14.039403535548661
2022-06-01,combined_risk_parity,Combined Risk Parity,combined,risk_parity,Risk Parity,Comm,0.1012930835474882,10.12930835474882
2022-06-01,combined_risk_parity,Combined Risk Parity,combined,risk_parity,Risk Parity,Consumer,0.10008696053848651,10.00869605384865
2022-06-01,combined_risk_parity,Combined Risk Parity,combined,risk_parity,Risk Parity,Crypto,0.0573515393593087,5.73515393593087
2022-06-01,combined_risk_parity,Combined Risk Parity,combined,risk_parity,Risk Parity,Energy,0.0696039235469489,6.96039235469489
2022-06-01,combined_risk_parity,Combined Risk Parity,combined,risk_parity,Risk Parity,Financials,0.0673427259902946,6.7342725990294605
2022-06-01,combined_risk_parity,Combined Risk Parity,combined,risk_parity,Risk Parity,Healthcare,0.1431784785369368,14.31784785369368
2022-06-01,combined_risk_parity,Combined Risk Parity,combined,risk_parity,Risk Parity,Industrials,0.0735164320604222,7.35164320604222
2022-06-01,combined_risk_parity,Combined Risk Parity,combined,risk_parity,Risk Parity,Materials,0.0942045284498106,9.42045284498106
2022-06-01,combined_risk_parity,Combined Risk Parity,combined,risk_parity,Risk Parity,RealEstate,0.0944477202299871,9.444772022998709
2022-06-01,combined_risk_parity,Combined Risk Parity,combined,risk_parity,Risk Parity,Tech,0.053720883947452495,5.37208839474525
2022-06-01,combined_risk_parity,Combined Risk Parity,combined,risk_parity,Risk Parity,Utilities,0.1452537237928608,14.52537237928608
2022-07-01,combined_risk_parity,Combined Risk Parity,combined,risk_parity,Risk Parity,Comm,0.1001910141570737,10.01910141570737
2022-07-01,combined_risk_parity,Combined Risk Parity,combined,risk_parity,Risk Parity,Consumer,0.104440642492241,10.4440642492241
2022-07-01,combined_risk_parity,Combined Risk Parity,combined,risk_parity,Risk Parity,Crypto,0.0592664010047505,5.92664010047505
2022-07-01,combined_risk_parity,Combined Risk Parity,combined,risk_parity,Risk Parity,Energy,0.07165023533043141,7.165023533043141
2022-07-01,combined_risk_parity,Combined Risk Parity,combined,risk_parity,Risk Parity,Financials,0.0685958995393102,6.859589953931019
2022-07-01,combined_risk_parity,Combined Risk Parity,combined,risk_parity,Risk Parity,Healthcare,0.1425480295598554,14.254802955985541
2022-07-01,combined_risk_parity,Combined Risk Parity,combined,risk_parity,Risk Parity,Industrials,0.0760680755912567,7.606807559125669
2022-07-01,combined_risk_parity,Combined Risk Parity,combined,risk_parity,Risk Parity,Materials,0.09368834213341379,9.368834213341378
2022-07-01,combined_risk_parity,Combined Risk Parity,combined,risk_parity,Risk Parity,RealEstate,0.0911518863495825,9.115188634958251
2022-07-01,combined_risk_parity,Combined Risk Parity,combined,risk_parity,Risk Parity,Tech,0.052962340527213006,5.2962340527213
2022-07-01,combined_risk_parity,Combined Risk Parity,combined,risk_parity,Risk Parity,Utilities,0.1394371333148691,13.94371333148691
2022-08-01,combined_risk_parity,Combined Risk Parity,combined,risk_parity,Risk Parity,Comm,0.1012415023807415,10.12415023807415
2022-08-01,combined_risk_parity,Combined Risk Parity,combined,risk_parity,Risk Parity,Consumer,0.1013770256574495,10.137702565744949
2022-08-01,combined_risk_parity,Combined Risk Parity,combined,risk_parity,Risk Parity,Crypto,0.0596588185967573,5.96588185967573
2022-08-01,combined_risk_parity,Combined Risk Parity,combined,risk_parity,Risk Parity,Energy,0.0719439242721068,7.19439242721068
2022-08-01,combined_risk_parity,Combined Risk Parity,combined,risk_parity,Risk Parity,Financials,0.06970577521401,6.970577521401
2022-08-01,combined_risk_parity,Combined Risk Parity,combined,risk_parity,Risk Parity,Healthcare,0.1451297992278027,14.51297992278027
2022-08-01,combined_risk_parity,Combined Risk Parity,combined,risk_parity,Risk Parity,Industrials,0.0756200078316718,7.56200078316718
2022-08-01,combined_risk_parity,Combined Risk Parity,combined,risk_parity,Risk Parity,Materials,0.095696274348366,9.5696274348366
2022-08-01,combined_risk_parity,Combined Risk Parity,combined,risk_parity,Risk Parity,RealEstate,0.08939669487098839,8.93966948709884
2022-08-01,combined_risk_parity,Combined Risk Parity,combined,risk_parity,Risk Parity,Tech,0.0528966810977826,5.28966810977826
2022-08-01,combined_risk_parity,Combined Risk Parity,combined,risk_parity,Risk Parity,Utilities,0.1373334965023204,13.733349650232041
2022-09-01,combined_risk_parity,Combined Risk Parity,combined,risk_parity,Risk Parity,Comm,0.1023962464454746,10.23962464454746
2022-09-01,combined_risk_parity,Combined Risk Parity,combined,risk_parity,Risk Parity,Consumer,0.0990886518012529,9.90886518012529
2022-09-01,combined_risk_parity,Combined Risk Parity,combined,risk_parity,Risk Parity,Crypto,0.0617718708479773,6.17718708479773
2022-09-01,combined_risk_parity,Combined Risk Parity,combined,risk_parity,Risk Parity,Energy,0.0756433617880521,7.564336178805211
2022-09-01,combined_risk_parity,Combined Risk Parity,combined,risk_parity,Risk Parity,Financials,0.070447612562208,7.0447612562207995
2022-09-01,combined_risk_parity,Combined Risk Parity,combined,risk_parity,Risk Parity,Healthcare,0.1453486903633156,14.53486903633156
2022-09-01,combined_risk_parity,Combined Risk Parity,combined,risk_parity,Risk Parity,Industrials,0.0735714096716268,7.35714096716268
2022-09-01,combined_risk_parity,Combined Risk Parity,combined,risk_parity,Risk Parity,Materials,0.0936531434157839,9.36531434157839
2022-09-01,combined_risk_parity,Combined Risk Parity,combined,risk_parity,Risk Parity,RealEstate,0.0892103336864933,8.92103336864933
2022-09-01,combined_risk_parity,Combined Risk Parity,combined,risk_parity,Risk Parity,Tech,0.0516921622625207,5.16921622625207
2022-09-01,combined_risk_parity,Combined Risk Parity,combined,risk_parity,Risk Parity,Utilities,0.1371765171552924,13.71765171552924
2022-10-03,combined_risk_parity,Combined Risk Parity,combined,risk_parity,Risk Parity,Comm,0.0995137501782957,9.95137501782957
2022-10-03,combined_risk_parity,Combined Risk Parity,combined,risk_parity,Risk Parity,Consumer,0.0986646779803029,9.86646779803029
2022-10-03,combined_risk_parity,Combined Risk Parity,combined,risk_parity,Risk Parity,Crypto,0.0696547120215357,6.965471202153569
2022-10-03,combined_risk_parity,Combined Risk Parity,combined,risk_parity,Risk Parity,Energy,0.0783063459014465,7.83063459014465
2022-10-03,combined_risk_parity,Combined Risk Parity,combined,risk_parity,Risk Parity,Financials,0.0724993756287076,7.249937562870761
2022-10-03,combined_risk_parity,Combined Risk Parity,combined,risk_parity,Risk Parity,Healthcare,0.1441798664389652,14.41798664389652
2022-10-03,combined_risk_parity,Combined Risk Parity,combined,risk_parity,Risk Parity,Industrials,0.0746493752321209,7.46493752321209
2022-10-03,combined_risk_parity,Combined Risk Parity,combined,risk_parity,Risk Parity,Materials,0.09231126393345859,9.231126393345859
2022-10-03,combined_risk_parity,Combined Risk Parity,combined,risk_parity,Risk Parity,RealEstate,0.0903497943064275,9.03497943064275
2022-10-03,combined_risk_parity,Combined Risk Parity,combined,risk_parity,Risk Parity,Tech,0.0512519513765572,5.12519513765572
2022-10-03,combined_risk_parity,Combined Risk Parity,combined,risk_parity,Risk Parity,Utilities,0.1286188870021793,12.86188870021793
2022-11-01,combined_risk_parity,Combined Risk Parity,combined,risk_parity,Risk Parity,Comm,0.1001215766918743,10.01215766918743
2022-11-01,combined_risk_parity,Combined Risk Parity,combined,risk_parity,Risk Parity,Consumer,0.0980130435380592,9.80130435380592
2022-11-01,combined_risk_parity,Combined Risk Parity,combined,risk_parity,Risk Parity,Crypto,0.0783239708330625,7.83239708330625
2022-11-01,combined_risk_parity,Combined Risk Parity,combined,risk_parity,Risk Parity,Energy,0.0804744316892943,8.04744316892943
2022-11-01,combined_risk_parity,Combined Risk Parity,combined,risk_parity,Risk Parity,Financials,0.07328947031575,7.328947031575001
2022-11-01,combined_risk_parity,Combined Risk Parity,combined,risk_parity,Risk Parity,Healthcare,0.1452717766663692,14.52717766663692
2022-11-01,combined_risk_parity,Combined Risk Parity,combined,risk_parity,Risk Parity,Industrials,0.0750111660226349,7.501116602263489
2022-11-01,combined_risk_parity,Combined Risk Parity,combined,risk_parity,Risk Parity,Materials,0.0883877239928637,8.83877239928637
2022-11-01,combined_risk_parity,Combined Risk Parity,combined,risk_parity,Risk Parity,RealEstate,0.0904784197486462,9.047841974864621
2022-11-01,combined_risk_parity,Combined Risk Parity,combined,risk_parity,Risk Parity,Tech,0.050924313080265404,5.092431308026541
2022-11-01,combined_risk_parity,Combined Risk Parity,combined,risk_parity,Risk Parity,Utilities,0.1197041074211776,11.97041074211776
2022-12-01,combined_risk_parity,Combined Risk Parity,combined,risk_parity,Risk Parity,Comm,0.1015500414262636,10.15500414262636
2022-12-01,combined_risk_parity,Combined Risk Parity,combined,risk_parity,Risk Parity,Consumer,0.09688293709795631,9.688293709795632
2022-12-01,combined_risk_parity,Combined Risk Parity,combined,risk_parity,Risk Parity,Crypto,0.0756646266508589,7.566462665085889
2022-12-01,combined_risk_parity,Combined Risk Parity,combined,risk_parity,Risk Parity,Energy,0.0832266403915361,8.32266403915361
2022-12-01,combined_risk_parity,Combined Risk Parity,combined,risk_parity,Risk Parity,Financials,0.0743909264901775,7.43909264901775
2022-12-01,combined_risk_parity,Combined Risk Parity,combined,risk_parity,Risk Parity,Healthcare,0.15540398631133562,15.540398631133561
2022-12-01,combined_risk_parity,Combined Risk Parity,combined,risk_parity,Risk Parity,Industrials,0.076029017457836,7.6029017457835995
2022-12-01,combined_risk_parity,Combined Risk Parity,combined,risk_parity,Risk Parity,Materials,0.0819238351947599,8.19238351947599
2022-12-01,combined_risk_parity,Combined Risk Parity,combined,risk_parity,Risk Parity,RealEstate,0.08690978260820889,8.69097826082089
2022-12-01,combined_risk_parity,Combined Risk Parity,combined,risk_parity,Risk Parity,Tech,0.0483193814057429,4.83193814057429
2022-12-01,combined_risk_parity,Combined Risk Parity,combined,risk_parity,Risk Parity,Utilities,0.1196988249653208,11.96988249653208
2023-01-03,combined_risk_parity,Combined Risk Parity,combined,risk_parity,Risk Parity,Comm,0.1021411373347174,10.21411373347174
2023-01-03,combined_risk_parity,Combined Risk Parity,combined,risk_parity,Risk Parity,Consumer,0.09529028615505519,9.529028615505519
2023-01-03,combined_risk_parity,Combined Risk Parity,combined,risk_parity,Risk Parity,Crypto,0.0776842456722512,7.76842456722512
2023-01-03,combined_risk_parity,Combined Risk Parity,combined,risk_parity,Risk Parity,Energy,0.08306277535534701,8.3062775355347
2023-01-03,combined_risk_parity,Combined Risk Parity,combined,risk_parity,Risk Parity,Financials,0.0759719066293217,7.59719066293217
2023-01-03,combined_risk_parity,Combined Risk Parity,combined,risk_parity,Risk Parity,Healthcare,0.1538569770139562,15.385697701395621
2023-01-03,combined_risk_parity,Combined Risk Parity,combined,risk_parity,Risk Parity,Industrials,0.0764655088094517,7.6465508809451705
2023-01-03,combined_risk_parity,Combined Risk Parity,combined,risk_parity,Risk Parity,Materials,0.0809820694202475,8.098206942024749
2023-01-03,combined_risk_parity,Combined Risk Parity,combined,risk_parity,Risk Parity,RealEstate,0.08714913365233451,8.714913365233452
2023-01-03,combined_risk_parity,Combined Risk Parity,combined,risk_parity,Risk Parity,Tech,0.0484762413389932,4.84762413389932
2023-01-03,combined_risk_parity,Combined Risk Parity,combined,risk_parity,Risk Parity,Utilities,0.1189197186183212,11.89197186183212
2023-02-01,combined_risk_parity,Combined Risk Parity,combined,risk_parity,Risk Parity,Comm,0.10381058657389419,10.381058657389419
2023-02-01,combined_risk_parity,Combined Risk Parity,combined,risk_parity,Risk Parity,Consumer,0.0943958745619343,9.43958745619343
2023-02-01,combined_risk_parity,Combined Risk Parity,combined,risk_parity,Risk Parity,Crypto,0.079234518294822,7.9234518294822
2023-02-01,combined_risk_parity,Combined Risk Parity,combined,risk_parity,Risk Parity,Energy,0.084657773238056,8.4657773238056
2023-02-01,combined_risk_parity,Combined Risk Parity,combined,risk_parity,Risk Parity,Financials,0.0770501948718117,7.705019487181169
2023-02-01,combined_risk_parity,Combined Risk Parity,combined,risk_parity,Risk Parity,Healthcare,0.1541337693870039,15.41337693870039
2023-02-01,combined_risk_parity,Combined Risk Parity,combined,risk_parity,Risk Parity,Industrials,0.0750379900859992,7.503799008599921
2023-02-01,combined_risk_parity,Combined Risk Parity,combined,risk_parity,Risk Parity,Materials,0.07903587032204751,7.903587032204751
2023-02-01,combined_risk_parity,Combined Risk Parity,combined,risk_parity,Risk Parity,RealEstate,0.086942105854281,8.6942105854281
2023-02-01,combined_risk_parity,Combined Risk Parity,combined,risk_parity,Risk Parity,Tech,0.0482587419089336,4.8258741908933604
2023-02-01,combined_risk_parity,Combined Risk Parity,combined,risk_parity,Risk Parity,Utilities,0.1174425749012136,11.74425749012136
2023-03-01,combined_risk_parity,Combined Risk Parity,combined,risk_parity,Risk Parity,Comm,0.1030545056860008,10.30545056860008
2023-03-01,combined_risk_parity,Combined Risk Parity,combined,risk_parity,Risk Parity,Consumer,0.0925237542655572,9.25237542655572
2023-03-01,combined_risk_parity,Combined Risk Parity,combined,risk_parity,Risk Parity,Crypto,0.0795518955685454,7.95518955685454
2023-03-01,combined_risk_parity,Combined Risk Parity,combined,risk_parity,Risk Parity,Energy,0.0835833099874302,8.35833099874302
2023-03-01,combined_risk_parity,Combined Risk Parity,combined,risk_parity,Risk Parity,Financials,0.0783822599344877,7.838225993448771
2023-03-01,combined_risk_parity,Combined Risk Parity,combined,risk_parity,Risk Parity,Healthcare,0.1556129725300353,15.56129725300353
2023-03-01,combined_risk_parity,Combined Risk Parity,combined,risk_parity,Risk Parity,Industrials,0.0765560694829241,7.65560694829241
2023-03-01,combined_risk_parity,Combined Risk Parity,combined,risk_parity,Risk Parity,Materials,0.07833150895541191,7.833150895541191
2023-03-01,combined_risk_parity,Combined Risk Parity,combined,risk_parity,Risk Parity,RealEstate,0.0870552516449597,8.70552516449597
2023-03-01,combined_risk_parity,Combined Risk Parity,combined,risk_parity,Risk Parity,Tech,0.0489010610236243,4.89010610236243
2023-03-01,combined_risk_parity,Combined Risk Parity,combined,risk_parity,Risk Parity,Utilities,0.1164474109210205,11.64474109210205
2023-04-03,combined_risk_parity,Combined Risk Parity,combined,risk_parity,Risk Parity,Comm,0.1042513305201442,10.42513305201442
2023-04-03,combined_risk_parity,Combined Risk Parity,combined,risk_parity,Risk Parity,Consumer,0.0949917551881091,9.49917551881091
2023-04-03,combined_risk_parity,Combined Risk Parity,combined,risk_parity,Risk Parity,Crypto,0.0796251845562923,7.9625184556292306
2023-04-03,combined_risk_parity,Combined Risk Parity,combined,risk_parity,Risk Parity,Energy,0.0793120835310759,7.93120835310759
2023-04-03,combined_risk_parity,Combined Risk Parity,combined,risk_parity,Risk Parity,Financials,0.0780232494308246,7.80232494308246
2023-04-03,combined_risk_parity,Combined Risk Parity,combined,risk_parity,Risk Parity,Healthcare,0.15619146638853248,15.619146638853248
2023-04-03,combined_risk_parity,Combined Risk Parity,combined,risk_parity,Risk Parity,Industrials,0.07753234013301591,7.753234013301591
2023-04-03,combined_risk_parity,Combined Risk Parity,combined,risk_parity,Risk Parity,Materials,0.0786940380480503,7.869403804805029
2023-04-03,combined_risk_parity,Combined Risk Parity,combined,risk_parity,Risk Parity,RealEstate,0.0861045395899528,8.610453958995281
2023-04-03,combined_risk_parity,Combined Risk Parity,combined,risk_parity,Risk Parity,Tech,0.0509287869024141,5.09287869024141
2023-04-03,combined_risk_parity,Combined Risk Parity,combined,risk_parity,Risk Parity,Utilities,0.11434522571158509,11.434522571158508
2023-05-01,combined_risk_parity,Combined Risk Parity,combined,risk_parity,Risk Parity,Comm,0.1016794600852288,10.167946008522879
2023-05-01,combined_risk_parity,Combined Risk Parity,combined,risk_parity,Risk Parity,Consumer,0.0963595149254663,9.63595149254663
2023-05-01,combined_risk_parity,Combined Risk Parity,combined,risk_parity,Risk Parity,Crypto,0.0811873157831513,8.118731578315131
2023-05-01,combined_risk_parity,Combined Risk Parity,combined,risk_parity,Risk Parity,Energy,0.0790303388141419,7.90303388141419
2023-05-01,combined_risk_parity,Combined Risk Parity,combined,risk_parity,Risk Parity,Financials,0.0789461142072661,7.89461142072661
2023-05-01,combined_risk_parity,Combined Risk Parity,combined,risk_parity,Risk Parity,Healthcare,0.1570096739311066,15.700967393110659
2023-05-01,combined_risk_parity,Combined Risk Parity,combined,risk_parity,Risk Parity,Industrials,0.0779193688666326,7.79193688666326
2023-05-01,combined_risk_parity,Combined Risk Parity,combined,risk_parity,Risk Parity,Materials,0.0776763310489969,7.767633104899691
2023-05-01,combined_risk_parity,Combined Risk Parity,combined,risk_parity,Risk Parity,RealEstate,0.0857381470047997,8.57381470047997
2023-05-01,combined_risk_parity,Combined Risk Parity,combined,risk_parity,Risk Parity,Tech,0.051539919915248,5.1539919915248
2023-05-01,combined_risk_parity,Combined Risk Parity,combined,risk_parity,Risk Parity,Utilities,0.1129138154179594,11.291381541795941
2023-06-01,combined_risk_parity,Combined Risk Parity,combined,risk_parity,Risk Parity,Comm,0.1047906926577367,10.47906926577367
2023-06-01,combined_risk_parity,Combined Risk Parity,combined,risk_parity,Risk Parity,Consumer,0.0979198634796789,9.79198634796789
2023-06-01,combined_risk_parity,Combined Risk Parity,combined,risk_parity,Risk Parity,Crypto,0.08712696330638581,8.71269633063858
2023-06-01,combined_risk_parity,Combined Risk Parity,combined,risk_parity,Risk Parity,Energy,0.0822147466453056,8.221474664530561
2023-06-01,combined_risk_parity,Combined Risk Parity,combined,risk_parity,Risk Parity,Financials,0.07730428557245189,7.730428557245189
2023-06-01,combined_risk_parity,Combined Risk Parity,combined,risk_parity,Risk Parity,Healthcare,0.150853580550605,15.0853580550605
2023-06-01,combined_risk_parity,Combined Risk Parity,combined,risk_parity,Risk Parity,Industrials,0.07742410109036049,7.742410109036049
2023-06-01,combined_risk_parity,Combined Risk Parity,combined,risk_parity,Risk Parity,Materials,0.0750557665726107,7.50557665726107
2023-06-01,combined_risk_parity,Combined Risk Parity,combined,risk_parity,Risk Parity,RealEstate,0.08651665659009769,8.651665659009769
2023-06-01,combined_risk_parity,Combined Risk Parity,combined,risk_parity,Risk Parity,Tech,0.0530571954719668,5.30571954719668
2023-06-01,combined_risk_parity,Combined Risk Parity,combined,risk_parity,Risk Parity,Utilities,0.1077361480627974,10.77361480627974
2023-07-03,combined_risk_parity,Combined Risk Parity,combined,risk_parity,Risk Parity,Comm,0.1086559921077334,10.86559921077334
2023-07-03,combined_risk_parity,Combined Risk Parity,combined,risk_parity,Risk Parity,Consumer,0.0953928613233603,9.53928613233603
2023-07-03,combined_risk_parity,Combined Risk Parity,combined,risk_parity,Risk Parity,Crypto,0.0901875782319211,9.018757823192109
2023-07-03,combined_risk_parity,Combined Risk Parity,combined,risk_parity,Risk Parity,Energy,0.08098611184325599,8.098611184325598
2023-07-03,combined_risk_parity,Combined Risk Parity,combined,risk_parity,Risk Parity,Financials,0.0769932612170441,7.69932612170441
2023-07-03,combined_risk_parity,Combined Risk Parity,combined,risk_parity,Risk Parity,Healthcare,0.1541173179438799,15.41173179438799
2023-07-03,combined_risk_parity,Combined Risk Parity,combined,risk_parity,Risk Parity,Industrials,0.0747105308876097,7.4710530887609705
2023-07-03,combined_risk_parity,Combined Risk Parity,combined,risk_parity,Risk Parity,Materials,0.0719885030920317,7.19885030920317
2023-07-03,combined_risk_parity,Combined Risk Parity,combined,risk_parity,Risk Parity,RealEstate,0.08673728818439791,8.673728818439791
2023-07-03,combined_risk_parity,Combined Risk Parity,combined,risk_parity,Risk Parity,Tech,0.053417182756265905,5.34171827562659
2023-07-03,combined_risk_parity,Combined Risk Parity,combined,risk_parity,Risk Parity,Utilities,0.1068133724124968,10.68133724124968
2023-08-01,combined_risk_parity,Combined Risk Parity,combined,risk_parity,Risk Parity,Comm,0.1083603669138435,10.83603669138435
2023-08-01,combined_risk_parity,Combined Risk Parity,combined,risk_parity,Risk Parity,Consumer,0.09760978145773319,9.760978145773318
2023-08-01,combined_risk_parity,Combined Risk Parity,combined,risk_parity,Risk Parity,Crypto,0.0885195761028967,8.85195761028967
2023-08-01,combined_risk_parity,Combined Risk Parity,combined,risk_parity,Risk Parity,Energy,0.0825238735223641,8.25238735223641
2023-08-01,combined_risk_parity,Combined Risk Parity,combined,risk_parity,Risk Parity,Financials,0.0781396259657899,7.81396259657899
2023-08-01,combined_risk_parity,Combined Risk Parity,combined,risk_parity,Risk Parity,Healthcare,0.1522077693210332,15.22077693210332
2023-08-01,combined_risk_parity,Combined Risk Parity,combined,risk_parity,Risk Parity,Industrials,0.0754426207965684,7.54426207965684
2023-08-01,combined_risk_parity,Combined Risk Parity,combined,risk_parity,Risk Parity,Materials,0.07187385365230389,7.187385365230389
2023-08-01,combined_risk_parity,Combined Risk Parity,combined,risk_parity,Risk Parity,RealEstate,0.08731159179086889,8.73115917908689
2023-08-01,combined_risk_parity,Combined Risk Parity,combined,risk_parity,Risk Parity,Tech,0.0540295517702426,5.4029551770242605
2023-08-01,combined_risk_parity,Combined Risk Parity,combined,risk_parity,Risk Parity,Utilities,0.10398138870635311,10.39813887063531
2023-09-01,combined_risk_parity,Combined Risk Parity,combined,risk_parity,Risk Parity,Comm,0.10480968236421839,10.48096823642184
2023-09-01,combined_risk_parity,Combined Risk Parity,combined,risk_parity,Risk Parity,Consumer,0.1009984849857691,10.099848498576911
2023-09-01,combined_risk_parity,Combined Risk Parity,combined,risk_parity,Risk Parity,Crypto,0.0884500824489831,8.84500824489831
2023-09-01,combined_risk_parity,Combined Risk Parity,combined,risk_parity,Risk Parity,Energy,0.0816058832312285,8.16058832312285
2023-09-01,combined_risk_parity,Combined Risk Parity,combined,risk_parity,Risk Parity,Financials,0.0791542970226701,7.91542970226701
2023-09-01,combined_risk_parity,Combined Risk Parity,combined,risk_parity,Risk Parity,Healthcare,0.1507380493836765,15.07380493836765
2023-09-01,combined_risk_parity,Combined Risk Parity,combined,risk_parity,Risk Parity,Industrials,0.0772239780718431,7.72239780718431
2023-09-01,combined_risk_parity,Combined Risk Parity,combined,risk_parity,Risk Parity,Materials,0.0735923767115482,7.35923767115482
2023-09-01,combined_risk_parity,Combined Risk Parity,combined,risk_parity,Risk Parity,RealEstate,0.086582788857533,8.6582788857533
2023-09-01,combined_risk_parity,Combined Risk Parity,combined,risk_parity,Risk Parity,Tech,0.0545830187137568,5.45830187137568
2023-09-01,combined_risk_parity,Combined Risk Parity,combined,risk_parity,Risk Parity,Utilities,0.1022613582087702,10.22613582087702
2023-10-02,combined_risk_parity,Combined Risk Parity,combined,risk_parity,Risk Parity,Comm,0.10972817900277661,10.972817900277661
2023-10-02,combined_risk_parity,Combined Risk Parity,combined,risk_parity,Risk Parity,Consumer,0.1016764295670166,10.167642956701659
2023-10-02,combined_risk_parity,Combined Risk Parity,combined,risk_parity,Risk Parity,Crypto,0.0877934195526435,8.77934195526435
2023-10-02,combined_risk_parity,Combined Risk Parity,combined,risk_parity,Risk Parity,Energy,0.0823644320815505,8.23644320815505
2023-10-02,combined_risk_parity,Combined Risk Parity,combined,risk_parity,Risk Parity,Financials,0.0774101987673293,7.7410198767329295
2023-10-02,combined_risk_parity,Combined Risk Parity,combined,risk_parity,Risk Parity,Healthcare,0.1514961891432271,15.14961891432271
2023-10-02,combined_risk_parity,Combined Risk Parity,combined,risk_parity,Risk Parity,Industrials,0.07734750265580531,7.734750265580531
2023-10-02,combined_risk_parity,Combined Risk Parity,combined,risk_parity,Risk Parity,Materials,0.07290736430162201,7.290736430162201
2023-10-02,combined_risk_parity,Combined Risk Parity,combined,risk_parity,Risk Parity,RealEstate,0.08340184331896819,8.340184331896818
2023-10-02,combined_risk_parity,Combined Risk Parity,combined,risk_parity,Risk Parity,Tech,0.0546164241183725,5.46164241183725
2023-10-02,combined_risk_parity,Combined Risk Parity,combined,risk_parity,Risk Parity,Utilities,0.1012580174906853,10.12580174906853
2023-11-01,combined_risk_parity,Combined Risk Parity,combined,risk_parity,Risk Parity,Comm,0.1115452890517523,11.15452890517523
2023-11-01,combined_risk_parity,Combined Risk Parity,combined,risk_parity,Risk Parity,Consumer,0.1024874073666967,10.24874073666967
2023-11-01,combined_risk_parity,Combined Risk Parity,combined,risk_parity,Risk Parity,Crypto,0.0786534816148552,7.865348161485521
2023-11-01,combined_risk_parity,Combined Risk Parity,combined,risk_parity,Risk Parity,Energy,0.0821981864444968,8.219818644449681
2023-11-01,combined_risk_parity,Combined Risk Parity,combined,risk_parity,Risk Parity,Financials,0.0757082818828202,7.57082818828202
2023-11-01,combined_risk_parity,Combined Risk Parity,combined,risk_parity,Risk Parity,Healthcare,0.1596102491255904,15.96102491255904
2023-11-01,combined_risk_parity,Combined Risk Parity,combined,risk_parity,Risk Parity,Industrials,0.0754813710695164,7.54813710695164
2023-11-01,combined_risk_parity,Combined Risk Parity,combined,risk_parity,Risk Parity,Materials,0.0723653106443264,7.23653106443264
2023-11-01,combined_risk_parity,Combined Risk Parity,combined,risk_parity,Risk Parity,RealEstate,0.0808874427383976,8.08874427383976
2023-11-01,combined_risk_parity,Combined Risk Parity,combined,risk_parity,Risk Parity,Tech,0.0555251263479353,5.55251263479353
2023-11-01,combined_risk_parity,Combined Risk Parity,combined,risk_parity,Risk Parity,Utilities,0.1055378537136098,10.55378537136098
2023-12-01,combined_risk_parity,Combined Risk Parity,combined,risk_parity,Risk Parity,Comm,0.1070275475821222,10.70275475821222
2023-12-01,combined_risk_parity,Combined Risk Parity,combined,risk_parity,Risk Parity,Consumer,0.10918578775583279,10.91857877558328
2023-12-01,combined_risk_parity,Combined Risk Parity,combined,risk_parity,Risk Parity,Crypto,0.0908916971793438,9.08916971793438
2023-12-01,combined_risk_parity,Combined Risk Parity,combined,risk_parity,Risk Parity,Energy,0.08370227650054621,8.370227650054622
2023-12-01,combined_risk_parity,Combined Risk Parity,combined,risk_parity,Risk Parity,Financials,0.073016988109795,7.3016988109795
2023-12-01,combined_risk_parity,Combined Risk Parity,combined,risk_parity,Risk Parity,Healthcare,0.14733997522730768,14.733997522730768
2023-12-01,combined_risk_parity,Combined Risk Parity,combined,risk_parity,Risk Parity,Industrials,0.07354260961801329,7.354260961801328
2023-12-01,combined_risk_parity,Combined Risk Parity,combined,risk_parity,Risk Parity,Materials,0.0738496163347341,7.384961633473409
2023-12-01,combined_risk_parity,Combined Risk Parity,combined,risk_parity,Risk Parity,RealEstate,0.07988874150085651,7.988874150085651
2023-12-01,combined_risk_parity,Combined Risk Parity,combined,risk_parity,Risk Parity,Tech,0.0610928799358241,6.10928799358241
2023-12-01,combined_risk_parity,Combined Risk Parity,combined,risk_parity,Risk Parity,Utilities,0.1004618802556216,10.04618802556216
