date,ADA-USD,BCH-USD,BTC-USD,EOS-USD,ETC-USD,ETH-USD,LTC-USD,TRX-USD,XLM-USD,XRP-USD
2020-01-01,,,,,,,,,,
2020-01-02,-0.021130874739584304,-0.04255909697935789,-0.029819292162590716,-0.051923988008735766,-0.05483351281298321,-0.025930970201487602,-0.0522328674979865,-0.02867925313411135,-0.02946029149242746,-0.02400000494985799
2020-01-03,0.0436322232876416,0.13650798527067698,0.05145166344511276,0.07118483634422224,0.07527200376818821,0.053068978168561154,0.06510205027815874,0.043900535325963164,0.025435206239219355,0.029131606757621054
2020-01-04,0.012141634271100932,0.01621179170745557,0.008954866877941559,0.011441947105128802,0.03291016576422057,0.0066903769863495555,0.02147875328222315,0.0064012051806630055,0.022947341009514677,0.004309625937497064
2020-01-05,0.003642051251679268,-0.008504451113499067,8.914790612779555e-05,0.012665714365379221,0.03830400490027852,0.008939204731726713,0.005230057555109635,0.0075438438309574085,-0.019731109580554573,0.006081679571857457
2020-01-06,0.07347140616116543,0.09130296825836703,0.04829126010697582,0.05728237009487391,0.028162827504393917,0.05890493095145177,0.051962773398619655,0.06789986180220464,0.08300443398157231,0.13282904035019572
2020-01-07,-0.00603670558471725,-0.005310438732011091,0.050773846435889336,-0.0010310039893811629,-0.04191777748862058,-0.005267778753292318,0.013275403934662977,-0.01202915651673575,0.014534653792710905,-0.03427832256686114
2020-01-08,-0.016519506616973323,-0.009057350907080597,-0.010268587535248286,-0.02245115661891761,0.028709468546097572,-0.015924443349786155,-0.016603634237381537,-0.021150735788906916,-0.022492866425489755,-0.02286404582644963
2020-01-09,-0.002085896696326528,-0.0076024533803610295,-0.024850855645838776,-0.00921671629982912,0.04809190671456576,-0.016133093484380745,-0.009590352026982885,-0.0004265058808561317,-0.046369874064892236,-0.019743935785550337
2020-01-10,0.014164278955681064,0.131687678793047,0.03648690303834745,0.07392384808679897,0.02363001305211232,0.03586560638444225,0.07765843238279313,0.03918084671481803,-0.0012053589398871578,0.036149492030821406
2020-01-11,-0.0013288155154895787,-0.03710509804505091,-0.015798168776598898,0.006989234830369728,0.045796571311731205,-0.007200886928300676,0.011008975794329245,0.0,0.02467569293434413,-0.0021430956790379208
2020-01-12,0.023489408744604034,0.02898982692734986,0.019279106453440997,0.06794827745890308,-0.0028670346559040993,0.0206176641057616,0.036882498576567,0.02477079707867813,0.016236551970371993,0.01785218905710595
2020-01-13,-0.01920931328536024,-0.0026626946961815223,-0.005895616628883604,-0.025528876140535672,-0.012088149030781592,-0.01129289411687917,-0.026369423298247985,-0.01802888965531735,-0.0040770876570762615,-0.01398677316648056
2020-01-14,0.1269815483949639,0.30928460580585315,0.08393344808628167,0.23159871852441127,0.23884372725592984,0.15065709666300386,0.17582550336497071,0.13695096788583627,0.08297661858181482,0.10380170004033373
2020-01-15,0.02143544217613469,-0.031028622684423857,-0.002350980919464507,-0.01600299795972182,0.17127795031403847,0.0016590582058744197,-0.007274236877677698,0.03373203444289197,0.05130957372786504,-0.007635696651681734
2020-01-16,-0.027307122795645955,-0.039531598177408256,-0.009449813541879348,0.016632017289520462,0.05035389905928622,-0.01106700566380281,-0.007486164926404637,-0.009546433412861766,-0.01900014346607226,-0.018553463525826097
2020-01-17,0.08666135292362065,0.125770584599046,0.02352785247141642,0.023739051116121512,0.13630217606105166,0.038864331269726105,0.06714659685863866,0.031952867971979826,0.11728807629179339,0.044633273359005354
2020-01-18,-0.0028235775475434766,-0.07591952234583954,0.0015422162701026476,-0.026945343010150058,-0.12505415971126577,0.02685165206055795,-0.03380349550308126,0.0028302378167346376,0.018367395806697218,0.018887997031450166
2020-01-19,-0.06403427556017438,-0.0023919737671210806,-0.026452928527155417,-0.05289513883692787,0.021586364809450753,-0.047876120324395366,-0.027065961542659944,-0.061864926683842913,-0.018166904947987228,-0.031654080595972967
2020-01-20,0.04511781888374933,0.016263557474925472,-0.005582491465413786,-0.0013271528347885697,0.01936477251788893,0.0009023502412968121,-0.010336055617354845,0.00036098554320695975,0.03330884922693911,-0.009716226133063222
2020-01-21,0.04823008169519927,-0.0011209073633263733,0.010193531591149663,0.01459846977492485,0.03134481106341003,0.01541788519604359,0.007772602592832634,0.04102009227857084,0.006060231612383005,0.016588348536014097
2020-01-22,-0.007284360617243579,0.011092889206624434,-0.007434180055016837,-0.0034668415750764847,0.043860622623637546,-0.008267668638293424,0.01226141053302765,0.0025999331479584775,-0.04054789340560949,-0.004680276208613776
2020-01-23,-0.050816995170684165,-0.06440464978437477,-0.03160514587505292,-0.02084010646481005,-0.09365092236541583,-0.03188227458323378,-0.06382455617613547,-0.06338961484903749,-0.010870079746429728,-0.0421594614129388
2020-01-24,0.03853785063110893,-0.016459321154220996,0.004629616722148233,0.019054831481178702,0.018870988188166793,0.0007525975197246737,-0.0018025283857721064,0.009721327521730716,-0.032664867264762365,-0.013546899239289756
2020-01-25,-0.03901870004053587,-0.025546269501199648,-0.00918684685986848,-0.030870233684222925,-0.021999996239789543,-0.01083857506306074,-0.015293825240827674,-0.012918205581942344,-0.022058154782843564,-0.011719780321095108
2020-01-26,0.030822193626366845,0.11446466044406378,0.027364554337216074,0.03402143561700077,0.08422579717886958,0.04211930401638453,0.04683483236272412,0.03734799532516209,0.04520066170949599,0.04654142752129009
2020-01-27,0.07471797101408106,0.045105346096971255,0.036407519395889265,0.08591520971124944,0.14011308580225923,0.016979054481661038,0.04537322848410397,0.019697660464980782,0.018319317383759026,0.0023235466529294424
2020-01-28,0.10321002264160328,0.04469830037852307,0.05036808165148732,0.02195815348741581,0.10603524527695019,0.03182234945202822,0.03247862726313033,0.08631455299287993,0.011031905710340073,0.03142434455630272
2020-01-29,0.012429756567430061,0.0070326883433313725,-0.004483577295090302,-0.017825211857798062,0.06846853597766955,-0.007484121137455557,-0.009788457576172305,0.003706878047974982,0.023813120067054383,-0.011564507559954862
2020-01-30,0.04776320034973769,0.03000760772700617,0.02064730312029206,0.09065573538657579,-0.003693763997145383,0.05507065446349446,0.13451079968531476,0.04367610371672637,-0.008616939773559706,0.03356380099513423
2020-01-31,-0.04060998290100393,-0.04474256287086242,-0.016664631518128026,-0.04625953168407937,-0.07930054538495734,-0.02452916937757532,-0.004101751281237576,-0.041899628655485244,0.00566927989427235,-0.018096224112013948
2020-02-01,0.04273796553838016,0.014981263360449582,0.00452869583961979,0.004812628809916175,0.02130355350648072,0.019503637552609865,0.04331972852730348,0.02044752140167594,-0.017610551321662893,0.009288022694975417
2020-02-02,-0.005776218791927912,-0.007192284273522143,-0.0051645279666768795,0.015402534528685008,-0.013252802390544827,0.026915021164291897,-0.00830938060899622,0.003776780775829325,0.04790808346720232,0.0384295112538926
2020-02-03,0.021714938748943036,0.014819144430326059,-0.005441113304621492,-0.004814039908956569,0.03544938534357356,0.006614061907548319,-0.006426235762551746,0.004285076587847492,0.01095206041170016,0.01552636636766569
2020-02-04,-0.0172519663705909,-0.008541023776492351,-0.012111511652417528,0.010425823435465498,-0.030518327470012596,-0.00323635857181348,-0.022706178598336568,0.0022375391140465606,0.03481050862037072,0.04783865941686338
2020-02-05,0.05777193634195066,0.1613457082147296,0.047104093835473426,0.06350873185684991,0.0792118868297702,0.07915243155799523,0.06301453355390585,0.07865630769995491,0.03683761608833658,0.03995379661597398
2020-02-06,0.008880544915941702,0.0017596304486078296,0.012105773319493585,0.015115507996545041,-0.01941409277473738,0.03970440884570903,0.012354059476630486,0.08466500448716752,0.026290198778626372,0.017104639484028406
2020-02-07,0.000552213473335561,-0.0068486848593882765,0.006797836503646293,0.0038165124025211217,-0.03271834372390647,0.04891694034731886,0.013182278529965341,-0.021033962712051046,0.015381318351336715,-0.01038214145791816
2020-02-08,0.0025756777860048707,0.008534098921292754,0.007061676319697785,0.034761427741392126,-0.0025633873220710646,0.0018877716176568526,0.028396455778547214,-0.009473730336833852,-0.010778350303666362,-0.007308016376956883
2020-02-09,0.031112363701786716,0.014221401703661707,0.02549940694219166,0.05152582715587495,0.003196945834194942,0.02434298655714895,0.008173599339982074,0.008328799322655955,0.02777576521896674,0.01880662786014131
2020-02-10,-0.022893096059258933,0.006833749765595698,-0.025706324471686526,-0.01998942681871907,0.011007874704463516,-0.02211870728715548,-0.03576847913723924,0.008849973464450489,-0.026997701728967316,-0.029657561910694685
2020-02-11,0.04692524764692774,0.018482882124777333,0.03567402510806805,0.06910195360486071,0.009166671902647527,0.055155431331365135,0.030433787493906017,0.02028874559832894,0.040731032827875824,0.02211393581475063
2020-02-12,0.0813721473350224,0.03083381873892299,0.011541499979814906,0.020232633563778135,0.024723700655927994,0.12531177329455678,0.06136044496619153,0.05886246254177818,0.08542065153002087,0.08657068340203566
2020-02-13,0.0030421051014239975,-0.0024449720824931687,-0.010814856987217514,-0.0019446856455346273,-0.016407073141359252,0.010147147902660691,-0.010996902255941077,-0.006495950695554309,0.03267113087134654,0.07330326010056654
2020-02-14,0.02914798888317449,0.035509197647835666,0.009568503349817403,0.0038138401790022147,-0.005089013183330993,0.060120481598565645,0.03217427147606733,0.10335725025202591,0.03800134237552877,0.02484192835277277
2020-02-15,-0.09516855487551212,-0.10891690451408043,-0.0409897830477971,-0.11541129434020181,-0.13293151569477601,-0.06857045116097638,-0.07804647503505102,-0.10404562274152074,-0.07634387648341201,-0.08537670846965872
2020-02-16,-0.018931121768334225,-0.049636838231679525,0.004551203932625647,-0.06975744239064507,-0.07245508531261402,-0.018259692118138604,-0.017783283729248645,-0.047570581072489126,-0.05258307041092991,-0.03657965612629954
2020-02-17,-0.04168931030702039,-0.01585819862045268,-0.024590331529186438,-0.01493338653318288,-0.002647392603334686,0.02488976929932618,-0.02529897263055303,-0.03276353394468512,-0.042994728654045855,-0.028681379977449795
2020-02-18,0.04255350831356064,0.023280147476371305,0.0466302236506857,0.055520485074127546,0.022102302938498797,0.05849581534422277,0.05165606989546623,0.038751815131780276,0.038844308157115925,0.03957471488736042
2020-02-19,-0.07910920111068964,-0.08750779288062394,-0.05014884351152826,-0.12609169522731722,-0.09603895257807715,-0.07867008126631714,-0.07657850156801593,-0.0996898122136709,-0.05254414929508855,-0.06817771211794121
2020-02-20,0.010668760851293202,-0.02547705046226756,-0.0025859164113087862,-0.00025119197251355363,0.0025593036563091864,-0.006985241682689214,-0.02124233021912436,-0.022047228504117222,0.006348901660977901,-0.018753428020874763
2020-02-21,0.006522455008456385,0.01856625513283916,0.008114275736580634,0.016653382188488886,0.05971069959813269,0.029661444062387243,0.054952690527629855,0.016455333494740154,0.011016064356671462,0.009331961939555766
2020-02-22,-0.005184150617604688,-0.014665518347804385,-0.002401270461409255,0.011578807564196936,0.009448797723060398,-0.012307540639357906,0.022901815544636994,-0.005594390246781322,-0.03562047133339019,0.003502616908904077
2020-02-23,0.05440893170520478,0.07437114706862924,0.02704430011708836,0.06303374250338512,0.022287462396041402,0.04354190965516169,0.05861029669136686,0.060689071143197326,0.06132013681838844,0.02468280191810046
2020-02-24,-0.04145670902006571,-0.05989745450749051,-0.027642741538078885,-0.056314471342472916,-0.04022296881732168,-0.031187544424001845,-0.050304229398712375,-0.06787144819892577,-0.057912997820317,-0.04274332196208663
2020-02-25,-0.0440298240583753,-0.06250655183129994,-0.031965195740564556,-0.011148004499468733,-0.00897534528351629,-0.06560239946277657,-0.05765991068222598,-0.04058613812650658,-0.058446250042686776,-0.0636114807887247
2020-02-26,-0.12261369656874621,-0.1054680552417151,-0.05579095174048332,-0.1330242652928858,-0.1705276990937703,-0.08932912521133274,-0.14281962074600818,-0.13520176603756318,-0.09218521054320183,-0.08902898426643657
2020-02-27,0.004691320992134207,0.0209747783181915,-0.0040846016176541156,0.016065379246599232,0.0005755981523989373,0.0047550462867866905,0.008089513074309496,0.02797845178318581,0.011938668617204495,0.027138715690038673
2020-02-28,-0.021515584661746523,-0.029874946016043014,-0.012754184897438958,-0.025954324080302515,-0.03216165257941894,3.135827774425337e-05,-0.02835290146200775,0.006966499221423561,-0.02842812873236711,-0.00345820619339976
2020-02-29,-0.022112053263621312,-0.016903171729892197,-0.008411261679117432,0.009682740465684514,-0.004043294395697505,-0.030481443479889903,-0.02042527866158439,-0.0250351921562717,-0.01456131375570413,-0.021595761667182467
2020-03-01,-0.03384449865182437,0.016142751914882014,-0.0043089307085921735,-0.0022604971990105582,0.04793766641469177,-0.003993269846346403,-0.010019505739483181,-0.007817643794666096,-0.020955211191846512,-0.010151723160018333
2020-03-02,0.06577118142526017,0.07497461604577604,0.03587941221856461,0.042808576541525145,0.08222611974074567,0.05297141408109862,0.052433298549766194,0.06036736073032767,0.05251373324995168,0.04326491224700213
2020-03-03,-0.0039221592178998455,-0.022432227061114807,-0.009231886844013548,-0.01220467548885551,0.011497859448306169,-0.026413474337024234,0.0024416469762846837,-0.012803648676287027,-0.01442422099302898,-0.018287121989459476
2020-03-04,0.0049835050795004054,-0.030337177279577632,-0.0037028710724991143,-0.012330455338696478,-0.06411620443382593,0.00017081878207236834,-0.012463239280543603,0.025476208810372603,0.004130110383556929,0.0006357030113020024
2020-03-05,0.041894540166032446,0.05636559216463666,0.03695117168590434,0.050488998989640654,0.030992675566121175,0.02115738673549905,0.027541793994512176,0.010219570425305857,0.019882901284736576,0.021540955288130048
2020-03-06,0.007658088437284549,0.03454072894743376,0.004822595830994203,0.013947381841150852,-0.00047665662019980015,0.06218529788383864,0.015797137937680894,0.019226512941178386,0.023812732815058357,0.018807723013624322
2020-03-07,-0.0486510702353512,-0.0518421012579704,-0.02330399860322019,-0.04548394827344737,-0.04585539222132251,-0.023292079775564356,-0.03933782449509238,-0.06509105164274553,-0.04530817778562579,-0.02874783553192739
2020-03-08,-0.11551741578023733,-0.16507047372866146,-0.08999349283790192,-0.158513079525899,-0.16952923976162415,-0.15624784288366522,-0.14563580860002978,-0.12804268100292004,-0.13122978711652566,-0.12724879655729116
2020-03-09,-0.041786914008532405,-0.010835184517124175,-0.022751484424786028,-0.005520228360390234,0.06649190869976862,0.006464088036532978,-0.030166127078505856,0.008206614532817014,0.023175146270719704,0.01100511253364389
2020-03-10,0.0003133295734982777,-0.0054606274862604165,-0.0017561412564156553,0.006559163229971965,-0.01653480305076349,-0.0060354861869905685,0.001758916376118247,0.007872994142510192,0.0013289642968381532,0.014599834348430596
2020-03-11,-0.04448730191748085,-0.01788553236821433,0.00021501160000858555,-0.006396576600946058,-0.03432170105756027,-0.029380849618490856,-0.03566922270756545,-0.017939889311578416,-0.030814239151612077,-0.01950199573821254
2020-03-12,-0.3956719959237812,-0.4295601601954183,-0.37169538560117077,-0.39602797384785726,-0.39732828508925355,-0.42347221465293294,-0.3617732392248725,-0.4073474978906344,-0.33631689758212857,-0.3289875909106468
2020-03-13,0.18680353894025203,0.15943328017022895,0.11928067241286833,0.13726860716674438,0.22255022932462087,0.18562727860573336,0.21037454558392965,0.1651501249213747,0.1821117887877015,0.14120391268742094
2020-03-14,-0.08538168407436741,-0.050483117222647866,-0.06530552710121185,-0.06692670524044786,-0.04547637585816944,-0.07429170741922175,-0.08123752118755245,-0.04705188305082886,-0.056512628442932145,-0.07568151733151096
2020-03-15,0.04271593978462107,0.06400680625907773,0.036910617960911996,0.045750617698350204,0.09308909977014457,0.015475962795865161,0.059322875072128856,0.05961885801271305,0.026409638910421807,0.04487678255840222
2020-03-16,-0.11058260614965487,-0.04247981825475822,-0.07006915676163483,-0.08119581014104349,-0.12012175869989261,-0.1166674150987117,-0.09772665051956364,-0.07569598223068152,-0.08152656135324121,-0.0834231522509079
2020-03-17,0.046515472789171675,0.056166833655111104,0.04210793838741411,0.02452088411984965,0.01742584962619076,0.030169066268947553,0.020916414751256607,0.03388763307703857,0.04718291407527442,0.02453505374381315
2020-03-18,0.003684190176201252,-0.006843449792559908,0.0024512036855608432,0.007720709305896412,-0.011879384136184834,0.007894498612091683,0.0035844473310255864,0.004956972614688304,-0.02284082639124474,-0.009853032955174701
2020-03-19,0.2018866708017939,0.2354998873220957,0.18187755736638023,0.17751664751869844,0.13101723031392387,0.1894040141620661,0.16000353336681727,0.1745521115494597,0.15328391198254643,0.1532984882870203
2020-03-20,-0.03556532268640766,-0.03092898889570528,0.001225199953657663,-0.03760877968381526,-0.026274118974798477,-0.02823472111521519,-0.02410340065018357,-0.036167290049343825,-0.037957308464787065,-0.04949805181660405
2020-03-21,0.0015663267652175072,0.023050331139117475,-0.00221203491300348,0.033129515736744386,0.017220030746805115,0.0006143190364296114,0.005516972031889056,-0.001511680744024524,-0.007590375781273639,0.008357371780409961
2020-03-22,-0.07904400089136443,-0.07154761019552158,-0.05736583896317804,-0.06322381056011439,-0.07830204704672084,-0.07150768570449428,-0.0707904748989947,-0.07694363304713003,-0.061035951552795176,-0.05035433580089255
2020-03-23,0.0735723181320107,0.07687932461418745,0.10052048673231173,0.06629061752550647,0.07184524280293081,0.09398593784316334,0.08806853253339164,0.08866379605464259,0.05543309729879886,0.047964866694158115
2020-03-24,0.03717072902042373,0.03608991820115737,0.04963733427047878,0.03565390877294172,0.023187615341800916,0.028536004986446484,0.04449493432188434,0.02029423156934196,0.026617417430639057,0.03072061233163681
2020-03-25,-0.02403604576291296,-0.029948767189514447,-0.007979552925792555,-0.025172683823793562,-0.00832004699761768,-0.01848893815284358,-0.033079840744348665,-0.011117870181095446,0.006798134923998278,-0.003833498228308918
2020-03-26,0.04378696674838656,0.028954620265181585,0.005295181540467819,0.007760940447279596,0.011113272481423797,0.015901101242766114,0.02578148186472551,0.04268770280397205,0.048276198259370684,0.08281722322111529
2020-03-27,-0.046408699383678864,-0.04073560317199776,-0.03672214358569481,-0.03036302053055362,-0.011477674949030625,-0.031971413141401506,-0.03092888773216973,-0.0374020438259024,-0.032112392410103885,0.00671926858394567
2020-03-28,0.016040386870262324,-0.015436260154779169,-0.035179534234601295,-0.016706204081042952,-0.041927729931416025,-0.022035925578709925,-0.0011490608194568708,-0.002187837825502359,-0.029534678034115913,-0.002338330917675435
2020-03-29,-0.05112360590981124,-0.03622911132846718,-0.051288198783903005,-0.034294888899788045,0.0068672694392779565,-0.04124672033266197,-0.03964664420527231,-0.057270621991498016,-0.04572524426822655,-0.06800427275764354
2020-03-30,0.05748880428187508,0.07301339049480626,0.08574723804008189,0.05213631193322321,0.02597935704072296,0.05829424129056493,0.048369274333158074,0.0707042692592248,0.05455157781361053,0.05091893329481678
2020-03-31,0.0227630160846668,-0.008623831258965597,0.0013690436954885143,-0.00855346160708148,-0.004255874139907134,0.005184366716448396,0.0041088247918978915,0.01007906409730941,0.015842281679907755,0.013893216319606827
2020-04-01,0.009884462108403547,0.020003662760879726,0.026112924097839496,0.01984353255116411,0.016006584676267144,0.01527757028175758,0.0020792030769876124,-0.004301067860447261,-0.000734460210962351,0.004353666005817436
2020-04-02,0.03659054864090594,0.03853137809330254,0.028281287899985408,0.013612607727176318,0.015363011769562895,0.047145747088574996,0.012527795956465582,0.034557175641075855,0.011931588865091713,0.018919357894331634
2020-04-03,0.009723561668087743,0.013584849033585478,-0.008866740365705117,0.016712417161518944,0.0044371841902306475,0.0004376869758151436,0.012162417364041334,-0.005845517262404676,0.006488569240718389,0.004629419934908396
2020-04-04,0.006502503194383058,0.01274735650609804,0.01992164308903499,0.01324720022325776,0.008226856918933878,0.02201459263306571,0.007840146012653149,0.00781184482765096,0.008948547064152823,0.012620740286350962
2020-04-05,-0.015443710121169074,-0.028562804895502336,-0.011124520572645125,-0.0020355156340853275,-0.02387833030753872,-0.011518742372937596,-0.00013317261337086883,0.050425087679233815,0.03683572626598419,-0.012799048986259942
2020-04-06,0.11289562948011467,0.1031109126282046,0.0707764242948763,0.15598193290399376,0.10336709717821413,0.17826423737809294,0.09149173474147432,0.08371025677102484,0.13764719920923252,0.08974061135741129
2020-04-07,-0.013448950938942383,-0.015091395802072083,-0.013114627068677276,-0.03716090526638127,-0.01868148444204676,-0.023850264996428838,0.006235699543158724,-0.02870114119403766,-0.02338603385877236,-0.017457298242570696
2020-04-08,0.033497395095873905,0.05626651864971777,0.02197254365887824,0.039905559529056056,0.06304302303586895,0.045667511481618295,0.03698241502788768,0.03233829151800727,0.055177272221209606,0.04568617383268503
2020-04-09,-0.003194307734999069,-0.03289560934523883,-0.004364445986660415,-0.0007448883086014213,0.016866643226632005,-0.010626600139346465,0.0014058915346157885,-0.013727606604984732,0.02071279797188952,-0.013003474012413863
2020-04-10,-0.08240786832985703,-0.09472823606340386,-0.05979058460566089,-0.0857730382549361,-0.1110176303209155,-0.07256546063848213,-0.08871763612188088,-0.07736727584737291,-0.08168872282728334,-0.05443944224047825
2020-04-11,0.004184796823358816,-0.0044505572197666154,-0.0009336774645052337,0.00125733249110338,0.0017222017695623926,-0.0012399681825301379,0.001165983110572144,0.0016850795058145351,0.03689205030809961,0.003195263525380909
2020-04-12,0.013551617732534105,0.016110622840014077,0.016329994685138294,0.012969766219189438,0.015953666820727408,0.01849627417518529,0.00309995819247999,0.033565662868087154,-0.0022199425692858155,0.011017619157868808
2020-04-13,-0.020676760705471198,-0.050638127746174155,-0.018082418492216368,-0.035048043416016306,-0.03047162716521923,-0.030177461003746964,-0.029350684502135516,-0.024569822737596114,-0.02228912807589256,-0.012638419704972148
2020-04-14,-0.0040172866425500775,-0.008405384517542136,-0.0003812781513637953,0.0045945998654355336,0.005996047375522062,0.008426140484949274,-0.0036525580636193045,-0.013667093883604764,-0.002565216660853298,-0.012768205944827749
2020-04-15,-0.0336932353344237,-0.029118622554899165,-0.029275847531044064,-0.02209597571211186,-0.02045107203296115,-0.02734513160377705,-0.035679275020725654,-0.01514537763356727,-0.037457265208208246,-0.021933213755267134
2020-04-16,0.07987317902075719,0.09320309516267189,0.07146740203164859,0.10560055076157027,0.07292197605748107,0.12310565300359055,0.07830315116432907,0.06683025947370247,0.05852315585526546,0.04873387399603968
2020-04-17,0.0047954127219618226,-0.008375751822820576,-0.002897315751431484,-0.006400669235552936,-0.010247383451794878,-0.003013514905287895,0.0013122538686245466,-0.002913650002524304,-0.0011195966418774406,0.000515533291638226
2020-04-18,0.05727010234985408,0.040491001985044406,0.02275595669052466,0.03385641990916732,0.04312304717620252,0.08899759665861406,0.03784904628188923,0.028068231194020132,0.02916241020433441,0.02483148232875587
2020-04-19,-0.02016251124502033,-0.03904164515384867,-0.009402505352301915,-0.03955633614360177,-0.022570920172000908,-0.02835015946648367,-0.03895475175259533,-0.025207570902497478,-0.025583680571461542,-0.02085925635998853
2020-04-20,-0.04576159805555979,-0.05146012257915955,-0.04276646838190479,-0.036302448915003116,-0.046247852304653,-0.05130521634525309,-0.04236839552902516,-0.03951810772855546,0.016013320776656625,-0.03860971425551074
2020-04-21,0.015302607201689744,0.0008085698904716221,-0.00023761461322069355,0.00709189923756437,-0.007883118015717394,0.0025568412529346496,0.005186530474498685,0.005512563740576182,0.024501513192007662,0.004567069236519394
2020-04-22,0.053573541205254926,0.05209717019303017,0.034429236680519004,0.0304098928512595,0.028872732777038612,0.05709163292415953,0.02064493257239186,0.030986786778120612,0.07008705071440668,0.01975821749366591
2020-04-23,0.1106704360787516,0.014128156512763335,0.043910071328696176,0.01817409710043205,0.03505675583072465,0.013302836854422573,0.025062442318378952,0.04454378902730327,0.12634098083091683,0.019902091672147737
2020-04-24,0.031104544643022702,0.013409970828513584,0.016309658285092787,0.019184492187692026,0.01045115936568819,0.022743865494742277,0.04362736749352525,0.03430721839568873,-0.002024751997296681,0.010192447137916893
2020-04-25,0.012897665029252048,-0.00021198358275931195,0.002520911948821203,-0.0009992648441160545,0.0266892480774914,0.0331772757444222,-0.0021321567737094815,-7.134891365967455e-05,0.00878078245488112,0.007172162523877423
2020-04-26,0.08184772217318081,0.027314252250933313,0.014522071498782596,0.0069304031567487545,0.07733496712106724,0.009217850433584918,-0.0005774737464430135,0.016692784402678962,0.005582990576219693,0.008977030450764367
2020-04-27,0.015737096597391087,-0.012157310052796078,0.015069777105927384,0.004070015671273186,-0.023124789652234523,-0.00047040529712094603,0.00046939916906363344,0.021190072409482896,0.07787203788757324,0.005960237322220285
2020-04-28,0.012746454435202503,0.0017648441317787977,0.001469741643032707,0.013497256663266732,0.018153241335976178,0.006037143067803674,0.029493087950786867,0.057784743677369965,0.024552066027224928,0.08842390595449579
2020-04-29,0.0953491215552904,0.05659165742711192,0.1273180520232342,0.08426468936767506,0.09592027432179995,0.09350505112105334,0.06849203241995716,0.059499808079185756,0.048231716387218126,0.05544729416994221
2020-04-30,-0.07445593791235727,-0.029707572564044993,-0.01618949646720247,-0.06113136999398472,-0.04625907754271352,-0.04316844161041067,-0.0501670611699766,-0.06333142284011206,-0.0643123588084138,-0.06450718460550531
2020-05-01,0.07135387586762332,0.029559706329195468,0.023816089558295506,0.018817519171944408,0.03202586028377974,0.03187372256679111,0.023069787192343538,0.0402538844526068,0.08161355242458357,0.030489596375552708
2020-05-02,-0.004799054883789622,0.018468937951833242,0.013968791699848548,0.02057234841414446,0.11974170439963694,0.005164233538947682,0.03486679925174263,0.03032784454805615,0.030428106706662517,0.02128183916195514
2020-05-03,-0.04087113988745117,-0.03601240930338967,-0.010138170944239966,-0.03522012232511429,-0.033547635333645465,-0.020398093365129433,-0.024078740436848656,-0.02167937000164144,-0.03106699419595349,-0.020097009213120187
2020-05-04,0.01502176214025619,-0.028013706927569215,0.0017067266322232655,-0.021421566698991867,0.002251215215435476,-0.013080637151445917,-0.01644320619087447,0.01791511174940741,0.008645021805173458,-0.0020554684452384064
2020-05-05,-0.006161386146486203,-0.00357460169811763,0.010144678859214995,-0.004468908747086386,-0.007016176068498803,-0.006723281251511781,-0.01445508843749621,-0.024835991965051263,-0.01753510451253304,-0.011417443347984335
2020-05-06,0.008286389829243346,0.005003430528094155,0.029511199738283755,-0.027825583966418543,-0.033748773576536606,-0.013147723734789785,-0.01804745357092974,-0.0046534504208053384,-0.017254452993463287,-0.005788490151781067
2020-05-07,0.026905374090881118,0.027846705779492664,0.07366214135771076,0.023881181029925314,0.021411251783121532,0.04034988409481799,0.030195089577102374,0.014404784978522711,0.0158157007109212,0.017224996865154774
2020-05-08,0.023421963453870376,0.034748143088617844,-0.010938284289408906,0.0018895383035468782,0.011125595756137141,0.00330757754176636,0.011664901308954478,0.016753946259158603,0.011365996480803053,0.0041568221020495955
2020-05-09,-0.010840684958240643,0.01796392437303984,-0.025274608612654736,-0.000279908895784442,-0.012892608217137558,-0.006532882629624592,-0.012698497677986254,-0.007779523979801084,-0.016023388608046307,-0.0133058890996276
2020-05-10,-0.07845604087680846,-0.12527149212565336,-0.0872915214038874,-0.11165040662061931,-0.12449006556278275,-0.10869825445616221,-0.10378939312708413,-0.11822449600315543,-0.1063483407082394,-0.08633394767136982
2020-05-11,0.009040023372042238,0.009264292889614945,-0.017659566044374797,-0.01802973220560533,-0.026421908405004135,-0.014245641667949727,-0.0157588147898976,-0.01827343235186374,-0.02369515511297915,-0.02074918458519004
2020-05-12,0.048079304977979964,-0.007809658718959556,0.023562712138033515,0.011994264232595642,0.006979095877720276,0.018286301098228597,0.00987815370316425,0.038296937674315856,0.11326097238065702,0.018411453524286747
2020-05-13,0.020844514400820913,0.025911373881370103,0.05287193516704303,0.036435015525367875,0.021978011637207695,0.05219297764835762,0.024284794332144033,0.03049664077143377,-0.0015591809850050709,0.019444711474120746
2020-05-14,-0.011307159126027422,0.01127558586101296,0.05002535168149658,0.03343666447746352,0.006390194090635681,0.018855121721672363,0.018796430606114578,0.01732981264481892,-0.010229869977788963,0.008184396913444969
2020-05-15,-0.008390651124248527,-0.026225578816134187,-0.04166180495059313,-0.007796570539225778,0.03878063225978412,-0.03609984668213273,-0.02528948335617187,-0.022669159712459752,-0.024261032833266638,-0.0207651163943956
2020-05-16,0.009293995345361683,0.004806719533454684,0.005233209039209763,0.013613821511662572,0.029401473901390807,0.025837796493022314,0.008846193819375348,0.0030166684699581836,0.010444143303695697,0.005635683678646863
2020-05-17,0.008069584781400962,0.019210342905878308,0.03132400103227817,-0.0036076031389525864,-0.00219437314696469,0.03229848650838507,0.009902982008654249,0.0028071016303747864,0.014535360396010777,0.0061140114065041384
2020-05-18,0.05665810640066726,0.027501899028915755,0.005773698991511145,0.015893410770576155,0.005382949747845256,0.035559036772175645,0.03575178823625458,0.023460403458084533,0.014399460021597088,0.019482757063271405
2020-05-19,0.040496224720458995,-0.00763791277875614,0.00025321252090737545,-0.00851860501484003,-0.009374451829046615,-0.005006147613569434,0.004038419503780366,0.0101589125286361,-0.010072074891220195,-0.0055951981853897825
2020-05-20,0.007546667759525949,-0.026062781232836896,-0.02117954918100662,-0.014584705017477329,-0.030305887187929148,-0.015714933991157976,-0.026694366549264936,-0.032942234284426664,0.023101642243714693,-0.011375840658914838
2020-05-21,-0.08138902660181424,-0.046454235657288456,-0.04633209978369557,-0.048117132142448504,-0.04718846812077926,-0.04861158117206166,-0.03236032290975965,-0.049663377268341025,-0.06047163291575641,-0.03072775718791687
2020-05-22,0.06865597422942793,0.026739903932041287,0.01110086707949609,0.0508714480090946,0.05299287507395678,0.036449129788362455,0.03427200427533239,0.042298025453668675,0.022009367989144213,0.024725185316561094
2020-05-23,-0.009152325492406854,0.00202200606295988,0.0029087652089092586,-0.010204023554088004,0.018811079536759978,0.007362134898328376,-0.003946412866545068,0.012719550879269015,-0.008200480478117278,-0.007422279751317817
2020-05-24,-0.048461703285018976,-0.043175040501378104,-0.045488748514099786,-0.024118469624518024,0.0035124249753364367,-0.03030292616887509,-0.03597802585077836,-0.041068552780546885,-0.04064604319591214,-0.01722352941176475
2020-05-25,0.026025300496202997,0.02549291623262606,0.013260696716498988,0.011899036862303758,0.030009274005569075,0.014574278854364575,0.01171371717286629,0.021621591967778686,0.019087201658012587,0.009701679401046936
2020-05-26,-0.010757068316257112,-0.014499050345424869,-0.008070322664891605,-0.016092047945630017,-0.015944730331858614,-0.016644452016541522,-0.011970168954358984,-0.011938706314483238,-0.014433034778808529,-0.016987038065859883
2020-05-27,0.032809329136763044,0.027726675453543015,0.039158209254817056,0.026346429226344004,0.011771917837611445,0.034477666422055187,0.03368619895392633,0.011259118614348473,0.017008445149986118,0.020012918052563666
2020-05-28,0.16990733996198215,0.02520793707330271,0.037548495632866885,0.020904924558617255,0.010532488425326836,0.05255582341240994,0.020456842492149185,0.0272233872360248,0.03944032703743616,0.013838271378906919
2020-05-29,0.001564461563709152,-0.0052595913832491625,-0.009093976247976698,-0.0030022350498415395,0.056539326849999405,0.0037968519368642983,-0.0023734312069726426,-0.007930736832412633,-0.014361395509463248,-0.011201703083183467
2020-05-30,0.1901949157678764,0.055222655566725454,0.02768159825145977,0.05847434124348294,0.034287306304358944,0.0982007880562834,0.06463619793161701,0.08680297152135896,0.06718123484728,0.039687822972871434
2020-05-31,-0.03386258743235637,-0.04545372850088458,-0.024674768232348376,-0.03313882883434305,-0.07392959428393375,-0.046916009527802616,-0.0409508386597397,-0.025928605224266432,-0.024973784212310113,-0.016070232434123644
2020-06-01,0.09167203858925976,0.0645128828253867,0.07464386293982206,0.054117075189098474,0.040189910332653955,0.06934085140049451,0.055565768008889904,0.07022843570164672,0.06925114946681732,0.03618921668108155
2020-06-02,-0.0334122286338997,-0.024667755936281344,-0.06269774820259899,-0.048503355758136024,-0.0349321012291155,-0.03956692752858926,-0.04574975025248218,-0.04115956035136492,0.04986891089788781,-0.03560065464778095
2020-06-03,0.08900526543405785,0.012087341023916842,0.013317594606312655,0.006771795012633586,-0.0030571210729296583,0.02934109196296908,0.027205630833020633,0.03483170400904467,0.04222794582400424,0.004433735456846444
2020-06-04,0.04167891876016139,0.018333469437245897,0.014903505382374727,0.010073453035427837,-0.0015165130234490176,0.0010118396234197746,0.009851051557036028,0.002074020797825815,-0.0018878916250303357,0.006476341518217632
2020-06-05,-0.039977554498484724,0.00027499545835429906,-0.013785177382049874,0.03641898536231958,-0.008643404351154849,-0.01310990485636565,-0.012268666254000915,0.0016558926614094194,-0.03586497642537434,-0.004341852772466348
2020-06-06,0.006835032710196032,-0.013574182779034438,-0.0012263695520872142,-0.009745445355542781,-0.0024922161206495375,0.0029405915366731428,-0.006826108458251934,0.0032470374508442035,0.004590205406772796,-0.0046547329068362675
2020-06-07,0.007300141847362163,0.004204945406198757,0.010894586827723485,0.007532695331811778,-0.0005951159150073826,0.013375413294720584,-0.0013685153473710354,0.06979345826016248,-0.011053642071254477,0.0015112272181689868
2020-06-08,-0.002585012875195525,0.003079233707868889,0.0012948980117710729,-0.011334064171842795,0.007581555575938426,0.00466071390672762,-0.004157682971278498,-0.01221185814100656,0.012784724160185279,0.0015827022922265677
2020-06-09,-0.03497626555135247,0.0007295103847122508,0.0024777121338637187,-0.007147637142092544,-0.013522949545795027,-0.005677614763718863,-0.008705089513778907,-0.01937962102115942,-0.017922739683166378,-0.008627303866078129
2020-06-10,0.0014866859293569679,0.0076308166030445435,0.007594610876882513,0.001362351994289801,0.00037858356354547595,0.01034452659686913,0.013253157702110219,-5.680279592457094e-05,0.001030883650860348,0.0045789354071070765
2020-06-11,-0.09781996640723001,-0.08091388815174239,-0.05555301055894357,-0.08433006472617344,-0.07668105272101233,-0.06361931932262788,-0.06780782938390484,-0.10233980516486285,-0.09118073755413858,-0.06286649789678922
2020-06-12,0.05565285119165786,0.02453715529384226,0.01706353064227928,0.02544081931346387,0.02081049326654849,0.02499126432857568,0.030181588341316568,0.04125005803825732,0.021598919553738494,0.019786466317170737
2020-06-13,-0.006611812046519616,-0.0044485917517088636,-0.0005871213994007585,0.0015589154461506105,0.012643337943471833,0.005960735282637852,0.005945076354699763,0.01500799982254053,0.01734928716052364,-0.004315691985136816
2020-06-14,-0.02885058761893955,-0.009948535685944337,-0.009338962291258746,-0.010194613787864126,-0.022444230664938947,-0.020066832171668714,-0.022398104839514654,-0.02681840933345181,-0.038790734708940344,-0.007710783537529187
2020-06-15,0.021355619709343188,-0.010429586725141604,0.006808938469139436,-0.018178593146309985,-0.015518358112999842,-0.017879231889114333,-0.003861465250620144,-0.008857676121774904,-0.004256848573686578,0.0076037395486296955
2020-06-16,0.008751416819338553,0.005320096017212839,0.009239764861221245,0.0062568872928134844,-0.00040139848941789236,0.01951585350776286,-0.000843390417316292,0.0020480657933477087,0.0019265056987876061,-0.009151980434942475
2020-06-17,0.055290691659416025,0.01231373282108561,-0.006056760681470541,0.004432531869358991,0.004377870095140013,-0.005920639720965681,0.003534814330525826,0.0033444781328972883,0.009067085241372341,0.011165336477028553
2020-06-18,-0.015231524711427857,-0.014519459469441331,-0.007216479234543938,-0.009241709851057545,-0.008387793814119804,-0.003978524779853165,-0.010724504189531525,-0.008395125434775275,-0.013297524228403801,-0.012851358908744115
2020-06-19,-0.031287287355538096,-0.019543881651296613,-0.013156009327927487,-0.011190393192611947,0.013577526499829018,-0.021382380177690008,-0.020208814638935535,-0.016496422779650133,-0.02348565587050022,-0.021821617589577458
2020-06-20,-0.0033165065133028415,-0.00183645694768797,0.004771982890003024,0.006959731608140229,-0.008882193559259122,0.009403835282570938,0.015627538933214113,0.008354845494424445,0.009383487591579476,0.009154652893257564
2020-06-21,-0.01088996778949547,-0.0026642153069700303,-0.0030764990320015784,-0.002449656427108482,-0.0053226829860030245,-0.0012406062725255351,-0.005983574738845587,-0.005774890124858434,-0.016647418898843025,-0.015331595101699791
2020-06-22,0.06543484997630244,0.03676385550355743,0.03709174751916078,0.01753564121208262,0.022314153353780286,0.05914396254513776,0.025542457956382103,0.031062628579438645,0.045304563907447415,0.01972956812402238
2020-06-23,-0.007893730355453599,0.0042485909989509185,-0.0019753474772544743,0.00555731239135393,0.004386489444555108,0.0066339911121064965,-0.00019743396278537606,0.011879252784016359,-0.009085681569174775,-0.0031278172615928357
2020-06-24,-0.0044243602628173395,-0.031779050861879043,-0.03282025643027875,-0.031261864871682477,-0.025812812986105715,-0.03428203573727662,-0.030228040243726717,-0.03394860925504117,-0.028728240587886478,-0.023362238491245524
2020-06-25,-0.010801325104972448,-0.0031831602127159186,-0.005239308190707503,-0.005652466466948947,-0.010440557102517567,-0.01199449842812228,-0.006542280415398061,-0.001941869461521195,-0.01940061241395774,-0.003809632399706109
2020-06-26,-0.013832610690253322,-0.009921636528713362,-0.010998117562784016,-0.003095087986251799,-0.01915731213273464,-0.014065340211250277,0.017791183080065887,-0.005774165053769265,-0.010821031306365247,-0.0048973250966338755
2020-06-27,-0.03577408965038753,-0.05084043872226207,-0.012826410118569775,-0.049626939688446337,-0.07071393951078797,-0.029208468909296514,-0.04074774811901494,-0.020705745098048456,-0.05824404729187049,-0.03186051081655916
2020-06-28,0.034925813112135495,0.019702945028615027,0.010855408054862181,0.004772631083988399,0.026217851183244933,0.01070764753067932,-0.003544485672748676,0.01946748136529375,0.018816580522018178,0.004755368726865772
2020-06-29,0.043262985689013655,0.011157009052275013,0.005170015512075743,0.0060973405266271374,0.012482849214741742,0.012636955023823893,0.010692654000777013,0.024533682079256325,0.013762476030501736,0.0015025944450799411
2020-06-30,-0.008990088782456773,-0.014233480990495484,-0.005751513982724221,-0.007208084907468049,-0.016608049668053293,-0.008237992176384878,-0.009157235208431813,0.010430261507205607,0.027641603153391037,-0.011738624319307944
2020-07-01,0.15445880698383885,0.007634285638872695,0.00988532488788163,0.00530121471046896,-0.0029086452893724024,0.021202377597294486,0.00558151104458271,0.030478798304961252,0.021172521014051204,0.006288701756145931
2020-07-02,-0.01696650476661976,-0.006181241751943456,-0.011368806022981404,0.00636445967765864,-0.0004569873194357754,-0.00744752050491182,-0.005120294584120444,-0.010491359196621475,-0.001197305920256797,0.0015143148855512045
2020-07-03,0.023450617489220837,-0.003334362923762213,-0.00395756024273064,0.014198616334954561,-0.010334804481858195,-0.017459734949675898,-0.006763715288569339,-0.0019168709525207994,-0.016913730498672397,-0.005122810327304439
2020-07-04,0.0353642876101008,0.01699363140844956,0.004972274697731871,0.01647585772385529,0.007129521895806068,0.016358712330749814,0.020905083367132038,0.008522423343632513,0.009189776920206505,0.009345759643067053
2020-07-05,-0.017418356462345685,-0.015463725890198288,-0.00641072801130238,-0.021298107980882053,-0.007376453506621639,-0.006153097654430395,-0.01113608002692179,0.002142307904192897,-0.010167027941185403,-0.005433049929070788
2020-07-06,0.0713769900096779,0.08920179429813668,0.0332305643833104,0.08482251368506044,0.07902570548998189,0.06081589777420948,0.05686362725162386,0.07007129595197648,0.06975610069890847,0.06524793739756429
2020-07-07,0.11721042215966504,-0.018562794048675557,-0.01314037643510968,-0.021066398305835343,0.018005499142571102,-0.01008111519525301,-0.014676827277881443,-0.0460599474035327,0.019550995309731034,-0.02004588559168241
2020-07-08,0.10509207507673257,0.025652813652709217,0.019028359994139876,0.04701180504192903,0.06743850551135067,0.03176603807977685,0.0434573403704368,0.04165216949398998,0.16016552598246214,0.1077186185523149
2020-07-09,-0.043222866586724584,-0.017984440101164734,-0.015948231171979632,-0.007218591279894659,0.0058582450968291955,-0.014813526312331904,-0.014674274105451302,0.030436656388796557,0.0657035597616249,-0.008705762861507371
2020-07-10,-0.04808796424287165,-0.003917039960694146,9.052022711308894e-05,-0.01417857561377589,-0.04363564968243905,-0.008357374289335584,-0.006541457395218053,-0.01669283818932432,-0.01849033220830565,-0.020984705949742444
2020-07-11,0.05830144070206078,-0.0052875960062700456,-0.004145030168397623,0.0001511829863891645,0.020428774598737265,-0.006335704650459517,0.00974010018575977,0.012291219840071088,0.06093591585711766,0.012811344121470336
2020-07-12,0.01253057103983135,0.0004514537332458435,0.003912550206798482,-0.002753280361459276,-0.008969315245974996,0.011164884814891307,-0.0009171924314462787,-0.011597466210271579,0.007113321873371881,-0.0032754159315342424
2020-07-13,-0.020720445524544773,-0.01833182239980069,-0.003545059255915528,-0.022369585656920377,-0.0223828957730019,-0.010436943542246335,-0.016047655747509215,-0.03305243336167374,-0.0495884503691606,-0.00978861673353082
2020-07-14,0.06288058235461302,-0.010415071934615328,-4.331537576462985e-05,0.0010336074093399983,0.0021821849556962203,0.0025329360010484248,-0.0026623965946893646,0.005013426262203913,0.020123771181500105,0.0011783604603372577
2020-07-15,-0.012079196584147911,-0.011896869780056107,-0.005450155524782674,-0.008990829760207819,-0.016394699398064927,-0.007443290455772633,-0.011960645348838228,-0.004534924727640499,0.020997165142463636,-0.008540872080220363
2020-07-16,-0.03411085831785998,-0.014325052002535754,-0.006593108913667822,-0.014612773132648749,-0.030629242458507844,-0.020059424047782937,-0.028732557342156517,-0.023745782505072643,0.07046844171146116,-0.015539433900858768
2020-07-17,-0.027286668381756196,-0.005392851299582224,0.002098616025556055,-0.0005402813760196912,0.000620755404881157,-0.0037142380015947607,-0.0029171443874396186,0.0022748520634521263,0.0322840494261063,0.0012007057717196012
2020-07-18,-7.348024394226993e-05,0.006486060848535757,0.0008356608977502233,0.0016899368977485452,0.0022807545771883486,0.01164534919888971,0.012240888095803815,0.01262876213285713,-0.031062667213086037,0.026044761392047144
2020-07-19,0.01008353212882973,0.012680042877833753,0.002923597193133398,0.031078509294471424,0.0059855286466024005,0.01275547512299724,0.0029902840270801256,0.004425280847276669,-0.008084121689291623,-0.0010333732310285892
2020-07-20,-0.046786130183763985,-0.0191201473467163,-0.0023499201650132306,-0.005619328209710339,-0.0068752606627487944,-0.009788145738083509,-0.013557756413457245,-0.014762291331682054,-0.05204403285157233,-0.02043838977817858
2020-07-21,0.04274789984085281,0.030561648868059565,0.02298678850016933,0.02116305002966201,0.02237830482686265,0.037533080727248036,0.03907819428488968,0.01991988646074705,0.016318344927444883,0.02011123867516762
2020-07-22,0.00778268020101458,0.039784363523897914,0.016050921443329758,0.015536669893432942,0.02787722848643237,0.07009284681918926,0.03026322510134949,0.02226392309212244,0.010392361049006205,0.021880716278343204
2020-07-23,-0.001202342710480142,-0.004780121200901211,0.00584848921034431,-0.0023531777902430218,0.012528850364866173,0.047669180441096026,-0.0019146444151153519,-0.004957335951460196,0.005554217029969166,0.020831887554868533
2020-07-24,-0.015229527637901752,-0.008577342404220034,-0.004611142289210002,-0.02173173565877995,-0.026783049365160627,0.01647814895460087,-0.014883757404731135,0.005317985348665122,-0.022513382832144324,-0.017000824962865146
2020-07-25,0.17795022228633717,0.05941681033005475,0.014702976045533722,0.05098715821582167,0.06797440655563158,0.08896836282346765,0.10461658885177827,0.040313991411234484,0.048303210081139136,0.04926754648575149
2020-07-26,0.03155088405659323,-0.010763768405054441,0.023566295475673238,-0.004464207237866558,-0.008481763904086725,0.018374375158832335,-0.0169255965177717,-0.008456825922182887,-0.01444414083864709,0.0041102043674123845
2020-07-27,-0.06304188599668392,0.0834730165630495,0.1096100707382146,0.04671966741267597,0.07401537451051166,0.03833595396673628,0.10361489196477502,0.007611255464010203,-0.04244828071509932,0.04042198630669658
2020-07-28,0.07081452939213317,0.07899139890275864,-0.007101328925793737,0.05373646135305932,0.016458936220624665,-0.015106155699835644,0.049578431143705526,0.024429531219315237,0.026031048118704936,0.029529843826676228
2020-07-29,-0.05867506437618897,-0.0006166927984643245,0.017194865809297744,0.010831415821009882,0.006077462743426132,0.004843187189946141,-0.007255070748557135,0.010615966458751513,-0.017669724567698553,0.05568077606112953
2020-07-30,0.005068646712873992,0.013246811135131376,0.0009680757576464583,0.008366583087246582,0.011190477814338795,0.05152803741320544,0.02666402083660313,-0.0025355107406918043,0.014220046868723912,0.005853587492241408
2020-07-31,-0.012732252988197468,0.02844113170456186,0.0191025870102548,0.013292356596070976,0.007601393801798695,0.032780799608892464,0.02392217152102427,0.020803047796037477,0.002980062606370293,0.05881681167736397
2020-08-01,0.03440253211740396,0.05820858720259259,0.03851523428168302,0.06487292110946541,0.05487532743612533,0.11472873899322056,0.05681364947752754,0.03654010518165962,0.10382641349149124,0.11828702725805496
2020-08-02,-0.07012460066252058,-0.1075938944202881,-0.060034265575901635,-0.10700730494716404,-0.0814199843250385,-0.037715461237258996,-0.07589385654443204,-0.06653266994331242,-0.04154401068588509,-0.008520757786350752
2020-08-03,0.028688069438818742,0.044940363274720285,0.017436321777176023,0.036606539568049046,-0.0014791972812369103,0.042149003171452204,0.03226360879068624,0.04454020135039083,0.02446609379173026,0.07969714505572045
2020-08-04,0.04138060039954872,-0.027482006288652494,-0.00359726129861071,-0.004353569281402958,-0.005021713594488997,0.009268358966418422,-0.01600591416398167,0.02338211096408349,0.04675471853330104,-0.030480118916973997
2020-08-05,-0.002258544062707868,0.021154882395743035,0.04828976175167332,0.008184355028869827,0.01416638290933303,0.030048280137513927,0.025683557392630618,0.004864366542786325,-0.018514019389354708,0.009377883603005177
2020-08-06,0.00948183597517116,0.04846970974755993,0.002788023660583505,0.01079468701385311,-0.01665919964221574,-0.016505944076137702,0.0026021857610520893,-0.008605910608151635,-0.013925031011010724,0.0009001291878458773
2020-08-07,-0.03396787676874213,-0.017171012718807388,-0.01513618086086388,-0.024865464602511933,-0.032540294742352205,-0.03911540565284821,-0.0324305845744014,-0.016621500776569098,-0.031109072617890865,-0.029382357529100234
2020-08-08,0.04761593200817171,0.0033622188693560595,0.013151196120374076,0.012673696398845635,0.0035334751223006222,0.038139730716217235,0.015436569028784985,0.024074628377153795,-0.001561268800215232,-0.002178758310043327
2020-08-09,-0.0036835607010673455,-0.013393485363175306,-0.006662100973708895,-0.00665231301374003,-0.0017204320974142373,-0.007276661870967205,-0.017034072804945843,0.0026937108128843867,0.020648804039233637,-0.018260564513096433
2020-08-10,-0.009563195843712458,0.007272590588645267,0.017332698670629254,0.06764830305639902,0.0252076653714155,0.01218836889304864,0.02012310318403787,0.05099397180948895,0.008640563614031427,0.020806999100828838
2020-08-11,-0.04462133929483347,-0.06490489326254445,-0.03936534391564839,-0.06665001332929588,-0.04258846553451956,-0.039161394722536436,-0.06694248999235675,-0.06320580139061693,-0.04775740998662048,-0.03465014819793233
2020-08-12,-0.00027647749028691937,0.016471405152712393,0.015284938573538076,0.012420208454857029,0.008940376046176812,0.027972008335723553,0.0106963611680706,0.011608889429366442,0.012354815107024075,0.0016909170440644328
2020-08-13,0.027998864285107006,0.041409339835249304,0.017195015111304723,0.039526068632677935,0.028609587047104368,0.09645854080361627,0.05044211584083902,0.10862634604677757,-0.0004110328299073984,0.045193618351194065
2020-08-14,-0.020581211253629328,-0.020427420382772454,-0.0012955213149429268,0.023207696460463723,-0.019625932335849416,0.020189392691058572,-0.017114148940246543,0.09484205665816114,0.02775681769307381,0.008609546225786913
2020-08-15,-0.0002530239540114998,0.03274108657657582,0.008227394765919493,0.14731995769699724,0.04538224038348848,-0.009243090532024323,0.05593853157094841,0.018222238779068034,0.01740465663427959,-0.0023636794063724986
2020-08-16,0.00121480080983849,0.016042958483980296,0.0022843551383793237,0.03867397177434295,0.006638342735294511,0.0009961849763249209,0.06505712770364536,0.1192809824678831,0.07322168566222076,0.012784443092982434
2020-08-17,0.01768594731826245,0.030641555967260592,0.03040482644811049,-0.027740074746047005,0.017931260812570793,-0.009809825584340293,0.050159322891903946,0.07732120105777263,-0.008419190397858767,0.03715087403134998
2020-08-18,-0.02478708585752687,-0.04136095269843576,-0.021475461465219614,-0.04838859775142357,-0.011477044262632075,-0.013647292197162653,-0.022386207089659882,-0.05215872350574491,-0.04297257011132927,-0.03640790211694411
2020-08-19,-0.05931882327811011,-0.03772963055042711,-0.019426708460436926,-0.06736743417499225,-0.06521185125801487,-0.04061076745635395,-0.0537622433802063,-0.07867239310031704,-0.05720322584047988,-0.04306193768205968
2020-08-20,0.03378076970336452,0.00715086527190123,0.01021312934149976,0.027934227586875915,0.023885126133025292,0.024543424978067163,0.015517030398591869,0.037984710123427856,0.04512030142926071,0.008017319982257076
2020-08-21,-0.07394384139354315,-0.035595915083358465,-0.024067507803910648,-0.05077796672338264,-0.04465679830593783,-0.06558798361324525,-0.05697822966024546,-0.11624610016060877,-0.06285982028928483,-0.040642872793357654
2020-08-22,0.012249510649285256,0.01077804202177246,0.007706363621583279,0.03167490020899977,0.017701236453288693,0.017240676181713432,0.01569807862774497,0.033685236010669195,0.020151759274095404,0.020891950361669576
2020-08-23,-0.0293830950633569,-0.008370492333925061,-0.0014533293195752028,-0.013015179776752595,-0.0008989690008580631,-0.011243703706330654,0.005174884479698161,-0.027739147962182797,0.0057387110747306735,-0.004048201081489511
2020-08-24,0.023792103101646145,0.022350372525842932,0.00940844236539995,0.019621905600077483,0.012812108031317715,0.04282158587440188,0.025999331488550492,0.028530561427051904,0.00438619037610577,0.013416924560605725
2020-08-25,-0.08993639583500534,-0.0498642963475715,-0.034690018052305094,-0.07434703538429421,-0.05334757193042072,-0.05915350070348824,-0.05817994571795049,-0.08071375808767944,-0.052076249569620314,-0.03902974358657296
2020-08-26,0.01759171421158845,-0.004437079141747957,0.010753745063331488,-0.004173596896674958,-0.002642129871037069,0.006419482369232066,-0.0037980486527916524,0.02658657797173314,0.00311883703146254,-0.0015687859001854987
2020-08-27,-0.0733920146657876,-0.039868831486821965,-0.01435938403704018,-0.046899825493988745,-0.019155089203389486,-0.00991935862142268,-0.0397057963184666,-0.027245586620644024,-0.045733505735292335,-0.04677634205282688
2020-08-28,0.024610545294128983,0.016366741988574462,0.01934954061432026,0.047539841305489494,0.024027912683899144,0.034607699121382396,0.023436206674972926,0.03813850629404736,0.0202519157378398,0.0284865691189109
2020-08-29,0.06632067059786051,0.00014718904668375998,-0.0030872658111327222,0.005619045479710483,0.0032542681778926497,0.010222462637086371,-0.0010927087811045677,0.04407659641959838,0.009580573484550658,0.00900951530227423
2020-08-30,0.006211881541688946,0.03760960679643266,0.017784220187846422,0.04094111182673932,0.02367743484319118,0.07119958469630605,0.09484106596822994,0.0764438103538907,0.01560935071496683,0.031100501585620277
2020-08-31,0.044713381639419625,-0.016219495085105895,-0.0026201196706430174,-0.012484449545288823,-0.011127632366244367,0.015602445733341463,-0.02569209695122665,0.0870436210175094,-0.00952702421395113,-0.004480025102545082
2020-09-01,0.02219451682025242,0.06620672590554877,0.024797762089964426,0.07847972433611838,0.022927141704131015,0.09647005795804109,0.02894589252659774,0.179363738015635,0.021251508610343528,0.049438161603080344
2020-09-02,-0.07812715730039366,-0.09770834423669617,-0.04648471948812871,-0.10863107384510218,-0.06577183943313647,-0.07758361882075893,-0.07606440680145876,-0.002951941996172658,-0.06771054811273058,-0.06504986791355016
2020-09-03,-0.16831153896866424,-0.18194935687092206,-0.10239476124641311,-0.1476647022510651,-0.10223096291746536,-0.123553539238214,-0.1777211267357799,0.19566916489959318,-0.14250399991250695,-0.10808396104906903
2020-09-04,0.06542631860302817,0.0731834609169324,0.02601355576262887,0.14048781851902636,-0.05438905587465137,0.006661656260499305,0.05940170861687255,-0.13526895534960182,0.0252368989559979,0.03772813436836908
2020-09-05,-0.12223141418486705,-0.02835063181201214,-0.03255823502891142,-0.026789826500387637,-0.058824632881698036,-0.13646435756459385,-0.0597218371998125,-0.15786074421510632,-0.07292636079757031,-0.07109112044955923
2020-09-06,0.034885400191444926,0.01399225238284818,0.010893696409813414,-0.007326173442182449,0.028729719632524464,0.053994510368928994,0.00975506801101278,0.05087175231644636,0.031120915152951012,0.01278546370062772
2020-09-07,0.002933555970063839,0.000681409203926675,0.00867790498409815,-0.020115385059381152,-0.01518030607801757,-0.0019492226211732522,0.014911142025105129,0.023887332039611575,0.01064699442445649,0.005994236896342375
2020-09-08,-0.02487861563671201,-0.02656046715964555,-0.022956306264775628,-0.03331918791424748,-0.002301329236279792,-0.04273465666874776,-0.028425337574935705,0.08442798455174927,-0.014664931218161592,-0.022384722344087393
2020-09-09,0.0256891977185969,0.00961623907103748,0.010939236349907233,-0.00012325237254329213,-0.0056494957582988725,0.04001131385125989,0.010845414184689206,-0.02788491820932748,0.014044897394406064,0.012063210333438823
2020-09-10,0.04078244782482621,0.013515091145469782,0.011793293850096198,0.008768680633360226,0.026648096442358993,0.04839475251697656,0.01710221347498675,-0.0278617785308527,0.03431440320826207,0.016364168705652604
2020-09-11,-0.0017189340722257862,-0.009554840304484946,0.0036452631180188266,0.0023530883642093325,0.005148255043000427,0.01791267308646205,0.00765439617829089,0.01306042094640869,0.03054441072262759,-0.000977297833901214
2020-09-12,0.006279093688465798,0.021087908400334587,0.003966560559340859,0.007316005584228069,0.004290446116047786,0.03332710268956118,0.03518864235567798,-0.02268047907482862,0.0035438443051925006,0.018586701210567824
2020-09-13,-0.028094836840394488,-0.036769696175003586,-0.011340078630605377,-0.03188943008232248,-0.034779101052594186,-0.05582138745017029,-0.05413757940975028,-0.06613945660063658,-0.0480827101705098,-0.024264189998674746
2020-09-14,0.020167371003735113,0.020007719299259374,0.0345883839286778,0.006911509188169518,0.02224553777627114,0.03200167493140915,0.021305813397112017,-0.004283420009704497,0.004883763651859274,0.018717889146415922
2020-09-15,-0.03382276796902395,0.041390292028440134,0.010871177190313608,-0.010164810767985144,0.003998211415963793,-0.0329464164811436,-0.014259969611493228,-0.08377119950078271,-0.027295765869596367,-0.010055759804848297
2020-09-16,-0.01974416560727099,-0.016372594927655082,0.01648188444401355,0.0033689419822839906,-0.008778228747696737,0.002667157170638479,-0.009437158686195435,-0.05042827621036727,0.024828761661882304,0.016391277800428483
2020-09-17,0.02800873583607255,0.006022958938805889,-0.0023612995663134795,0.00466879100938411,0.013806684801591862,0.06343947582272258,0.019686343407031126,0.060768463802155503,0.0028055221937159924,0.01753897180204511
2020-09-18,-0.03328487903136523,0.004465323718954917,-0.00040225598714782596,-0.013143165924551448,-0.00032339696905070436,-0.011965201952840232,-0.008475410974780773,0.03504840199838011,-0.024408191450935313,-0.005896202724909538
2020-09-19,0.006324007530664311,-0.0024779959368294024,0.013683545731443925,0.004162393560646294,0.004400988511501724,0.003069586260487034,0.0044160860991562245,-0.04493105542805231,0.006614751297069121,0.004024568220152069
2020-09-20,-0.0242643590949565,-0.03087192776046499,-0.014067993350005525,-0.012710488435661138,-0.027735342315517886,-0.03758723421298804,-0.03238299546744017,-0.02940756058792593,-0.01992912420489723,-0.019756370537379775
2020-09-21,-0.10068993244800217,-0.05697508757694569,-0.04351800185522625,-0.05930034787917848,-0.04642222460281886,-0.07887489895061617,-0.07877423409068396,-0.07290931290808611,-0.08659531668145282,-0.05919114623046984
2020-09-22,0.016486823408504492,0.03052970486162976,0.0072833400259153525,0.02339816596285993,0.01997779581643422,0.00794971555350954,0.026614916928993537,0.0018000577592107714,0.018160520216034426,0.00550970288121766
2020-09-23,-0.06104903053321853,-0.05506928042352921,-0.027733979972724532,-0.048320844001012,-0.01953824178658159,-0.06788579355602253,-0.0333899763959169,-0.007386990118178005,-0.06130274980200645,-0.0522498539677676
2020-09-24,0.07886620877214345,0.04073974455555929,0.050153282066164984,0.03704539762258041,0.028257909692035676,0.08794099866959249,0.046035128814957416,0.05366267263316549,0.04137688542717677,0.05281596455315252
2020-09-25,0.16938548028835387,0.0011446863684163588,-0.006259218747560857,0.004315332194880561,-0.0038983356988159246,0.008093951580075087,0.023233986012280328,0.03657463309596043,0.058107114292980544,0.038715379856289145
2020-09-26,-0.013227328832442597,0.025010265956959765,0.005424892199001441,0.011406578647923382,0.07962618143881173,0.009383864826871147,0.002226508018623896,0.0036830993713066196,-0.006661384681857174,0.0009837937048906564
2020-09-27,0.05988656349962418,0.030449151282759823,0.0022831856976197606,0.005360267707517297,0.010957946708155974,0.005486566064312859,-0.002105028605115411,-0.024292649711362135,-0.00847726023169193,0.0024570054808039643
2020-09-28,-0.006121220542614547,-0.011626808980393033,-0.006089609852421796,-0.007792057625287785,-0.00350670586815216,-0.006376154798124589,-0.015971481778724095,-0.010530680473876397,0.0027817763929682826,-0.0036785928338890495
2020-09-29,0.005105949865949144,0.012485518260233253,0.012604356977915954,0.011922119098355166,-0.00162767522213636,0.012946190125610713,0.009723640234983622,-0.0003420997091798661,0.008158760379041397,0.00543697512747765
2020-09-30,-0.001176116788132009,-0.004246016107099515,-0.00554646448346463,-0.006856902643096019,-0.003911381551944593,0.0005016740848944323,0.012553295237917483,-0.009163505894776103,0.009225796817213139,-0.0057282981925975696
2020-10-01,-0.03163404085662436,-0.0025725133904207498,-0.015303370300178809,-0.014710072341459823,-0.013520738562162515,-0.01870312835433363,-0.001249753208292237,-0.01776735755632164,-0.022078409735542426,-0.014620497539420074
2020-10-02,-0.05051853726371347,-0.03252759551118167,-0.00409414143543152,-0.024217932578820434,-0.02486077528886288,-0.01972498177140869,-0.030002780704546206,0.012736370947858955,-0.028357862453645133,-0.01734321035836739
2020-10-03,0.005294810324154575,-0.005263205710604568,-0.0025194375739971964,0.0004487913792170506,-0.010756132981911803,0.0008178531913418663,0.014642488674526888,0.04513540787631154,0.0008439107745388252,-0.005035921220143957
2020-10-04,0.0314196062254255,0.011553351468896134,0.011399199427022166,0.015369647885076665,0.005010543015661728,0.017479160421163265,0.025192844783173296,-0.0269821594596652,0.025268019128988684,0.06330866310926697
2020-10-05,0.01241330352523784,0.002971775370779195,0.01159903211277169,0.0011686315948828963,-0.010405945473473732,0.003907711634822508,-0.007851009512884755,0.0031106972684737944,0.006360082574760506,0.012641004835860947
2020-10-06,-0.0485524361421904,-0.009085099321137768,-0.017504646058134066,0.06484047407161597,0.026278993324556632,-0.03712580364145024,-0.008146477467783408,-0.03263626372682016,-0.01250358859649825,-0.02182869082037664
2020-10-07,0.010688734754018325,0.014726963045491814,0.0060882710901424275,-0.017456352258207186,-0.013006203502829328,0.0029130036979352347,0.014677435129534455,-0.004026604805682732,-0.002758526712636322,0.013034909656840954
2020-10-08,0.02507461899375385,0.04634919181312491,0.023124708925124526,-0.013745787759198325,0.0010818782445636277,0.02620615039517382,0.011956573724233532,0.0076147145825442575,0.010981880191375248,0.011728521263348224
2020-10-09,0.06004035705322064,0.01602479633943621,0.013629236597062944,0.01365068135096048,0.01806602780704325,0.042262747082040475,0.013015576407040985,0.021502882053586747,0.028031999934764684,0.008100959111081218
2020-10-10,0.03041452347497553,-0.00017761638807212154,0.02095930231275278,0.0021026264489298896,0.005300424594476327,0.014708002366342399,0.02274880171035898,0.00560576419166825,0.029663015508062607,0.0031519865333402564
2020-10-11,0.014406063697799176,0.009886625508238378,0.0077742124166433335,0.005345864999775074,0.025521114733010997,0.011252921017721018,0.0369330365650653,0.003678388640308672,-0.0018610804146202975,0.005619534683448446
2020-10-12,0.03281457090730666,0.0006054624169868905,0.01503679807902314,-0.004957622774433013,0.004573737375154652,0.033558494889834645,0.00031373103429355176,0.023236511252229253,0.005878635292206225,0.002842955881622755
2020-10-13,-0.01074211059705199,0.05719112121117442,-0.011203790312466544,-0.002017797762054352,-0.019615988567000198,-0.01686863418993423,-0.015828073985127422,-0.010855915779442227,-0.017223910452238922,-0.0004796104545085056
2020-10-14,-0.014285413119406676,0.022100877994924994,0.0003157232305546209,-0.012240903871044484,0.0047711557431631135,-0.0044773541995790644,-0.0018852490509401187,0.0014558781584761427,-0.027008977976845983,-0.02682165893693511
2020-10-15,-0.006169850206511174,0.00868761221798442,0.005760771167350187,-0.006417520140997057,-0.009302845316104591,-0.005381532815657342,-0.007144279487237948,-0.01084725046165158,-0.0032577422782832377,-0.0140630574166144
2020-10-16,-0.02411022904972626,-0.04231052807016422,-0.01506927308750361,-0.020750440547094406,-0.028641002747265,-0.02970743726519065,-0.03632013124494937,-0.030034730862315007,0.06295162370448049,-0.022350954155390568
2020-10-17,0.019603308715240297,-0.01600108403819589,0.0031777181254826203,-0.003297590531646244,0.002297681213122571,0.0071728961371237965,-0.013397106683748161,0.00027202623725264274,0.04083751482978082,0.002029579216028088
2020-10-18,0.01210129486347844,0.014177631756230102,0.011028058853915557,0.00840865898319798,0.006272442266116229,0.025369682024107387,0.012020603320414658,0.007379752644263604,-0.02887104635839166,0.005370840256729625
2020-10-19,0.012003227835705177,0.003593214872746886,0.02252631185070797,0.013236968380109904,-0.0001767573409304779,0.004552780347713448,0.010066667318210154,-0.002891710625839039,0.071627045933776,0.0154360585022435
2020-10-20,-0.05689334845246041,-0.03136791130796435,0.014843919324981414,-0.01982659336241055,-0.023854862412179823,-0.02842246378033897,-0.021786060924548045,0.005838871295119841,-0.050944827737495646,-0.009720977332077663
2020-10-21,0.03603137190590178,0.06452264342739111,0.07614375520341321,0.03311390124607594,0.0533340505346267,0.06245127472350509,0.1273999940814705,0.02725668857320329,0.03552263463922167,0.03301676682731647
2020-10-22,0.04129509187999192,0.030783710931145514,0.011089019970212055,0.01992352809211817,0.046780478382212776,0.055032023655851914,0.023035896189389504,0.012012983935008492,0.017904071060292015,0.020634746916839752
2020-10-23,-0.02251022406388148,0.01441814522247764,-0.0026494544392426933,-0.012207199314530959,-0.024509515707078378,-0.009682330208334755,0.017900523420724346,-0.012979761831864223,-0.017413198290979426,-0.007507589927043146
2020-10-24,-7.403498601155079e-05,0.017784245994234782,0.0136506131750318,0.0029354771564660265,0.00785053891732268,0.006566951423729428,0.06982242522024973,0.013450180332740036,0.019595395124380133,0.006089224912070534
2020-10-25,-0.015951860184021616,-0.014693742722012293,-0.0058657541398662305,0.016650185787724814,0.004075442194452883,-0.015128433756102622,-0.007120460607115353,-0.004251375706341931,-0.026850152958535545,-0.012549281489452446
2020-10-26,-0.030596832464749313,-0.04167355737779288,0.003382214014740148,-0.02444130135809297,-0.01757988773865038,-0.030351866854822607,-0.03287652815145614,-0.006422892852850359,-0.026893437874268566,-0.017870295458627394
2020-10-27,-0.002618908331704306,0.018310834019770406,0.04427990207523247,0.013541491020730323,0.0006455464468875238,0.025663961040470307,0.018860863436111597,0.007435964698412123,0.011148566453703435,0.01693283829770076
2020-10-28,-0.03744151054625222,0.014932695985938826,-0.02804507535445777,-0.003562979485997708,-0.03197008569239124,-0.037986127241859236,-0.03586443004484452,-0.004042881529456754,-0.03932326298075317,-0.027813431768200392
2020-10-29,-0.036382187077420025,-0.005339700934464675,0.012553242153156674,-0.010058322680030374,0.022340462907042724,-0.004941851425972588,-0.017520880146640883,-0.013481355305313025,-0.01449256951738831,-0.014520184917066192
2020-10-30,-0.0210430312901575,-0.01957617354023189,0.00808458072996765,-0.046590947236821445,-0.02605318236573928,-0.010110735385608915,-0.016996365419523096,-0.032616049687414495,-0.008908702037003113,-0.012839678767872953
2020-10-31,-0.003352278508032547,-0.000266912708121958,0.01730869726353168,0.006215592899314615,0.0018982695161753327,0.009848898837674147,0.03260379020602322,0.005619263004244646,0.011854754291365843,0.0023412336158035174
2020-11-01,0.05524627565050255,0.022148593717319143,-0.003184511845067406,-0.0036699277949319153,-0.009877141397752198,0.02526667630791546,-4.741758415571784e-05,-0.0016685744866179464,0.010363935327585505,0.0002210834556171104
2020-11-02,-0.06165156954844009,-0.038706352000834054,-0.013585108198026608,-0.032309076087843835,-0.04946946063522817,-0.033306859903456054,-0.03184416758704145,-0.050297355691156675,-0.03590819412902457,-0.01824874488146777
2020-11-03,0.014010824094396579,-0.050749947792575134,0.02950532012761009,-0.02863805878648651,-0.0208252970638092,0.011602130737028649,3.9764869828484706e-05,-0.0006957951241282068,-0.004612742620247023,0.017368874517084576
2020-11-04,0.020709861704865107,-0.01235624818793668,0.013147117963686394,-0.004956326425221591,0.0022681798475638892,0.03751223924387381,0.012625163102134795,-0.009010439235168088,-0.009533767619954392,-0.007168807989227366
2020-11-05,0.017039015997470708,0.034907384825708876,0.10231863433740651,0.04041104071650614,0.046831484462871886,0.02965458483467409,0.07668738559657218,0.03165811517345207,0.07483272326396428,0.033571211663002254
2020-11-06,0.12486340397074458,0.03275077008643512,-0.0008965281862933772,0.03717052834465795,0.051715465547711004,0.0981771366329065,0.07588152448255836,0.044187117557814126,0.04613663570706783,0.051546925538088706
2020-11-07,-0.07081250970972408,-0.01602426294926862,-0.0470340843373509,-0.014091948598587423,-0.05289541915677476,-0.04179757617359503,-0.06316164617513997,-0.043928627066489256,-0.050790512675331634,-0.03429357211015949
2020-11-08,0.051706936920563384,0.06746065914565236,0.04353675277640923,0.016085466609025545,0.020793200616536334,0.040948144234179695,0.03231792361168795,0.01785717622544225,0.024166612855980985,0.017457229507096494
2020-11-09,-0.012155192004040694,-0.024811659230741023,-0.009512665921690977,-0.0158379553656256,-0.027929869047314315,-0.02070692244149086,-0.027698973596979037,-0.02184115694457467,-0.022823696790296277,-0.012565987217835417
2020-11-10,0.004557357339683321,-0.025113581976707877,-0.0027010327388199418,8.394402612355023e-06,0.017734298518327307,0.01242014836129579,-0.018976877224264443,0.0024585775219545525,0.0018951631680597103,0.01261417826886535
2020-11-11,0.001512227352802098,-0.0008949467466959904,0.02684194109497806,0.0015760358605869662,-0.006462478844848185,0.029534169495399443,0.021939309222700265,0.007317502596597247,0.010823258900017452,0.009247357843264359
2020-11-12,-0.013589425456298376,0.010501038709695099,0.03662132734990031,-0.016600624050813972,-0.011326312665252525,-0.004223386354289427,0.014287977803171259,-0.004669920608227129,-0.00032224416375659093,-0.005291543706115842
2020-11-13,0.017852168505652743,-0.0025007540670287653,0.002547552717421464,0.05511935858109496,0.01984748680531445,0.029546635124694687,0.0843500002717319,0.018767324347640946,0.02047953750353182,0.040360453050785505
2020-11-14,-0.020575006593341327,-0.013129286040538424,-0.015300456580341737,-0.02227549623818814,-0.01800290865247922,-0.030501025586850417,-0.025712194709174296,-0.008423584188111843,-0.014091732523814238,0.01188200081970403
2020-11-15,-0.035229700847061785,-0.05630476647289595,-0.007004593596581565,-0.016439080452432364,-0.002338716377108141,-0.027362302769762148,-0.02343000013578167,0.008653894855303212,-0.01064589020936868,0.004844590714214281
2020-11-16,0.034586344576708505,0.03633982044208928,0.04766502135260464,0.031166595684609,0.056627807867315916,0.027663890831452376,0.14525268052029894,0.0073596072178470084,0.019951696585968515,0.05888545621177754
2020-11-17,0.05376513005242156,0.020585453820316957,0.05559276937282975,0.05294985732670221,0.08543306651955818,0.044396563964784974,0.06345619804053415,0.0340677910845113,0.0510281439187692,0.059148301944969006
2020-11-18,-0.02916970281224751,-0.03197353063899899,0.008988152900985202,-0.02592236625929889,0.05125493403629777,-0.001823646722940775,-0.02844212872951213,0.013374690418278101,-0.028579760509819696,-0.02706943018069441
2020-11-19,-0.005046855758096602,-0.003463707205878075,0.0007348899162549216,-0.0021140719851212575,-0.0232708457324472,-0.016379350617824917,0.10840271434609994,-0.03802852953954294,0.0034802940312930186,0.032438142013757165
2020-11-20,0.11675135656080537,0.05110165360187113,0.045137820846602006,0.05285343237328233,0.02201369776630302,0.08081356321758748,0.011011781505004148,0.018138159010356647,0.052451531846112065,0.08000228791283481
2020-11-21,0.12449885855360066,0.1663863330989983,0.0011233347035009,0.15872647595342593,0.08508958316194004,0.07796466688339021,0.046340751153488347,0.15473922649105387,0.22759238346102229,0.3971006896263536
2020-11-22,0.08887131144564298,-0.04945402382500297,-0.014602889964538845,-0.051181213561410366,-0.08309861855246048,0.015617271492200935,-0.04288745126566462,-0.05393111461091782,-0.04500712824091313,-0.031949859400253855
2020-11-23,0.06044492051667372,0.1255513493970779,-0.000320133845930215,0.1084569259278878,0.08488073954881026,0.09028633587462331,0.07659955908586968,0.10362730013867139,0.26150920923136156,0.3837728532335991
2020-11-24,0.08346688498276333,0.06989941341022265,0.040478046632625775,0.06017289305532181,0.11144437181059819,-0.007488280314670304,0.0018650345943096447,0.10715752569113057,0.49679548434333576,0.12724035579501747
2020-11-25,-0.06710436394012842,-0.09498578737316876,-0.01964382784787766,-0.04087246939323541,-0.03542530459036952,-0.05499460748003315,-0.08211667360996655,-0.0559215299834509,-0.0014221964332499226,-0.08180863177581099
2020-11-26,-0.1087959890695499,-0.1351337849829668,-0.08442706722639481,-0.1449227642389137,-0.12524267937230948,-0.09091766638538712,-0.1345186519212478,-0.11233613943519083,-0.14166859545165023,-0.16123801262770554
2020-11-27,0.019865340945643517,-0.020536781190095388,-0.0024617591448197196,-0.02366604487442958,0.012665260868641282,-0.0025201063807008817,-0.024579609737275465,-0.0008166305117726091,0.23193954156348529,0.049245882757483095
2020-11-28,0.16849845877566993,0.04006700716973022,0.03559722915754793,0.0444875035932597,0.019934789676218534,0.04007021428140933,0.051633274482561387,0.03650849101134024,-0.030066545508571574,0.1186443297211115
2020-11-29,0.011214188126761115,0.030337699558800058,0.02596712538731971,0.011277062812292238,0.010419920261549809,0.06972534679646114,0.08999642317830836,0.008674228714344645,-0.029864694721316698,-0.03097074701832425
2020-11-30,0.028018625490187965,0.11442446458015798,0.07967832801396635,0.07460055476692196,0.05075572403546236,0.06788350107386454,0.10525088876326505,0.052803038576819894,0.04051510217158749,0.09582081422694855
2020-12-01,-0.089458725144688,-0.08938861394708975,-0.04192625951044282,-0.08094725293970095,-0.08078853712752199,-0.04475677961558855,-0.02442331291443489,-0.06321161746524884,-0.08742513769120008,-0.07739137651431383
2020-12-02,0.016501777539248197,0.021223442761767464,0.021171823185194727,0.02128290583575554,0.00977367776736604,0.018777021338771238,0.04003880253650638,0.030353049900641915,0.003936556805158586,0.027686965715342682
2020-12-03,0.0356654430491572,-0.00664642954966177,0.012723580680175761,0.007782648850232166,0.05553335388719183,0.030678218435329363,0.00272860725631463,0.014264616101109295,-0.004574627857271252,0.0025242596626315894
2020-12-04,-0.09725845027817859,-0.039642369638379193,-0.038344949058079725,-0.07359968224477731,-0.08777016534488291,-0.07678592848328947,-0.10193040473079318,-0.06599030371930936,-0.11637837358850334,-0.11753445906551563
2020-12-05,0.07708393959360826,0.030638680739210722,0.024303237423597412,0.05430982121063077,0.03179925750128154,0.047845914887590935,0.038762402509992855,0.03448045921170784,0.05442265880526831,0.048736456881019574
2020-12-06,-0.00501664094293508,-0.010205310850222138,0.009965977245154134,-0.004971182754151204,-0.005193570451699658,0.008906433191264718,0.0052528156769933165,0.011546486496432307,0.022781547753345288,0.06062413124300292
2020-12-07,-0.02981742332890369,-0.008595574464765443,-0.007934312410408761,-0.014825644638741142,-0.0018222056031719225,-0.01672281499383932,0.0008225158227921359,-0.019660498063782672,-0.040824497532310766,-0.01761231012559028
2020-12-08,-0.08565494679793251,-0.05757857267091937,-0.0453576006387062,-0.051954788560554355,-0.06149888690376282,-0.06254293959158741,-0.08221801509802273,-0.08140644857266521,-0.09294190378038913,-0.0822716471273075
2020-12-09,0.05135247958290967,0.0043412659341341975,0.012705073309037251,0.004025893928136126,0.051433697337455175,0.033616499701109914,0.008629766591117027,0.030916739246667158,0.12709826264457647,0.04429562256178521
2020-12-10,-0.04164953181500697,-0.010156968334671945,-0.015572121156616547,-0.023836435622929808,-0.027761695659132224,-0.024064691319026776,-0.033346960482188215,-0.019644710334352222,-0.06457870675079946,-0.018225076766811177
2020-12-11,-0.01792328641997698,-0.025000530654322617,-0.011283218109780502,-0.017608716420681847,-0.016702756360465143,-0.024802031631535493,-0.03664628886854282,-0.011618005675290255,-0.061588297951453375,-0.0462009495272494
2020-12-12,0.03593422882705588,0.03232758189541496,0.041240151721379625,0.027390004315525518,0.028391690620142906,0.041718703731370654,0.064082828507114,0.02706784476845736,0.05139570005198357,-0.07334533607214211
2020-12-13,0.06578987814385528,0.0285152267815989,0.018013866983980886,0.02886295299473507,0.024674225914198544,0.037103585490145585,0.06901266206530532,0.02141957130739014,0.10004402381410848,0.009998000235169613
2020-12-14,0.026162008271304105,0.004374782491116669,0.005446642655266398,-0.0019262146767512478,-0.01387180922183473,-0.006193431308962327,0.004420920455065591,-0.0032894986680210847,-0.029110323493395596,-0.026887549175836356
2020-12-15,-0.023336682177233947,0.04281737594365631,0.008855135259981495,0.007706728149389663,0.004221553959556479,0.005707094951707736,-0.011685883308458767,0.004056670569162701,-0.018879380225735543,-0.05626144168750491
2020-12-16,0.08608922657751883,0.07983740289924768,0.09751836309514528,0.08148788172774024,0.06316642088869906,0.07945327683237835,0.13991303499398144,0.06745191217366076,0.14916218375728052,0.21059381815145528
2020-12-17,-0.024500415988431112,-0.003588291099515195,0.07013245133867341,-0.018658685523295415,0.006359701235154613,0.010511356250089365,0.0880473239473678,-0.01501157162890876,-0.02855783986925664,0.014155143687182292
2020-12-18,0.009205865050890605,0.00798537602717242,0.014593135822884129,0.007379315315292789,-0.011667044392182024,0.018577647939548747,0.08344859465820709,0.013188762598997705,-0.0043456075535865946,0.0131841383519542
2020-12-19,-0.0016607423467712712,0.017483486690661465,0.03163075154837203,-0.0010817204578990047,0.003365333556561767,0.006850763657229253,0.10215706698483107,0.005688871274657448,-0.017771570268768522,-0.00875778569586494
2020-12-20,-0.016549830198188564,0.09399158908007288,-0.01644490454985592,0.024768569374010507,0.00790491067468757,-0.03186280386564,-0.04887995409665058,-0.002077304837460492,-0.026716245147147655,-0.03989382038816913
2020-12-21,-0.057609211292126594,-0.09671294054226998,-0.028717656479103182,-0.06118958738015812,-0.0529944915203997,-0.04460813155249255,-0.08424990290762147,-0.059087280600083725,-0.06001847289603479,-0.07034158153434866
2020-12-22,0.023077979546434868,0.029882079611860846,0.042974334095805755,-0.01504284787102117,-0.0012699780866374244,0.04105539884074627,0.0826145420269766,-0.01654184893972821,-0.02507858050171674,-0.13250176037236072
2020-12-23,-0.12668157937295077,-0.15356644181589318,-0.022776055438033516,-0.20491226760039105,-0.17051664002947609,-0.0805532804990381,-0.1043566668700181,-0.14099812613796436,-0.22020532612351784,-0.42334007070183066
2020-12-24,0.12089241346730994,0.08073930556661013,0.021281190940612982,0.15914656240971592,0.09893419794030045,0.04778461622112218,0.09574364614653508,0.1159146143048746,0.26210755450038725,0.30632794310358724
2020-12-25,0.030618226235121115,0.07445368024225951,0.03913227940938091,-0.004152712001592063,0.03015634207932938,0.02420430689984565,0.13819874034917357,0.028883944909767534,-0.044060927656553006,-0.05839814914878927
2020-12-26,0.0016500943215023156,0.014096710128543188,0.07185327832809496,-0.020438563201678916,0.0130965217567236,0.015046214535492375,0.019495440817870913,-0.026634381775268112,-0.03630714633093557,-0.07349473638252535
2020-12-27,-0.02155562410180567,0.0475484686377734,-0.0062314920850786715,0.04161951999727753,-0.003215026428350476,0.07361415859069909,-0.015002643725930409,0.039945204467581874,-0.014104356061623302,-0.03961137543031712
2020-12-28,0.14449365222807686,0.07070814812568815,0.03092663485588698,0.01818690564925185,0.019970917980378644,0.06995611391998069,0.01986693234566861,0.023781496467457197,-0.004124895813771956,-0.12394404547944748
2020-12-29,0.08730022423197692,-0.0248594356930516,0.010250355112868093,-0.04418886689352086,-0.03239341104461013,0.0015372492130329984,-0.007762661388699854,-0.06237300433582815,-0.03851079416921033,-0.10887328141883079
2020-12-30,-0.04227643373386347,0.016192376989118573,0.054034499850387885,-0.012114642895399874,-0.007751908961868725,0.027475410142453693,0.003295684026781709,-0.026905030527468288,-0.0497208105398651,-0.04133746690243778
2020-12-31,-0.014360949953099889,-0.04391030992255873,0.005574281038085438,-0.004577132516230709,-0.001639231960713472,-0.018381058140691575,-0.03688809336441201,-0.004156646898687222,-0.026858643380221592,0.037851474612002
2021-01-01,-0.0333357785660755,-0.003110269243829067,0.012841708408869223,0.014419680077601527,0.004713118178931275,-0.010078365039673964,0.012350788482942132,0.003987614204417067,0.031455878366966505,0.08004695798284023
2021-01-02,0.0118220980614554,0.036885430957508625,0.09372577639540935,-0.003419899994861475,0.013694271908490263,0.06047286631119175,0.08488084566072795,0.010356348778446378,-0.03465042343077396,-0.06649568859507393
2021-01-03,0.15540265881537185,0.1894808835227515,0.020380066800975483,0.06420362546249647,0.13401600830167593,0.2594753293956862,0.16974490853298452,0.08361811797628826,0.06730563759821084,0.018916821260348327
2021-01-04,0.09642667265247562,-0.03284321705552551,-0.024712000360334718,0.005458532232141433,0.06975016726802674,0.06635041674388553,-0.03360531517157617,0.046041656562472166,0.21079282544890088,0.047948184011734174
2021-01-05,0.14927800019120196,0.029002541056043052,0.06319658000613337,0.03113506157903978,0.03343419383910495,0.057461231702209625,0.024465541361238463,-0.07198649994282813,0.17945876975477404,-0.041943257387951016
2021-01-06,0.28486255679209194,0.08270280935708874,0.08331071417326141,0.16527969388252117,0.04699436227095699,0.09736862255513934,0.06571559392849502,0.0657655815028253,0.7492442836546367,0.10648287582223359
2021-01-07,-0.09616806635460995,-0.010815350723342165,0.0691574669750421,-0.051160600276280443,-0.049437589673980264,0.015380441218393326,0.0035441986159587824,0.01812219733405218,-0.07334661056346081,0.2993563448913774
2021-01-08,0.018724556434904116,-0.018930360504465726,0.0362338992996023,-0.025173549229641545,-0.03709390293028003,-0.0012082756724967059,0.021601300689432668,-0.014645278741785228,-0.04104218899476042,-0.008503025739906689
2021-01-09,0.08958201638480645,0.30121453612901106,-0.013311135341493308,0.1611545089125752,0.11910447898469756,0.04646320835871487,0.024261650377287225,0.11148861996385939,0.0300459873502803,0.011403678050828647
2021-01-10,-0.08432512405215564,0.0517237968793669,-0.047152573214749416,-0.1487300428710826,0.144101043173666,-0.014699009060386903,-0.035885472893767645,-0.03206370633860989,-0.07432958032453463,-0.026245270856478986
2021-01-11,-0.09652180976267322,-0.20545010117479245,-0.07273315912449108,-0.13444225603412274,-0.18511653928000738,-0.13634523092842832,-0.1862060023637926,-0.12060122236119719,-0.05718122836356876,-0.0924526736858503
2021-01-12,0.04188181352478404,-0.0611101997452389,-0.046214502171538774,-0.03051196417457047,-0.03305488325951056,-0.0428482439504031,-0.04751319138193,-0.01398331201631553,0.03491431823672819,0.011138593051423396
2021-01-13,0.09270283772244947,0.10105963063861956,0.10003249550509552,0.0693026764043112,0.08311858699232144,0.08367061246989871,0.11147381508064425,0.057356919793685845,0.07907569988806529,0.04606621430417257
2021-01-14,-0.010245299521846163,0.061608931497995734,0.050138030111625875,0.010113605937896342,0.020355771383955723,0.07757191852287426,0.03163204523565666,-0.006159756920982695,-0.0046115754425472,-0.03318934111001215
2021-01-15,-0.02534180700615185,-0.06410372820040577,-0.06027358971670127,-0.012143265690021665,-0.019596567865787784,-0.03826032525754719,-0.05159649102564812,-0.007330914522152399,-0.0584198209969784,-0.05088036683010444
2021-01-16,0.16498860925315206,-0.003264816261310144,-0.017575563040677422,0.007265881209975067,0.0273023173542839,0.052655044668727724,0.0001932770477846013,0.012185351142697476,0.02484030752743971,-0.0007774583626674048
2021-01-17,0.07776555805831498,-0.024872259577439437,-0.010693288117263444,-0.007346021053684315,-0.019247946988747766,-0.0027282155417935883,-0.012716906802513361,-0.0003980042585158827,0.03954194362992336,-0.010007499827953903
2021-01-18,-0.02217701662628968,0.06609754295693304,0.023435790428599335,0.01750645085964453,0.006314404350475478,0.02203536943575002,0.06819642211677168,0.049002998796303876,0.00014824290434356513,0.026623688968733905
2021-01-19,-0.0061681500909568365,0.0012870928568109452,-0.015295342507474663,-0.0029641593928305676,0.019192218399774585,0.09545717838129009,0.00882938025246438,-0.026124338312640716,-0.01385325833288753,0.033518390181242586
2021-01-20,0.016950340306641776,-0.022986518750788165,-0.014473454791977813,-0.009052241535163597,0.00886563759539305,0.00361443711529974,-0.023168019889149516,-0.009255638188557014,-0.016880135252899886,0.007488603913163638
2021-01-21,-0.17364417902257612,-0.1596944480351109,-0.1328368400602007,-0.08379349078951448,-0.10241578971175425,-0.18860451399286926,-0.13204655122896558,-0.09188054135707802,-0.14183072399803132,-0.09298594410790584
2021-01-22,0.12690799698373123,0.05229295061170425,0.07072224005462169,0.0329597794265013,0.04650190730754411,0.1024824037765284,0.05485101652367619,0.03371351356293939,0.07085424052761047,0.01432627131321662
2021-01-23,-0.011253588918126667,-0.022697979117967004,-0.02842289017956734,0.029100003336490987,0.0003760080208203842,-0.004465468609136769,0.003493355321822822,0.019170324845499964,-0.0027577789561556987,-0.0035850317060527326
2021-01-24,0.023833803750779703,0.019927017463855057,0.006914643868341619,0.0032026749101714547,0.026052804911598226,0.13047928581876245,0.027051118181488976,0.02854013787543841,0.00667636968821439,0.006209982261422553
2021-01-25,-0.028243995676031086,-0.014316733865850972,0.0023851084933719235,-0.02243225175957142,-0.015804986252581754,-0.04828551839708972,-0.028507126458054755,-0.015389779588027785,-0.034530642158661196,-0.016160281751804617
2021-01-26,0.0010119682995752832,-0.013273663298355776,0.006286058316783416,-0.008994890234687691,-0.010346987200225755,0.0246473466409749,-0.019563825562642356,-0.0015224184769765392,-0.0023342476703276382,-0.000973737333911151
2021-01-27,-0.09050232646406553,-0.11684348036315295,-0.06562212475675022,-0.045904541665741316,-0.07123827350124423,-0.07654128534445381,-0.08760914703474143,-0.04025340759678764,-0.08600855079088665,-0.06280619005697907
2021-01-28,0.10556083441168584,0.0723337271778206,0.09968113394222766,0.08138172667948584,0.11311823293849388,0.06328269064744974,0.08570567983720734,0.04670783972690229,0.22240770155741973,0.04834036843059053
2021-01-29,0.00578397304945466,0.005251476834352564,0.02540747568580648,0.004979065064973254,-0.007502301313712323,0.03754666640282833,0.011429093985048322,0.12304370587974023,0.00832532716512513,0.06840016501054325
2021-01-30,0.041616551117688694,0.01825460635713072,-0.0013656239986477026,0.07151435598305778,-0.008477306464182877,-0.004634533699547028,-0.011943693756820584,-0.038082634626962486,0.10245894385695897,0.5601088348528376
2021-01-31,-0.04886954770813168,-0.03656457100309385,-0.03370820328466961,-0.0026015589118670857,-0.020068270436260915,-0.04442161534791822,-0.028704705196588964,-0.013269630731248094,-0.05899046427686161,0.11827537207378991
2021-02-01,0.1656577252840612,0.035646800325596306,0.012768370405776608,0.04981598837979795,0.01372308717673576,0.041106378941601296,0.018376968264815607,0.04189469132889001,0.052773649967044145,-0.24538205786595169
2021-02-02,0.06022888528671144,0.03896179903884689,0.05883361479570781,-0.019522659603730674,0.038493454919579895,0.10675593258422955,0.07999153985116347,0.006863734721580084,0.04593966232585989,-0.0060267421843795965
2021-02-03,0.035549788721896736,0.034161553697492186,0.055245981743407446,0.020790768114702596,0.015841072047960703,0.09616976222373852,0.09196081049436389,0.0387898520817207,0.016430940409255523,0.06558883738497867
2021-02-04,-0.0007906325370877765,-0.05401065644689795,-0.014571470120209207,-0.01312804829863623,-0.03514471402374075,-0.03982567909810919,-0.06724310882617401,-0.036731627128298805,-0.04945768901185488,0.13458798623044643
2021-02-05,0.21952784525882985,0.06092693687289774,0.032991388091470286,0.09427795925016769,0.11386798019433564,0.07768440029221635,0.06685598383252578,0.09290407113783838,0.07495642302843408,0.008059094508049647
2021-02-06,0.16734777418687097,0.025034100467101972,0.029406828078771152,-0.029813200056406752,0.02835181469951209,-0.023741923184774527,0.005569944804079796,-0.03171891073893829,0.0763514946554662,-0.02433297611805152
2021-02-07,0.056303201227167365,-0.027239821702112255,-0.009233693380855112,0.07335363036675191,-0.053254160239731396,-0.03791706041817189,-0.02937847338553623,0.024668137073621255,0.019061923015605275,-0.048139842375433006
2021-02-08,0.029058925145006187,0.0865612737637893,0.18746473766529936,0.03932535457488373,0.04838055188145374,0.08201385173983122,0.10638461982676417,0.12715447962751236,0.031639781680874446,0.07116504495076881
2021-02-09,0.03077611248425205,0.061667000104794756,0.006161523959955284,0.1621891256466783,0.10060440824158956,0.012262685569933707,0.08907726600959154,0.13535245917303818,0.0028589002763603766,0.05425263336995867
2021-02-10,0.32238355542300967,-0.03615142885667699,-0.03362488605290981,-0.00717573771175839,0.08631224915356839,-0.01345653537210656,0.000329030769362193,0.0033670363363484945,0.03952739894015189,0.06664115741293242
2021-02-11,-0.00277002790722225,0.07024617389468624,0.0665910372634968,0.11037349764142901,0.12280794455576549,0.022677205052725746,0.012743884926192717,0.2354457076975005,0.09818415816471249,0.0423918764975304
2021-02-12,-0.002321760786168303,0.09035976402018764,-0.008442623839676311,0.03570275096793085,0.030468602936562617,0.03348732312940794,0.06902969366800282,-0.030527155599480604,0.16544272450098552,0.15969329198310178
2021-02-13,-0.021465314741866637,0.14902082946538941,-0.008406213773231364,0.1565582250094777,0.37948660618717556,-0.015959972504702824,0.14701437290771757,0.07761831914672124,0.06082306428285578,0.03352663474455997
2021-02-14,-0.06326462479573647,0.09091182477243542,0.03421623595697554,-0.07240892404746824,-0.02706906154034494,-0.004975308838028325,-0.05214807016729739,-0.06830380062598074,-0.07554993847910385,-0.055331086473526137
2021-02-15,0.01484286793082723,-0.01600123349041116,-0.01585126109458379,-0.07791900663825246,-0.0929950389476284,-0.014012139783403876,-0.03147527820232432,-0.08638194594371995,-0.046135958662579024,-0.07620075386421621
2021-02-16,0.011543410683994226,-0.007213388229492579,0.026171883752032166,-0.010284799688213275,-0.019726575818797,0.0007172130023165302,0.013797865969444434,0.028140087238124556,-0.014484693687547567,-0.05113545422621091
2021-02-17,0.02292779568869241,0.013299662486115249,0.05994196027730325,0.041525684877950164,0.062318771826944674,0.03783727842182305,0.1255159663670662,0.008241707044686075,0.021355932494043106,0.028206024343737424
2021-02-18,0.026039400000950064,-0.014943217663465957,-0.008997504596578998,-0.0007621723832876848,-0.018225907208104908,0.04814334686912458,-0.04263756192170698,0.04533871679459045,0.0010180720073971194,-0.0057961094379186395
2021-02-19,0.014801153753964735,0.02101087455038786,0.08143096900475189,0.08328638175681458,0.027153115039100673,0.0117244756414987,0.04322509303965272,0.1098583652581191,0.032349287433422136,0.06495843438012261
2021-02-20,0.21054183130540904,-0.053604732824349965,0.0037823185014820293,-0.07095884148518372,-0.017640784477558458,-0.02072822520328288,-0.0382637928581242,-0.04897593888546248,-0.04983629676497525,-0.08731094292021446
2021-02-21,-0.01998109564977013,0.03724806133233827,0.025676258785917394,0.04985262708558014,0.036878704200247636,0.00837026909619265,-0.0017069446294459834,0.024586107730409257,0.02205302012291588,0.05999474109207692
2021-02-22,-0.001243956913856037,-0.10916249654754329,-0.05791845963531039,-0.07946247503281245,-0.10963823216368995,-0.0793594074434344,-0.08416337437014143,-0.08562592242716427,-0.06377914942850027,0.0422578398424045
2021-02-23,-0.13141235356977343,-0.18586896615029247,-0.09930198541853996,-0.1849909816561497,-0.18837965139638058,-0.11884948478862234,-0.14978787603053034,-0.17629099576705176,-0.17223639540716051,-0.1717176166273049
2021-02-24,0.10154714019957978,0.026995995034289733,0.018042326886684945,0.01695666752331193,0.049926272453197695,0.03590087965500732,0.025114166080309586,0.07229292243078889,0.05357925857733292,-0.0036552233627690223
2021-02-25,0.02611024924455374,-0.05716576379558369,-0.052539242009451814,-0.06308294840358508,-0.07485001058541096,-0.09275433646521236,-0.013654618000893626,-0.05877819040617516,-0.06377319323422015,-0.07907053127341968
2021-02-26,0.1501126622118778,-0.02495493106421154,-0.016012490351298148,-0.02744291011190292,-0.024588315243556647,-0.02010569143015961,-0.047532728657084244,-0.0007078916736199536,0.050906316722119094,-0.01524429764572599
2021-02-27,0.06748423299920092,-0.001582842865148426,-0.003265200081699504,0.0335978952907694,0.036234229181879796,0.009639784472410318,0.009990138094437606,0.03172248801854849,0.10177743011038776,0.023157289753454213
2021-02-28,-0.01268133986687281,-0.049263196038549895,-0.022747754528746222,-0.05714241774616813,-0.07192999982148762,-0.03008561801322729,-0.04168076763655626,-0.02057678133674823,-0.07884554730507354,-0.05220540825484232
2021-03-01,-0.011980357965345911,0.08922722955436457,0.09955017057586457,0.0667485929586058,0.06609749561160072,0.10498132242232572,0.06251686725106809,0.047560680317822124,0.058199803399691774,0.07781844120937298
2021-03-02,-0.05169187635177064,0.03206453784379404,-0.025231161886280384,-0.007474774193548361,-0.008239233919350664,-0.046078177824534605,0.015034057966155867,-0.020264338390160175,-0.02498851034512184,-0.023269179793080852
2021-03-03,-0.007334455346293178,0.012696971700296045,0.04463205996986197,0.04650990913304809,0.035204752904903325,0.055771067902868676,0.059892521674441035,0.047663739938818006,0.006053942016292391,0.03077122602908733
2021-03-04,-0.08361463529254065,-0.03190621512644731,-0.039120359814156846,-0.021166601323655665,-0.02386856670739257,-0.02153680549869552,-0.03950136695281292,0.04681963263364031,-0.021044595351966122,0.08067440711593243
2021-03-05,0.04812669031246264,-0.015553105644978138,0.007539701660092213,-0.01456397824185618,-0.00644669441809842,-0.005602958730816177,-0.0017287188099606166,-0.02162321437297887,-0.017065826091641312,-0.05854026218180408
2021-03-06,-0.03210120175089859,0.0044548011980749536,-0.0003049805235605385,0.006898026571459548,0.018227140327811586,0.07922032955620151,0.012260591702889956,0.0004177417755559798,-0.007041410236730994,0.01525150757000282
2021-03-07,0.0020821879806265375,0.029849234078137332,0.046906498146797926,0.031182699494407107,0.03407083651244758,0.04134315133557287,0.04250259883711527,0.02847487769840029,0.02363938739235638,0.0037862108595669852
2021-03-08,-0.013511937211664549,0.024843126754244826,0.020306565464276005,0.013234182243835546,0.014058583567858163,0.06474993475523938,0.006125941270345603,0.021093532067335774,0.01135536593250186,0.014415219421942238
2021-03-09,0.06896634448274797,0.030300960472869454,0.049335220420617,0.07131815040127387,0.061045588048837196,0.01816123402047265,0.061013471511323525,0.006816520021821537,0.03620801040738697,0.02616359741488372
2021-03-10,-0.050334653701767706,0.0033275451621812557,0.021604243798385436,-0.0428021486604353,-0.03317783980362665,-0.03687407273423038,-0.015326237217614058,-0.031143686430795348,-0.05057439989805279,-0.046959992950288854
2021-03-11,-0.008998229720426076,0.00538293773480869,0.032076714848716215,-0.00959329275906684,0.020493593132476118,0.015022895397648561,0.0036579204757480888,-0.00021346462854221482,-0.01185333944709177,-0.02203526197855621
2021-03-12,-0.07614391809926468,-0.019219778570388146,-0.008183206626845796,-0.041690665594712906,-0.024275147539307262,-0.02962034771084776,0.09728714726098175,-0.02842390773292447,-0.044417354687430244,-0.02611492895236045
2021-03-13,0.06175275084054421,0.10574289070275777,0.06821652767950437,0.1314705396996616,0.15813930565713163,0.08610281570039335,0.026033154702135297,0.05541348883838482,0.0525767951248699,0.04260189570257866
2021-03-14,-0.04002487664053844,-0.0645345122810983,-0.031689610370558396,-0.07361796990401692,-0.07545125579439182,-0.036432495849089586,-0.04979380814982248,-0.028666148612804587,-0.040980893078338854,-0.03872816627311382
2021-03-15,-0.02418437363109338,-0.06063988762889172,-0.05725100456855314,-0.038446257234202696,-0.04808234434923242,-0.03389586410902523,-0.06517293666849877,-0.008986125705985004,-0.015411183736046885,-0.010307373525403118
2021-03-16,0.20261826071972244,0.008072089166226926,0.01605702194966918,0.06409508117384122,0.020592654681771627,0.008522359714190797,-0.0011128819708268178,0.02865850204792042,0.026583740491063157,0.05723853757709563
2021-03-17,0.10919159518713828,0.024010569670624538,0.036369962842253134,0.00266703038639049,0.005080626838182667,0.009118868953279069,0.02500637741597056,0.051207515630911304,0.022734204348408227,0.02122136696413146
2021-03-18,-0.10130532711776163,-0.02050148213342806,-0.017189693893861602,0.02243558739956808,-0.02151034870538049,-0.022262334013067764,-0.02683884063139308,-0.02541152853863793,-0.0176284362918514,0.001062600036690009
2021-03-19,0.050979570379128036,0.010162859919500278,0.008429650137686817,-0.0012945494731025908,0.006092676927910379,0.019501889367920855,0.0026250126213505087,0.09733473274494542,0.001808336426428525,-0.0036961840442919502
2021-03-20,-0.0734382555458496,0.007467819010432919,-0.0005657190459794625,0.044548484762052976,0.0032420370767296536,-0.00274506804140795,-0.0012796624884494623,0.03889919520348517,0.048101067885111704,0.11847082914950313
2021-03-21,-0.014422204325791887,-0.023327027599190808,-0.013551247955811196,-0.040928274437963985,-0.02672656646976046,-0.013470780019506856,-0.021805464264953445,0.03628022818683396,-0.029914681531088116,-0.01357900668239409
2021-03-22,-0.06665821907446934,-0.0251098360448615,-0.05205318540083803,-0.015260067992768023,-0.020811306681332797,-0.0541785781135381,-0.047599764128096966,-0.055801255849458165,-0.020392639587988093,0.05791649582222269
2021-03-23,0.01052189736569109,0.005676442087616085,0.0038474981233158623,0.00297032910494055,0.049032335774344515,-0.0074993100167096705,0.0016898399089160243,-0.015628154651778803,0.008433725436876927,0.01209765874282076
2021-03-24,-0.0415050179310521,-0.06998475578757513,-0.035891807492523076,-0.09621750227315928,-0.07431691384630212,-0.050776926040515424,-0.05197079631051116,-0.04676185966388924,-0.07860058706895923,-0.12173666741092826
2021-03-25,0.024718084404459217,-0.003813844569784397,-0.020277031922222966,-0.0064870297513486275,-0.023478879899070826,0.0012211524752892,-0.02585779445571279,-0.008149217807949083,-0.0074299856938113695,0.058631021040017384
2021-03-26,0.102031324128808,0.06423496582811405,0.06639992475218648,0.13217262091828763,0.05628638634160188,0.06737215325548651,0.06481801995426095,0.1668045572820478,0.05904614489173632,0.09576262909206168
2021-03-27,-0.030801462364155374,-0.010523272012030627,0.015165759461888806,-0.020147714221778634,0.0016969015118071251,0.008017530435460829,0.002994231874488884,-0.017103271814960186,-0.007181844120865866,-0.029295207158086423
2021-03-28,0.012363823821716302,-0.005271787119776827,-0.0004067213991215679,0.005108653016395959,0.007775325483961648,-0.014645354230451879,0.0010714891908296664,-0.0035586186887749394,0.03799884856668867,0.0005686038215244604
2021-03-29,0.009585090761771164,0.039185750574134426,0.03216137854506651,0.039330467297111316,0.05842210312667939,0.07587343099405097,0.05105316028077467,0.01931949023833579,0.021390244230077515,0.031075462827884204
2021-03-30,0.008961060782769481,0.0135650274551391,0.020216245195582738,0.016923411031964042,0.034897552973529145,0.014479844479645232,0.011350166836679776,0.019987348353014855,-0.0047611177381848835,-0.0017820380057548268
2021-03-31,-0.016527443738927783,0.029447912791956465,1.9359634988669328e-05,0.10434967453941724,0.08192681378950506,0.039180416629085224,0.004153918172862481,0.3968465079646215,0.012211110393271607,0.012366360907460905
2021-04-01,-0.0033688904020690025,0.03390855409004234,0.0030037350775407035,0.16815949940520492,0.02351837196278539,0.03071098836529318,0.03348581633077985,-0.06707685537914043,0.05260182648726386,0.00944990841223925
2021-04-02,0.006108899046942451,0.042818197239380185,0.004881969011259368,0.12021296723543817,0.06090619294271482,0.08392791834374091,0.04466102970848307,0.07468644536804803,0.03253785961448652,0.064349211284767
2021-04-03,-0.019416471680658964,-0.08370838509410616,-0.029981350293480258,-0.1341278057654579,-0.10616353376634569,-0.053565570203716883,-0.0754129629194964,0.10286111411426657,-0.06388702071270913,-0.04160760441173894
2021-04-04,0.015463473926102145,0.055590469906217965,0.0200448971410081,0.16404131824304446,0.0696429273036836,0.031896864607867226,0.03497216203487463,0.267468046416784,0.047249825611216156,0.09445345927625515
2021-04-05,0.019204040680964374,0.1448296926764887,0.005094138552963257,0.05652049849767349,0.10335266077254901,0.007053768788714887,0.08344391136328344,0.05682788964619623,0.22512204427868188,0.4232746486921297
2021-04-06,0.03380878626333628,0.029584916200539046,-0.014655445594718208,-0.006416170304671898,0.107491101254233,0.004977353239657756,0.07507091567831292,-0.09033455438033122,0.011889213440318569,0.1909812190320337
2021-04-07,-0.06389040852374772,-0.07360713641639749,-0.036833390122360865,-0.11790988047448436,0.07447827172915189,-0.06953507481952037,-0.07675187233473468,-0.11330346807166225,-0.12798662117591197,-0.1629987714418627
2021-04-08,0.03768635882986415,0.04682616909035553,0.04058980823677527,0.09543805383959225,0.01624836912058525,0.059610275923209555,0.034542059714258944,0.11595732383610935,0.07085872221034895,0.1473228753548943
2021-04-09,-0.013035601113695061,-0.01831071407364404,-0.0013536328475677317,-0.0349261965801112,-0.0376243894214765,-0.007883295432574822,-0.022645758146706885,-0.057983278541165806,-0.04030854189398936,-0.030319470030937046
2021-04-10,0.012644382318783842,0.06017059899366517,0.026581343719059625,0.06384229728287427,0.08649545190247387,0.030805935133171092,0.15215662038413824,0.08667863122781316,0.15510684760950078,0.346361918588187
2021-04-11,0.039365461546489566,0.033608760490851264,0.006885903949730876,0.020075760662890296,0.0019762431813530323,0.010166400745060589,-0.007768294848625512,-0.028813390523664384,0.048023610624568835,-0.01010318196803539
2021-04-12,0.03899157013038512,-0.03132635599395894,-0.005174186540237491,-0.038790231069361414,-0.04409624671921397,-0.008483142170705449,-0.03603647125155851,0.05471874154713241,0.0030264431382081014,0.07879652181166441
2021-04-13,0.07268221207551528,0.10681767899231698,0.06027376479221824,0.13837246645863477,0.08654377497686938,0.07471158447120319,0.09197392303389407,0.13367119828319352,0.1096593931063159,0.22229211645568725
2021-04-14,0.030906991764446,0.09618611053588078,-0.00620063437737306,0.04099816494601671,0.0355646753175789,0.05911532743444026,0.04781956207323157,-0.03830536755696967,-0.028413515937946277,0.025214611489230876
2021-04-15,0.017979681787488877,0.06040293173283273,0.003237480473297971,0.027602431236623426,0.3036850487783964,0.03450004461515177,0.024458382187189542,0.1702701228524388,0.006761062175542509,-0.03978227490062303
2021-04-16,-0.043628169247986515,0.2793264275660756,-0.027501379378466195,0.08111191033236831,0.34500732026215153,-0.034603277671709454,0.08382035099346696,-0.015554134070092429,-0.043331172761132186,-0.11808163487917933
2021-04-17,-0.022640231595720373,-0.09393569035707061,-0.014437688523377457,-0.07647370527749431,-0.0055991911586529275,-0.03579499486660964,-0.0188428004359924,-0.028712651833688874,-0.02284172588451605,0.0016231317280808177
2021-04-18,-0.07897351177223488,-0.040386190459554605,-0.0736215468265391,-0.08104609446370337,-0.03427625929158162,-0.04595432023313606,-0.10388866908936811,-0.09245724014612389,-0.09098133835748778,-0.09875102107561196
2021-04-19,-0.06079341826922269,-0.0740966988215711,-0.008750468945115109,-0.0851435279454249,-0.0948751501707733,-0.03171385720426667,-0.04093608355527867,-0.0884664638601016,-0.07985550031075206,-0.06468995450878834
2021-04-20,0.05674238208623006,0.05240656531784049,0.013436976092944253,0.008865664305948595,0.0040859680666089915,0.07571926454479683,-0.003733497511059891,0.02146829514366444,0.05330044280678892,0.05190316468760181
2021-04-21,-0.04676308244213623,-0.028779545868783618,-0.045454287638402646,-0.05044269388534195,-0.043932413033277995,0.014823023499079602,-0.008184759627653304,-0.0748299586416763,-0.06792688617177856,-0.06274930620625574
2021-04-22,-0.04948726279724036,-0.06546388296283712,-0.0397694659817468,-0.07664703207234136,0.04216697457126761,0.016400642451499525,-0.022129540776992807,-0.10521614492626241,-0.0848262868591686,-0.10552728333964545
2021-04-23,0.0075718082419686805,-0.01783293086441262,-0.012917150838772984,-0.04937025072495038,-0.02846030419095802,-0.01662092376951263,-0.046308085203056626,-0.010033557042439467,0.001212419688197519,0.008604028035021694
2021-04-24,-0.04702513148637133,-0.08305610880002745,-0.02040928977310741,-0.08845117378031686,-0.09179044741032905,-0.06429232426518516,-0.0684582937494852,-0.05795919494231161,-0.0557694690974706,-0.10340946974256249
2021-04-25,-0.011898902837857772,-0.014908297193413467,-0.02091099195802515,-0.019356109471848404,-0.015507213134295372,0.047220393740067035,-0.005350177949033252,-0.012024621605885688,-0.021862755426506175,-0.015686042260796174
2021-04-26,0.13394807678425336,0.12110372715336348,0.10238907033660749,0.17574950949221368,0.1270902431536023,0.09430764300727978,0.10630401754148111,0.1559460106597983,0.1661039403532769,0.3257427859022859
2021-04-27,0.059081685311265675,0.045195771318257805,0.018721407731506323,0.03244591221567794,0.027463316536876947,0.050654753378619466,0.049499028462757,0.0724583035530304,0.0491525660890928,0.023711264771521634
2021-04-28,0.021989733381323706,0.024759774354941477,-0.003787066282106566,-0.014087673953691038,0.03864751737409833,0.03136279354284577,-0.004417928593373532,-0.024722893872605844,-0.023808621304666655,-0.030232226480765623
2021-04-29,-0.02070271102956367,-0.03207189630261498,-0.02315733013830157,-0.012272877334662091,-0.015908300070748616,0.003822058741562495,-0.011295292465307138,-0.011566302902983883,-0.011163174981122959,0.030000690546471365
2021-04-30,0.03397136656399402,0.12803991400267556,0.07833176806484676,0.09434712856723682,0.05544206993056533,0.005923397526498064,0.06096524210455434,0.09041354546439262,0.0767166027278321,0.1374299942702255
2021-05-01,0.0004598434663576345,0.011731546127906611,0.0013484807439372304,0.02652025624414156,0.22659272316941692,0.062269347030246225,0.02089649965230267,-0.008477712549097127,0.01940607196870947,0.03728846970351629
2021-05-02,-0.019406923925555986,-0.030270843332990016,-0.020698824187899145,-0.012987662769336938,0.006601734489203315,0.0020921772956372653,-0.027919871515390215,-0.02635230582818071,0.036476294323059655,-0.05353282306851748
2021-05-03,0.026543323127380836,0.043753442268980924,0.010051280367532334,0.04400842035757302,0.15936609615513198,0.16226995848861292,0.09512903815508533,0.031029406134114534,-0.013136859975978799,-0.004253079880256805
2021-05-04,-0.06454996947189173,-0.061061195769501087,-0.06760024652955021,-0.06579956962549782,0.3348262905754864,-0.051720294307653125,0.03912565377093036,-0.09284728636374029,-0.08841747840912939,-0.10515396434987212
2021-05-05,0.1580850631052455,0.5232012301314997,0.07669599321369813,0.37969096923150314,0.35652917906193804,0.08272417536125909,0.16262890779308425,0.22579870152440673,0.19889017034922363,0.1595373873639394
2021-05-06,0.11832705668950938,0.03493674042447803,-0.01789307689659958,0.30140536599420753,0.42258251683374093,-0.00905614401787469,-0.007096826562407954,0.03703374119693925,0.07888740844770759,-0.008628562112563465
2021-05-07,0.0020174476058540947,-0.10793067305660131,0.017020319573156195,-0.08800366979487373,-0.10418996654148405,-0.0017621248893077146,-0.020527758227052217,-0.0269679462017568,-0.03172651619079292,-0.011761983464672943
2021-05-08,-0.02050191313458405,0.0440131906164396,0.02523475916996243,-0.006431109634188026,0.05293121068912776,0.11992860871057798,0.00033262715430937284,-0.030938475498598073,-0.021932927009728043,-0.012111263457681654
2021-05-09,0.09324048838037124,0.018654708192293645,-0.009718099130935132,0.01660638187202923,-0.07203837607394381,0.006712627801450655,0.1157206934987729,-0.001649101620707305,0.019524731658682848,-0.01747410860311338
2021-05-10,-0.07108819219001505,-0.07499161718154779,-0.04074231762821234,-0.1211164211986292,-0.10522621427062517,0.005968476837850734,-0.07018089160425955,-0.10999825931493357,0.04930090376677421,-0.09528276754408405
2021-05-11,0.07258542072711527,0.16726482362268236,0.01512317249631967,0.5520823759487123,0.05822428526317003,0.05475484100041772,0.050258851689960915,0.09175125880412915,0.10676059848368391,0.06384131861895992
2021-05-12,-0.11978044552866407,-0.21564624116757602,-0.1332174549686006,-0.2840783960394502,-0.2553630272130628,-0.09183976573938502,-0.19688958907273302,-0.14498003800801917,-0.19355039939003704,-0.15552601124825993
2021-05-13,0.24529824720065174,0.03462143787879368,0.011508648851976444,0.035516910083254416,0.06059364037992854,-0.0186748605582725,0.0456125141406345,0.02337003837049978,0.09418294187680232,0.08898882883406145
2021-05-14,0.03678398262278715,0.03752732385124746,0.00330563837155351,0.04963989208403752,0.18626659572750004,0.09795273100628976,0.029423317574246655,0.027191218259758676,0.03708918059120614,0.032384090233813945
2021-05-15,0.08441304530865801,-0.09880641005419666,-0.06255641898138342,-0.08481687613418265,-0.08601037264117517,-0.10809735250304064,-0.08111155150064575,-0.03273864312801622,0.012273145200901059,0.05913606306179009
2021-05-16,0.06213633118496076,-0.0013836775282466407,-0.0065040138312105755,-0.01069163136286444,-0.01447578703995056,-0.013912663131868785,-0.010492880649043523,-0.009818461433610981,0.05628322424840082,-0.022393500242489317
2021-05-17,-0.1199105184219672,-0.08562476264404817,-0.06282381595309616,-0.0958666476830663,-0.041068874755180285,-0.08504749250140786,-0.05008891575251739,-0.05552860181009467,-0.09617924701095182,0.030079746633290938
2021-05-18,-0.014055511091683126,0.02142250838060744,-0.014426855146374762,0.019912106675915586,-0.014020188392649735,0.029756407375664207,0.04560470320806287,0.03115084636733867,0.0023451290217957332,0.06311169152908969
2021-05-19,-0.2600942792737907,-0.3524843326069095,-0.13766122609163733,-0.3832731473391966,-0.32201439153450073,-0.2720034941722024,-0.3567286431879725,-0.31837159107727875,-0.30394597370787746,-0.3271577941439642
2021-05-20,0.22120965677218152,0.16242977310383822,0.10216344466291027,0.1591146041520224,0.23176248873295546,0.13151449824793127,0.12007147277292485,0.12939293058888146,0.10470733345939887,0.10765449572731822
2021-05-21,-0.14261059311668978,-0.16266222760497417,-0.08528232829817228,-0.16657043073174693,-0.13517318098946118,-0.12702423935739582,-0.1511196775037812,-0.13031684487954187,-0.1572278372219078,-0.15061611331517677
2021-05-22,-0.05711287143828836,-0.08165468806697251,0.006217486259949112,-0.0801801963269374,-0.08599628807227533,-0.05550670085100928,-0.058838248502696144,-0.03287947081670395,-0.07011247568529777,-0.09996167927864708
2021-05-23,-0.09441370817831374,-0.11972868636437406,-0.0736893688644572,-0.15513403647355373,-0.1122856496033513,-0.08107561141354924,-0.1537501881542832,-0.16159985541569277,-0.056796547343907045,-0.12060017062274142
2021-05-24,0.16903794132389227,0.34574387875757506,0.11318183957815453,0.29771353066962236,0.41290192764650846,0.2531362984543515,0.28201603604628467,0.21433665762186593,0.19547586158168295,0.24569170111817562
2021-05-25,0.003797423946505063,-0.038045232068363966,-0.007847826326095597,0.01781292214065955,0.06568086024794839,0.023845534449147276,-0.0026969941464918268,0.007272868876951444,-0.024764485119951885,-0.01676813847769887
2021-05-26,0.146160137425281,0.06264483653897113,0.023227211885217036,0.12708118864291706,0.021551191624815225,0.06726811488576234,0.08570365611433761,0.0771211899179367,0.03698809131716074,0.058941609627725544
2021-05-27,-0.07670491095991361,-0.024957557345451242,-0.021815700174415475,0.08410321633365148,-0.07033410031581,-0.052691616288219056,-0.030635017431343448,-0.04913448458516323,-0.05865643914263752,-0.06141868651771765
2021-05-28,-0.0813950549248793,-0.07508119964705484,-0.07126897282320166,-0.12230120397158895,-0.08008084442069285,-0.115689239130076,-0.08181618067214147,-0.08924713561024855,-0.047299140235047554,-0.07223715526910757
2021-05-29,-0.06994436694196993,-0.055609881931397265,-0.03029724398312339,-0.016758303780889827,-0.05963370332951923,-0.05801550776760467,-0.0762040797746334,-0.0458334698485936,-0.07932703391666496,-0.0759430371268609
2021-05-30,0.1216349594861248,0.018312515233498416,0.03068120125307594,0.003980546032035681,0.03243680144514882,0.048603014494119634,0.04377146185007108,0.047293633443523664,0.023235221183555366,0.08995200101583034
2021-05-31,0.10492688668995753,0.06084372698287299,0.04637929771620186,0.10005702505061698,0.05804495004094856,0.1358152351044477,0.09975217820180204,0.06779949915747085,0.0737820261261366,0.15439402381598089
2021-06-01,-0.004604677826798409,-0.017728381538918314,-0.017355481635803582,-0.051981386144949626,-0.03459652544031211,-0.0299921333878157,-0.026872731625277146,-0.01019243651799473,0.03545550403650455,-0.033999200171583865
2021-06-02,0.010417008110753079,0.009414315603664347,0.02426756732611457,0.011478773149791177,0.0089203123341699,0.027570223894910928,0.023408367518433115,0.025021037203875496,0.003112223996223795,0.013253206532191086
2021-06-03,0.05000335628597674,0.02942375102386552,0.043475133082156336,0.024330336686091858,0.020584225353244,0.05506082122730849,0.03109089469068005,0.052254592731328264,0.01511418177545476,0.020422678624834045
2021-06-04,-0.07039663864022194,-0.06584889799597404,-0.05902658087058821,-0.0776137195503388,-0.07049055455490116,-0.05846725128986907,-0.07361568933885121,-0.05926767488436124,-0.09475647770625617,-0.0718678567665223
2021-06-05,-0.030334228275552322,-0.0323342861695185,-0.03638625350557034,-0.0403099306952347,-0.026830488938621833,-0.021433773441770665,-0.03266744897614482,-0.02143638072995091,-0.02508575039871086,-0.04835104196130191
2021-06-06,0.011596723264066355,0.012406678772730162,0.008731498936251025,0.01294852684795611,0.015305600280331122,0.032128263957071024,0.020867737073849923,0.025279108500685377,0.015650783924593625,0.023827887223180078
2021-06-07,-0.06801262806622876,-0.09341178065075506,-0.06418068028941804,-0.11595916364930436,-0.09741427437934935,-0.04597617844406354,-0.08439016737901639,-0.07594147852124233,-0.09186241161528819,-0.08900058243549336
2021-06-08,0.015295634248001955,0.0017017982539673238,-0.0026243254847995168,-0.020856006778354197,-0.016496769771285447,-0.028114696356679736,-0.003535037763268023,0.014129898360603965,0.012520552836218224,0.01699229563456206
2021-06-09,0.02317083066812775,0.06037795059880846,0.11569117681725527,0.049210060323624294,0.0891710198274609,0.03607967431090309,0.06811561078492678,0.03775143517513624,0.03914800523706519,0.05052138106089821
2021-06-10,-0.05721778414541778,-0.04785228559560328,-0.01720501684509279,-0.04435724939170238,-0.0651608737984779,-0.05242888494385056,-0.02286292183714278,-0.0366964950194536,-0.06884882642381795,-0.055271871683196916
2021-06-11,-0.06232893193136768,-0.04076427420345241,0.01721406171757467,-0.03175961307087083,-0.017030234972461367,-0.04764267524354615,-0.03164353940850684,-0.04773516571639069,-0.06057898968362241,-0.023852295368118392
2021-06-12,0.0305225769120836,0.003910959648003143,-0.047727642256857994,-0.01759294413470147,-0.029683100303682597,0.007951323078627226,-0.0053147030812948914,-0.014809892355953758,0.030238983645435535,-0.01858327322756359
2021-06-13,0.05278882111881433,0.05825985614188367,0.09972131894675185,0.05325564051241427,0.0685977621579057,0.05728477202826676,0.05503208478286381,0.050455895402458095,0.050055288671682074,0.06061966758584392
2021-06-14,0.01074908378015671,0.01792870383865197,0.028661855288592664,0.00732938887942769,0.0016952666888008228,0.011760329487777943,0.011807223021772728,0.009726591312612332,0.01036178185958092,0.011025199085966664
2021-06-15,0.014377453080228753,0.02212305342134635,0.004669320789865594,0.03055074703689087,0.003726950392340278,0.028782028478138377,0.03301738637590801,0.004138283489382166,-0.01288543002544007,-0.003468482595105127
2021-06-16,-0.07209047799853596,-0.0722115574853085,-0.05096256237308472,-0.07960278332129578,-0.06913393253913924,-0.09317467829181958,-0.06828906624723796,-0.05008888199695405,-0.07690489380515708,-0.06506183831091505
2021-06-17,-0.00025569434523109447,0.010642129924470556,-0.007655308506355651,0.0010792312399012793,0.004759379085993443,0.0018323460112703582,0.0035850041245559794,0.07117257591258186,0.0005923410156432052,0.011455603241361079
2021-06-18,-0.045066957578627664,-0.06018291465883496,-0.0595545108824469,-0.06324873093463912,-0.053835953440816486,-0.05913519533292433,-0.06405084250671478,-0.057408388448340064,-0.06268087355928753,-0.052041841506264785
2021-06-19,-0.017539918886244843,-0.014894855730769874,-0.004788717174578294,-0.01722272480493281,-0.026589808637533352,-0.023853268817950024,-0.019571924176652877,-0.012387832802214671,-0.023036685804248003,-0.04510139614878239
2021-06-20,0.027771322064300774,0.004744799166863656,0.002314299179515533,0.007701029998933073,-0.0007053132379097882,0.03115240254206708,0.011723337710701776,-0.012936224909908867,0.023490521998504654,0.019304936820121466
2021-06-21,-0.17611960665609128,-0.18157985629310203,-0.11265533282181261,-0.21956316962874234,-0.22859650550013177,-0.1593316631723415,-0.1954066882930079,-0.21006001389878792,-0.20482815026145496,-0.21379952853818052
2021-06-22,-0.020574405173497734,-0.027416989392063496,0.02616961270137308,-0.039305538731841616,-0.07359205205799069,-0.0071473718245484985,-0.041541180181402404,-0.049343065084474946,-0.008607045233689936,-0.10701548960311058
2021-06-23,0.0864006683346088,0.05766863867076433,0.0374509295196066,0.08735903604754491,0.11058940571711084,0.06122096610515215,0.07585368042727225,0.0938751224760499,0.09608743386232454,0.14946416544565078
2021-06-24,0.08236200140950767,0.035860925466602245,0.027856637741157764,0.062033571006948174,0.06229051548037878,-0.0006433160408149119,0.045149536739918394,0.18490001176646764,0.04119378016518249,0.07256576669790538
2021-06-25,-0.07345326636240357,-0.07052484110654866,-0.0872604012088013,-0.09217263707326684,-0.08045831712262463,-0.08812816946248714,-0.06541164926908838,-0.0670048438650489,-0.09401762102083766,-0.0873169917854687
2021-06-26,-0.0048054567978048635,0.015175385627696159,0.017336806155961115,0.003746007729062084,0.022458316823333657,0.008836212177885328,0.0077136633017169665,0.017775695573259975,0.02767999032936186,0.003443586943718824
2021-06-27,0.06778572110208625,0.0394770154387849,0.07653470332064805,0.0568763563840089,0.044808398659515136,0.0818129147779052,0.04492934856594877,0.033239670275932776,0.03745955673246382,0.05116381279898685
2021-06-28,-0.00782653538426814,0.0498718758725083,-0.006213875976586625,0.01978056939686046,0.023589328133054144,0.05091873749506903,0.03795273700471702,0.006962118200856127,0.01878995301993247,-0.004910920068950553
2021-06-29,0.032976043445298586,0.043143737954463246,0.04162825758718758,0.06993336501964276,0.2993794045343765,0.03900201883549914,0.04609465389188361,0.03771205930401944,0.06569058255948601,0.09006500395453232
2021-06-30,0.010986924095078399,0.007705716583610744,-0.02305527321430456,0.006401713930921815,0.023545613091277673,0.052656870391718735,0.0030126206848073434,0.00672171363688201,0.007691860326904498,0.006625078824482378
2021-07-01,-0.03459483185591816,-0.0533963265660663,-0.04191448950075438,-0.04778175195702672,-0.0761716046565708,-0.07075786769497328,-0.04550085612178423,-0.047721065367678506,-0.04675979335169078,-0.06398022983567031
2021-07-02,0.04401433891379236,-0.003700993218480275,0.00967855812266083,-0.0009900649039185083,0.009988495950295162,0.017238228700587443,-0.004607110182125007,0.02493305051421224,-0.023425800896104798,-0.00668048348652639
2021-07-03,0.008920710777503782,0.01807236656722866,0.022760094790705843,0.028491817991480373,0.056951460743731586,0.035382581063104546,0.024360366013864265,0.0045254388608158,0.0034051943723503175,0.024552179916695893
2021-07-04,0.03649890233324937,0.04177493798436749,0.017861561294527206,0.003338455519469763,-0.010312922348177822,0.0429492165308718,0.03297811357532665,0.00725911121831313,0.014391421499154067,0.03277959697186339
2021-07-05,-0.036542683394410136,-0.04060226383138177,-0.043691535402215154,-0.05927781412190569,-0.04556843104889141,-0.05303886040710504,-0.04715207101526342,-0.040476674174668714,-0.050990548615559406,-0.058486649475154584
2021-07-06,0.009363657059963337,0.013090966175311136,0.014496276584600176,0.01651072531067954,0.019222630107627703,0.057353737104673064,0.0066080818957896525,0.005590415849772823,0.022534333349691238,0.016967784157388976
2021-07-07,-0.010532057903284486,-0.005477353750151792,-0.011095808977648836,-0.014935102699019986,-0.034801073576046226,-0.004094146464876158,-0.011615772981973138,-0.009855970355098997,-0.012490882567468997,-0.020779868990207673
2021-07-08,-0.05200707175328356,-0.035124228513848665,-0.028886355129662422,-0.05670806179850407,-0.060331537192057416,-0.08428589852706492,-0.036854253584456376,-0.0493506656041135,-0.052615410632703696,-0.04376626875351908
2021-07-09,0.014530734832080672,0.026623560061521,0.02800225791699673,0.16776383053672528,0.009956405365604715,0.012578152818153887,0.017104660724232668,0.017276931163374032,0.009781394830355339,0.022062092307038927
2021-07-10,-0.009921637482279477,-0.013020235469393682,-0.008210311003178261,-0.057116504641174126,-0.018903762614616793,-0.016438693611583566,-0.004341962454094905,-0.01286632500098861,-0.0019731450281601504,-0.017809209795991987
2021-07-11,0.009026406658236397,0.0014346636401405544,0.021469475378479208,0.025281885729984577,0.010564731107818082,0.013385044405790802,0.0019296227498695195,0.007250168441659266,0.003424174714791395,0.01674279613110108
2021-07-12,-0.02451220525843878,-0.0348624636587731,-0.031668630428790756,0.03054885749432068,-0.037746063713726796,-0.04811208084100682,-0.005271691595811978,-0.025864143169060716,-0.028043108561933927,-0.009052865069130167
2021-07-13,-0.03803215235885182,-0.03208902636598987,-0.013687548281983153,-0.07360677473890875,-0.047010039998037434,-0.04744738315710828,-0.016596936201623613,-0.014695114645276286,-0.02722628659178239,-0.016907899565595352
2021-07-14,-0.0022329781003808113,0.004967438905819188,0.003679352094793975,-0.02294359894567699,0.0020620966345765712,0.02796132275201524,-0.001973785268615802,0.008931681270502256,0.03169201808294386,0.0012929735225692962
2021-07-15,-0.030949357931387977,-0.02799332892831896,-0.031734999531688124,-0.036959332934501266,-0.05468992016211527,-0.04169600090882597,-0.042506745878223895,-0.03596181734484838,0.0036107309013477806,-0.03769485102298287
2021-07-16,-0.04044907268169451,-0.03266549125171492,-0.011302175908234458,-0.0006035462791805779,-0.04403581363750897,-0.016111927996504405,-0.03546460057282064,-0.03522424709809657,-0.018922471083678394,-0.010330995242340268
2021-07-17,-0.0012038592968498518,-0.006242123096271812,0.003549453661488622,-7.988237662392983e-05,0.004578130806907055,0.009807715440898646,-0.008377133370727763,0.00560315578254289,-0.014469800635683261,-0.014127265552901336
2021-07-18,0.009721087551309404,0.0059789057184322925,0.008363987433579023,-0.002226581213737866,0.012959512463257106,-0.001723734916274866,-0.004291201942717593,0.0010001301972191179,-0.00971668851725127,0.009432923434634422
2021-07-19,-0.052869915230041475,-0.05449599697247165,-0.030788575922789052,-0.05894548121267895,-0.011469125129324409,-0.04128374639361532,-0.05310941896734689,-0.046422003982965365,-0.08327628189748948,-0.051649716627462317
2021-07-20,-0.05782189848949504,-0.03877978260052439,-0.03278895069501786,-0.0485228575716915,-0.05092289182913168,-0.01639021839697663,-0.05094622792812953,-0.05408895016430271,0.004117768227668961,-0.050613748614665166
2021-07-21,0.10584866328827003,0.07724417867002442,0.07727442675168827,0.07055443858108879,0.08794570978953842,0.1138231386284283,0.09367279329888722,0.06457931144245754,0.0727044968541104,0.07681709182432539
2021-07-22,0.015463658707936867,0.028777956215568112,0.006303573302191001,0.01961543184736092,0.012770275231807515,0.01719358875607435,0.027889535151464084,0.02710734674593751,0.15697253367682995,0.03896149526611992
2021-07-23,0.016984213446107788,0.029268159893483414,0.03925482537500802,0.019225697071118875,0.05486595392207261,0.04916734984036908,0.029101713343412605,0.01347632952774025,0.0222269254720322,0.02873665602208142
2021-07-24,0.02253984168964518,0.009574959074604372,0.021169199000986128,0.010883861689659824,0.08071119805346139,0.03032890061397775,0.015607819389609867,0.023560082882341682,-0.006579849636301094,0.0009897189955310193
2021-07-25,-0.004050322967592668,-0.008959348077271723,0.030844758309330533,-0.003955592578183342,-0.020622884948197306,0.0009843828063664795,0.011168211082575263,0.009294289815335421,-0.022205170934214147,-0.005690144429797539
2021-07-26,0.02441348056598991,0.05889734709512462,0.05621887171744144,0.008519305967456647,0.0013165831463661792,0.01916282850447759,0.029502905972439653,0.0116448148051842,-0.0010048272699076932,0.03176512059099279
2021-07-27,0.01585468756097841,0.040199910005106476,0.055424286615063156,0.017571509790886175,0.01913060184863835,0.029089175950248514,0.02478170448225403,0.027752120661892032,0.0062911317916716225,0.03034766725405791
2021-07-28,0.003956405133647811,0.015626936605941166,0.014945713184850051,0.03881351749947015,-0.0057431322304997146,-0.0007779923760146135,0.03876702684793565,0.0056165659197617845,0.022080929883601552,0.12541179053139073
2021-07-29,0.00045185148584381274,0.05519742121740823,0.00031292265067750513,0.0151207319898361,0.0015818025597909013,0.03675580573317805,0.010617249571490905,0.020738006026257638,0.012504864843779773,0.031114752204573826
2021-07-30,0.01936634379215052,0.026816760339150703,0.055666404612466414,0.027994548376176542,0.03737527027259402,0.03612188139554173,0.03151496410135923,0.024282835483130816,0.026162634479949265,0.005483821332606942
2021-07-31,0.010231883780794426,-0.008929037769248915,-0.014427457617713135,0.004531845929422129,0.006399264431422802,0.028070376144742504,-0.005774734987510355,0.01300731115900855,0.022460772201834622,-0.005761081995485529
2021-08-01,-0.0034900637666400725,-0.036439485698884555,-0.039669750474507826,-0.03502814086057615,-0.019425172365490795,0.010110397103823221,-0.02896284120293402,-0.012122610557052882,-0.033322098668728706,-0.02923830802851668
2021-08-02,-0.005814498386092937,0.030590332714820034,-0.019335866368471732,0.021789047580517806,0.018965586772974996,0.01885404331468732,0.005471068530768619,0.021699972159458847,-0.005677480926327361,0.01831882058798162
2021-08-03,0.041950483031893526,-0.012858270781256453,-0.02675797936526192,-0.003877745913670738,-0.038981966226623865,-0.04130167760589376,-0.022717565417489594,-0.011902479069859084,-0.001605864939563273,-0.03583648321479649
2021-08-04,0.008452607306403515,0.016708370723013566,0.041792893187100555,0.024276677777818723,0.0453954540491921,0.0888246242008488,0.03132672310769391,0.054316201031626044,0.022613818585948575,0.024916939909721103
2021-08-05,0.006960061159791309,0.004821071452806525,0.02822946527400849,0.018494204483856524,0.016515793827453606,0.03769662894668069,0.005699830875203649,0.040671186792947234,0.00017836663570225397,0.0036455305369686997
2021-08-06,0.011283793609932369,0.014299697649103882,0.04763803587748594,0.0292587146552854,0.01013511794008215,0.02249925501300054,0.03043152181544695,0.024923406732558773,0.015444773753364727,0.01822542711182784
2021-08-07,0.04914519756854152,0.04795244714652491,0.04062220829002827,0.06441434208669672,0.14227406611884352,0.09211431822037741,0.05455869914186895,0.04553236208268818,0.07554022982250097,0.09345853417446404
2021-08-08,-0.0291342264726574,-0.046352643079310196,-0.017005273846830926,-0.06476612236476376,-0.0557822678283616,-0.045453041087839874,-0.03860425811527135,-0.043802246554765834,-0.06178761772057717,-0.045991569284471345
2021-08-09,0.034885142199052144,0.06544283104904558,0.058616336068955555,0.05751710977662006,0.03493911062917143,0.0511404136452529,0.11123708443864055,0.030209768923560976,0.04124786493574173,0.05112623948800277
2021-08-10,0.13191712403601907,-0.00017718556592816181,-0.016830892309838696,0.012186407111839825,-0.0048271085712516815,-0.008259541279942217,-0.0063413513065738725,0.008428460283376626,0.03619464048658627,0.039941265735772946
2021-08-11,0.07501763479436696,0.0486192686152771,0.00018877838873909702,0.03607671766503229,0.034420851907693395,0.007178921769949609,0.0330926571159762,0.11691830427458094,0.08980476126571801,0.18945969118908979
2021-08-12,0.01437124462210404,-0.02604314204170244,-0.02555943636254754,-0.024290456573679564,-0.015089421882029552,-0.03818629912409377,-0.03395960065192838,0.009006046024409242,-0.031134376494325933,-0.047381596193964315
2021-08-13,0.17117428609188168,0.08090972124631635,0.07574073458615982,0.11032966581715797,0.07100543017495142,0.09160677291715547,0.10994335903985464,0.06284844210256946,0.10003701857866498,0.13002032387314477
2021-08-14,0.026032760134228283,0.05375933225167939,-0.01457055076832292,0.06417947790042522,0.044305188127861994,-0.017087505609842735,-0.0031361564430153477,0.03615239884995769,0.09709927988103084,0.17473300240056955
2021-08-15,-0.010281637342724026,0.020419632223954043,-0.0010603958689597848,0.03652102820384062,0.11648325652702018,0.013799287280931383,0.012002673088046478,0.004726929313161099,-0.008707761862964847,0.006051183544281358
2021-08-16,-0.04136913617115334,-0.038868484129639724,-0.02215910567498447,-0.026152357614909305,-0.07357480177001252,-0.04651697201106941,-0.03271857274138856,-0.036896612049776345,-0.04697037750819655,-0.07543086076649641
2021-08-17,-0.0734897996458721,-0.05482434573345141,-0.028456465011732934,-0.08675924382998712,-0.09283278383173321,-0.04487981843695865,-0.05597766070424304,-0.050344081332424406,-0.08457586538451556,-0.0779130904085199
2021-08-18,0.09444562110907895,-0.006838446339235582,0.002367765389513554,-0.012668909048205501,0.017602998184011565,0.0017393580222999638,-0.008564363222554605,-0.004533226349378139,0.0035357163792477664,0.04361498642964601
2021-08-19,0.15156306995229052,0.03854693826032651,0.04277544261522093,0.05117581793114345,0.04593679181300403,0.05384353217968729,0.04836897192690515,0.04063094938715506,0.07069405153938857,0.07568733528198734
2021-08-20,0.0121747499621232,0.05280612003861718,0.056115872471717454,0.040352682428075326,0.04531806104912728,0.03274989283808627,0.046355681734395526,0.026755260161316796,0.04956193925196084,0.0246422586026378
2021-08-21,-0.009060034734951206,-0.025398142412681457,-0.008789842693618932,-0.020331541289032362,-0.035610841109725455,-0.01851308673728791,-0.021197032244308134,-0.028299487886214947,-0.03506709796199581,-0.037007744128015996
2021-08-22,0.11426707215058696,-0.005095867215125005,0.00850947690403503,0.013724433917108536,-0.00032748577120078615,0.004969335646024975,0.03659225067126859,0.0012271733689070974,0.0035774426799941583,0.00924727926804958
2021-08-23,0.07504848804113928,0.007570476629324752,0.004551674225862445,0.031159674864891018,0.010708416870127024,0.023793676139643116,0.00425807407977663,0.020780399979976716,0.014995613629053217,0.015922121232806008
2021-08-24,-0.0672845551683321,-0.05947239122137438,-0.037137725293038826,-0.09537629901053668,-0.07810322426138094,-0.04422706980850821,-0.07230974000031154,-0.05918192967247615,-0.07380439023614804,-0.08812686857387642
2021-08-25,0.006262549742256374,0.018683938177088244,0.02630002081428562,0.028499906293081523,0.011716930608781873,0.01653576265002532,0.023196721383531127,0.03319549788404208,0.02209527101366926,0.03092885292637937
2021-08-26,-0.073993531139814,-0.06455275240029745,-0.04122830434622349,-0.08841233848537788,-0.06062943209542082,-0.03863352454525626,-0.05358933725564152,-0.04871387177083142,-0.061896114834674165,-0.08295144941696153
2021-08-27,0.16117708179063506,0.04587799811347537,0.04508626296557394,0.07165940456822772,0.07251749348028147,0.05492177964873113,0.0469928393739929,0.0612961448686038,0.062159227103654624,0.10528276931724379
2021-08-28,-0.0328466027260661,0.018943344061419287,-0.003185280633781984,-0.016875413332653078,0.0018099403226552457,-0.008009999118418598,-0.003013444357796935,0.00031729203613029,-0.026216471981592937,-0.036153985191432314
2021-08-29,0.0029836964662601773,0.019886736518138104,-0.0014839825657210204,0.012805703048331063,-0.0124150391649126,-0.005363277326429605,-0.004273839878544794,0.003341015176161033,-0.011823894068930363,-0.004079427281711068
2021-08-30,-0.043006546358196895,-0.04319244737509231,-0.0363476092875793,-0.047804108320666505,-0.026305065838578168,-0.0008145075244350153,-0.04166788943645683,-0.02709082549464137,-0.0419676238166109,-0.03453357118793832
2021-08-31,0.014384443282904114,0.008086608622887903,0.0023738850726162664,0.04588490450647309,0.03490158076703187,0.0649299309148601,0.025292319060751245,0.030409236918629734,0.03477825928703204,0.07822344614528087
2021-09-01,0.035452839863911345,0.03148894052531004,0.03562556399047523,0.052932601573148164,0.0788065172379615,0.11681033382537342,0.05425250218691624,0.07092506005589705,0.0383720807183523,0.03982513190792614
2021-09-02,0.0322808900021343,0.012213125729989116,0.009840830417728652,-0.008894467166825515,-0.01775605941969316,-0.011431577462321041,0.01461595225439849,0.05062511055116792,0.019073389329130164,0.01735785307462101
2021-09-03,0.001620089528511004,0.07216709875953842,0.014143210068944922,0.07881157827150598,0.032726680936203234,0.039468517786860335,0.1598364238619725,0.01594180843629145,0.023045428432414417,0.027947367871704598
2021-09-04,-0.0456270542166608,-0.004553629409008608,-0.0016141808032423821,0.003961008348921657,-0.01569887662946745,-0.013395467548673934,-0.0028526314296158928,0.0014775074950552636,0.0037896062078159876,-0.027609577912337646
2021-09-05,0.02754052592341094,0.07698314973762721,0.03621581213694158,0.10391438022766275,0.06875922090780051,0.016540127206146282,0.08935610547121664,0.03420903250542917,0.07315665532416271,0.03959213756134994
2021-09-06,-0.027115015700456047,0.02639223814361169,0.017006125728580734,-0.011611209022227231,-0.00020619341149330506,-0.0060104624807395535,-0.05104400165058298,-0.013647529358712385,0.06552992302742067,0.06427814898143236
2021-09-07,-0.11631991582305767,-0.1429381700809116,-0.1106216071695616,-0.21595152705319043,-0.19561193385435993,-0.1277842736169259,-0.18864016082474255,-0.17777111749154395,-0.21052968675438244,-0.19023433320683802
2021-09-08,-0.010989873676283901,-0.014961023330618328,-0.015375366885328479,-0.026826330719061375,-0.009615861805380543,0.02069840552335589,0.00904068010490966,0.08820875639568215,-0.014203325187820748,-0.02166822384455036
2021-09-09,0.01724337569079082,-0.001459163066611202,0.006509485739778498,0.014956193344668911,0.005321770378909907,-0.020008233157088995,0.003628495328242165,0.002446165609113038,0.008375315419569818,-0.010283306162370165
2021-09-10,-0.05233224275669646,-0.0481025637144058,-0.032495484247323514,-0.050775003044955414,-0.04332723052964926,-0.06297426662682348,-0.033711457085396135,-0.02312303821962647,-0.04467958325769872,-0.029496995040136476
2021-09-11,0.10395987463471434,0.01026345130695816,0.0070748487352050304,0.023699575731464195,0.013464721822549652,0.01830051675767863,0.025201561982251874,0.049816721938139574,0.024655644305318747,0.021412790937600734
2021-09-12,-0.019826863549479157,0.018005599592023858,0.019066033632592516,0.0443650176723096,0.018260941556013766,0.04276591838826538,0.025440428250325775,0.18100631417193402,0.024216110748292774,0.036790306292988184
2021-09-13,-0.07013294857260644,-0.04973945501377264,-0.023884438158555232,-0.029321507154740467,-0.04114130051350484,-0.036544834800279036,-0.02046849490629732,-0.06989564835915363,-0.04165317393723511,-0.04908568695601068
2021-09-14,-0.0020931343485174336,0.04037112545676025,0.0473592610325122,0.02471775591956127,0.023806858554175747,0.043724683179346746,0.020364611405923494,0.12858684466591663,0.03698960863792178,0.02995835034305716
2021-09-15,0.04424586939096753,0.019551767779124596,0.023015462091804384,0.050515894842778186,0.03633278960574171,0.054273499009923176,0.03330988763561882,0.02240673891128586,0.03136927007445789,0.022596817451628448
2021-09-16,-0.03224533667384055,-0.019780464227309613,-0.008157286726135138,-0.016612237869593538,-0.019131948962650025,-0.012167179288121388,-0.019559032200789694,-0.03994438713739357,-0.031812009076627734,-0.02662409793303444
2021-09-17,-0.030793419129667488,-0.02972848731674438,-0.010795386730801604,0.04442955703195217,-0.024004471754897727,-0.04837351921216426,-0.03155141489855229,-0.0941010590544884,-0.03345617405799328,-0.023728862428953446
2021-09-18,0.010040344070244789,0.015562464469146997,0.021385589090024082,0.04354647398101852,0.010985168396812739,0.009851143087328929,0.00904246140551579,0.0073219220605103,0.009234820867660476,0.009450061103824625
2021-09-19,-0.03699566456427139,-0.0332136710401012,-0.021089044077959085,-0.1014109402760266,-0.03400436281033814,-0.029886295240556526,-0.03071150281369084,-0.02067326144388948,-0.025795160335968514,-0.02532372375380909
2021-09-20,-0.09565359916829774,-0.1122751703205439,-0.09344895316951951,-0.1496458908131344,-0.11583227545853403,-0.11126606874805267,-0.10968769166758707,-0.12338063486783235,-0.10584599162682062,-0.12521228327662592
2021-09-21,-0.037287468160148385,-0.06814342011037589,-0.050185206746199196,-0.07066521252560476,-0.06446832287163196,-0.06575285207462656,-0.0516038285840118,-0.02975456028966028,-0.05199196849606835,-0.0445105973078892
2021-09-22,0.14048817765881405,0.08655652536045566,0.07079311406361999,0.10697598065221237,0.1211312263842037,0.11338201253895797,0.08775615614343368,0.11938162495237736,0.10132098547013335,0.1457751581531701
2021-09-23,0.02857626509512401,0.008506771212902553,0.0303064775724482,0.01769994482690751,0.0012592373496636,0.0252303749670717,0.014908070741443513,0.00439399611660396,0.03380426746717746,-0.0020277105000712226
2021-09-24,-0.021309801133821082,-0.07006651051586676,-0.04578111561282838,-0.078359549964649,-0.07149983811606753,-0.07094052042452526,-0.07072839704996248,-0.06931031623698747,-0.07083606240284446,-0.0560017992507722
2021-09-25,0.00888628911024858,0.0083542119310267,-0.002874812528084303,-0.004725679682767825,-0.005852656283657609,-0.002081925084507441,-0.006899203430727696,-0.017849034438498723,-0.01477951526456378,-0.004843928196214042
2021-09-26,-0.04042777630966532,-0.027474842423004575,0.011516492054097771,-0.011150988767742787,-0.004909009397533803,0.046725906122755845,-0.0035757584810717224,-0.03270772184542903,-0.005090416849009238,0.003589542723029915
2021-09-27,-0.03286848170358536,-0.02909754829293487,-0.02251426719942695,-0.03436810017115943,-0.036644251677567796,-0.04184041841853481,-0.03512519752035981,-0.018639702466023644,-0.03740881189999312,-0.022266859342219614
2021-09-28,-0.04530444649212739,-0.029631034009544366,-0.02844007873591181,-0.040282858400455535,-0.009482957089170352,-0.04322981589722885,-0.032696735019101086,-0.034107389595412596,-0.03420931760626711,-0.03247431431767833
2021-09-29,0.01301964311207282,0.022966226357128416,0.012911568502261384,0.018503766925024312,0.012439193178285679,0.01633125590773976,0.03073677909021244,0.033688148061392864,0.05263683919410456,0.038783113849877315
2021-09-30,0.023606659323742285,0.035193542258441735,0.05356827518164842,0.04873898826491918,0.03026976783877422,0.0520603518169509,0.05678614549454508,0.0404905666232962,0.031662887718084454,0.02616148121438866
2021-10-01,0.0679490935152054,0.08119165756864777,0.09878873042688929,0.08726063861400668,0.10532340356766712,0.10188869721917504,0.08478209038083895,0.059333950146448045,0.07740003174655774,0.09446209560659158
2021-10-02,-0.0029529299710672197,0.017164689166016656,-0.008426411013467638,0.01341113966741947,0.028244731989008676,0.02545058580916182,0.01882069943532305,-0.011664517188510914,0.05520807734629152,-0.003787603342448209
2021-10-03,0.0006280641423874744,0.03233813729510615,0.010237887379882071,0.0709968084086372,0.006117699645475927,0.00786164789618482,0.007982111962863803,0.014461656211407492,-0.00592473652480896,0.015880915001279083
2021-10-04,-0.028247474874682932,-0.03313287460090397,0.018940873580984396,-0.01007140308831278,-0.02237761840476593,-0.01119529436534994,-0.017993228749062617,-0.015518898687447158,-0.01727085120725147,-0.01152991704822559
2021-10-05,0.020047663351199896,0.07695018659197816,0.048905889117254686,0.03047259697574889,0.03606817381784033,0.040954376881792376,0.03790695571211833,0.028618207202586454,0.030449944746531843,0.04074667472516813
2021-10-06,-0.009389946042241859,0.04157665738909677,0.0746704982911468,0.005223569521123794,0.009019778392874045,0.01763340339603814,0.027687391311749243,-0.006882702488654857,0.11081098700792635,-0.007228862208386921
2021-10-07,0.029310711453883753,-0.010641137564180392,-0.02809653406297008,-0.008006637215376644,-0.01073234332325479,0.0020703011908782543,0.0003696317898709278,-7.331943280086684e-05,-0.029158503670195346,-0.008936138956999518
2021-10-08,-0.017487523309211106,-0.026764541192967672,0.0030082765538104184,-0.015027794913300974,-0.011857753872922316,-0.00674909305681104,-0.015658778639506488,0.02257257439971938,-0.02410587273948439,-0.004807879587255703
2021-10-09,0.01315898849414432,0.031405966045560785,0.01853649985027972,0.07153387647415532,0.035922947953922924,0.003355310670748457,0.020948055959292944,0.05324056786745346,0.05079330538452265,0.09129350968397221
2021-10-10,-0.030618798696353533,-0.04530768059467816,-0.003577422040362044,-0.07629772371432009,-0.0458727884362955,-0.041911600438504726,-0.024157409774496763,-0.0497910549288918,-0.05767581093043184,-0.018512430159200788
2021-10-11,-0.010843245766528953,0.02585648749999092,0.04953684064585273,-0.009362441674541144,0.018448781750711962,0.03488218212091221,0.023428680943016866,-0.005994962923169256,0.036205685203719584,-0.0004963332075397231
2021-10-12,-0.024937542878593733,-0.023864121100916735,-0.025114999851183484,-0.01457945783069503,-0.02296872685223439,-0.014887303682677766,-0.036941657469351186,-0.017012831129350925,-0.03312960622956718,-0.0316630306697665
2021-10-13,0.03296687966408829,0.012016388544061174,0.02426861834211813,0.02401653927445957,0.011556715711254606,0.03253429780547168,0.02795502908126246,0.026008032919257795,0.10362578328818817,0.024080221026298254
2021-10-14,-0.008537988231621774,0.005228415550981413,-0.001386283921372633,0.0033198365287152587,0.01963288886304082,0.049862020193349066,0.014018408992315878,-0.008510843421861147,0.004523162269267189,0.003477525762130451
2021-10-15,0.020405876551466307,0.044990406842608355,0.07453440740995654,0.004926746742276,-0.002092683490818925,0.020237802139014605,0.04827791101145951,0.013843300006288084,-0.02136860900975457,0.007271842927687455
2021-10-16,-0.016679011122929244,0.0029089498880507936,-0.01139348166745524,-0.014108567212980594,-0.00429750545684604,-0.008349918515181298,-0.013901672061931158,0.001888286218959756,0.0959206406022306,-0.004781958995684121
2021-10-17,-0.009528256545058622,-0.02335699915266909,0.01086243756414218,-0.034576658494700485,-0.01891568617757733,0.004365729517258554,-0.013205757499814341,0.0,-0.0339457246706063,-0.03667355431572039
2021-10-18,-0.013305797008696496,-0.0008594132441637203,0.007675599893030238,0.0017398908549093317,-0.010948071130978398,-0.02556318355297138,0.009939652672327659,-0.005573025048867808,-0.007369485502854434,-0.008803103653307609
2021-10-19,-0.007189425919125636,0.012957313647862456,0.036047967727284025,0.00977075034699082,0.008379925824603784,0.03438220005285597,0.018232006898974973,0.025157894001637482,-0.015567254063583835,0.007600699785721865
2021-10-20,0.034542993690764634,0.0408847917798596,0.026934175102288238,0.07826487724901066,0.04891453624769926,0.0717809099596558,0.09490307178922275,0.02440143159804875,0.04560554729183286,0.04601130593270564
2021-10-21,-0.02258015153777504,-0.03205407194785648,-0.057319313661295834,-0.030177408057551314,-0.0016403574801585608,-0.02446333607159845,-0.048347097440793574,-0.034366981141350506,-0.04694645046032819,-0.0464078320762904
2021-10-22,0.008241131630466025,-0.00023641390634354664,-0.024399647264276236,-0.011863986450613484,-0.01570325586376342,-0.02075337220243678,-0.03071534772968476,0.0030545867575031416,-0.0013069537843354295,-0.0008638805879334077
2021-10-23,0.005856542596784919,0.009400849509966225,0.011555863919028075,0.02951997328206124,0.02554326647856975,0.050748730234816186,0.028755700687260966,0.009155931009471985,0.017552725166353866,0.0056257744434986545
2021-10-24,-0.020020177633152003,-0.018426457410973707,-0.007537937512081094,0.0020245006343884153,-0.01618573259917666,-0.02007844030485162,-0.027527061080391158,-0.014949382054440297,-0.015380267332894881,-0.009332114625087096
2021-10-25,0.009715896510482658,0.006211124902634646,0.0346128236844363,0.010658756565907757,0.005854361504518568,0.031794755044642464,0.02301594691794029,0.014853785152326493,0.03744476155496157,0.010029657115371293
2021-10-26,-0.00246684454842816,-0.016174905555162877,-0.04244985266320056,-0.019126206671533197,-0.021805253010082515,-0.02057312323429894,0.011107610879220742,0.004776204780436499,-0.03456794670216612,0.011811120045377876
2021-10-27,-0.10545280787489819,-0.10225669176541263,-0.03116779376295975,-0.11974668498151841,-0.09990132706608645,-0.04861771122902114,-0.09183599509169083,-0.10359825578561432,-0.11428284581765269,-0.10165305090992727
2021-10-28,0.03919119692673778,0.05531747166243428,0.03658793903693369,0.06212415530212079,0.0723756949743366,0.09084940093801008,0.059350160527144036,0.05140790644069537,0.03642863385752637,0.06365753776455207
2021-10-29,0.012055000512639413,0.02424705746292033,0.02648913766352501,0.019080823985950124,0.026707894643323238,0.029722010166018054,0.03351489682157349,0.04267632775740959,0.054970051623859595,0.021422927606832065
2021-10-30,-0.027216648316935488,-0.014612688729790158,-0.005449845794435637,-0.004413662845806354,-0.015933726070572862,-0.020181496208386274,-0.02985751785077717,0.01697519128081515,-0.008389337653205486,0.0022616082682405114
2021-10-31,0.0038847028808566275,0.01947908621085337,-0.009208042570786446,0.03522747300263851,0.028551009766152546,-0.008686825906328188,0.007003431983671815,0.003955415722760813,0.03969717587030397,0.027029009582612673
2021-11-01,-0.007645733853285264,-0.014366388248924555,-0.005129747739996526,1.2557371491084268e-05,-0.009734858094790577,0.008524277451908313,0.029917242057396543,-0.009642743893744643,-0.016894198006778827,-0.018306826306703772
2021-11-02,0.010961558282708062,0.018153838548166545,0.03642353446805324,0.014569147069779298,0.02494317301894089,0.0601605358843722,0.016044610921911895,0.06809684598902543,0.041653021063391193,0.039647093202792805
2021-11-03,0.04683218814122836,0.02133389777343675,-0.004054563588107407,0.0016803154038143031,0.007043481292932086,0.004884624248695513,0.03181199287585046,-0.014265126614081414,0.008242119560063266,0.06389743138858117
2021-11-04,-0.038192994307047035,-0.02404956031371608,-0.024103783966732184,-0.03413229223140679,-0.03161735649790076,-0.015165333002385761,-0.019999749505826614,-0.023010845967443405,-0.039699477036658215,-0.0056196595778589264
2021-11-05,0.000667071181545964,0.00410210311072734,-0.005313959884109654,-0.006583247270445902,-0.009672738711336781,-0.011257968843489952,-0.01689948134487973,0.0028232778073811193,-0.026206217934615417,-0.03366880449447651
2021-11-06,0.010272301948251572,-0.01604224444454183,0.006573419146120196,-0.014381483175423204,-0.007359026025082871,0.007876944992210255,-0.008377203252325938,-0.01084661806694076,-0.0022916585433737646,-0.007816376725547802
2021-11-07,0.007606405073566469,0.019740827257947124,0.029247220896912562,0.031854327465909105,0.019629020646143802,0.021889164788917004,0.021150395184220017,0.019406556342245418,0.011868953123020276,0.05647073670142744
2021-11-08,0.050718803218642305,0.06334141167773288,0.06695154718111462,0.05737939546513737,0.047051955583810035,0.04145232072718552,0.13187185721400718,0.051422292584661466,0.03901672685478541,0.05325770077882863
2021-11-09,0.07016698017464651,0.121101216276565,-0.008806096371717143,0.07252065858145218,0.07794649895704242,-0.01600522772092372,0.1495893269167512,0.040650020353704575,0.09145588184574671,-0.01828404334967748
2021-11-10,-0.07551449666038468,-0.06927723573051636,-0.029513867421399387,-0.06883175478848658,-0.06679966046697827,-0.020885552973311183,-0.0062521713764956965,-0.06680761826160231,-0.065253105949589,-0.05207359002790546
2021-11-11,-0.007744795956530215,0.015448706710494253,-0.0006965054346836919,0.01776389967825831,0.0020170844370617225,0.020320625262970626,0.006980439933583105,0.023064370411369106,0.017702542729708615,0.02094151300333702
2021-11-12,-0.019063777462405063,-0.012867811295541598,-0.01222509636324598,-0.01714917822790407,-0.023412628608841968,-0.013375032398906361,-0.04381953003337846,-0.01260401648428422,-0.03212653469702542,-0.023809784726161798
2021-11-13,0.0035868267415957167,-0.0019847229940995748,0.0048878705639170406,0.033006218743794724,0.014654639980189899,-0.0033542744008004943,0.025977414103699026,0.044097762746861724,-0.0014836016895043436,0.002171787945374204
2021-11-14,-0.005967014200574106,0.017672907490196232,0.015469517787564335,-0.01020686419987471,-0.0036204069563736674,-0.005396490580547919,0.07715936176497218,0.03831984185831683,-0.003924318038153962,-0.0028030641180288862
2021-11-15,-0.012380084107889266,-0.019303408661624943,-0.02915932332393234,-0.0326176293293442,-0.02442754282599069,-0.01488319046462594,-0.0548334476796839,0.0569061198324885,-0.003942463671439689,-0.014492701295820143
2021-11-16,-0.0686410609907635,-0.09935815234728418,-0.05344145330150951,-0.0970390778154091,-0.07061057195489995,-0.07485208546001998,-0.12240658816238492,-0.11412440821286618,-0.08481121745180764,-0.06866906054565303
2021-11-17,-0.0009029433387337527,-0.0065674207996458955,0.003436857419438999,0.008206312026434182,0.006502194230222136,0.016893345729229292,-0.004749888900387744,0.015763146978995612,0.006798308166813705,0.004910386565229574
2021-11-18,-0.04649806745875118,-0.06844025568967327,-0.05674983989800575,-0.06414086614338188,-0.05471078943233565,-0.06692398763146579,-0.10928428517109579,-0.09698616636535295,-0.052656511104031356,-0.0495643110775954
2021-11-19,0.04275601655502537,0.037481537285936506,0.020677857806173483,0.04994017611610424,0.04756971565712553,0.07440183378363852,0.0670945714955371,0.03561501282106638,0.07881927744106676,0.04754337945098164
2021-11-20,0.03053586146457543,0.015233525335006215,0.027144333086984274,0.010733055485564913,0.0058060914577786615,0.02596941564469657,0.04098781961019671,0.010585337487412527,-0.014939842447672658,0.005638099806478669
2021-11-21,-0.042655680371001536,-0.014446786708053772,-0.01619370466132397,-0.019335574935309685,-0.009377240258209296,-0.031791480942506056,-0.02337357844827359,0.01678193437098363,-0.013110365983723171,-0.03413938865660804
2021-11-22,-0.03435665442950975,-0.032312981222640036,-0.041565940596482776,-0.028308948126421818,-0.038606322674742066,-0.04245585152485365,-0.056877898969082685,-0.047344164305530345,-0.021937474871392193,-0.022214286228311897
2021-11-23,-0.014664335743637347,0.024917079961792155,0.022735855747423095,0.023668091215721443,0.019703633758122008,0.06171175606728707,0.03457174164574117,0.009919765227344612,0.012224875665762358,0.02935975186227502
2021-11-24,-0.03660662219599009,-0.021153577787119127,-0.02238438701660228,-0.02576220956157682,-0.024367684338960305,-0.023217625786793206,-0.030419212160717968,-0.02073384021657243,-0.021888623590616274,-0.023412034445286944
2021-11-25,-0.020800197020642397,0.09578579570549572,0.017666069374003168,0.005085492530783942,-0.003574645430066359,0.008198554450852713,0.027779795976475397,-0.022245416111544958,-0.003918771911861185,-0.009775716208058505
2021-11-26,-0.07443934612169978,-0.09278591350531884,-0.06468677053655503,-0.07354885284052537,-0.03511417100265346,-0.05704067335916796,-0.09627533655527432,-0.06633487725441456,-0.012143000079990918,-0.09258564823158322
2021-11-27,0.01157931057935091,0.013510268205738196,0.02324655494514305,0.015820284370545945,0.007663944774839004,0.016374265676426303,0.0015382922888460548,0.01649196009346854,-0.004150313922700044,0.011542682935368642
2021-11-28,0.03022858217002633,0.008871650405639864,0.044392510044424904,0.016326678278759,0.014221343119251717,0.048217169085520206,0.021415686761680153,0.017797509908259235,-0.008969014596585057,0.02279771141236675
2021-11-29,0.006060170174218671,0.01369890523883055,0.009748898117819094,0.01128969664404611,0.015994734912238906,0.03508045044929298,0.03268549465215065,0.016382220420699367,0.015087817586649122,0.023958673335817027
2021-11-30,-0.029706510044662515,-0.009706458580772792,-0.013858989986877734,-0.000694243109714443,0.0019138554873192604,0.041927923919998555,0.010415945555521722,-0.0005276091021626517,0.023258607165137724,0.006848073804988086
2021-12-01,-0.004624075552889573,0.00092409161836704,0.003936508510805847,-0.003909228733405379,-0.010006389674576122,-0.009605737064494413,0.0045992496868316746,0.0030017487000431053,-0.024642741639207544,-0.007833764374881591
2021-12-02,0.10832302895797774,-0.016821900695539127,-0.013140205787574133,-0.00691615924291944,-0.017277945393612604,-0.016500577593133392,-0.026231495260362392,0.005314747428396327,0.031810443847190006,-0.018788458161952848
2021-12-03,-0.0925813923217661,-0.05182215476419927,-0.05098586481791345,-0.04274925299949062,-0.046344155169414813,-0.0644151456839035,-0.07562993892573844,-0.03614435992235454,-0.03587536778308287,-0.0514937207160463
2021-12-04,-0.08727542307654013,-0.10989703746973922,-0.08204639683653359,-0.16892127484449193,-0.12185237379726732,-0.023957757548988323,-0.13315816119714097,-0.07452017058238625,-0.11348278366858389,-0.08155655187751165
2021-12-05,-0.02998578758097381,-0.04296823955314899,0.003417522933012007,-0.03748799254205015,-0.01461558853513012,0.019112436240023678,-0.04074089948344639,-0.029563706720621363,-0.029786451619020715,-0.04891685105709831
2021-12-06,0.034313742027405114,0.049100304314228405,0.02458589579002135,0.08346254571659673,0.016065145751803733,0.03820919928845279,0.03501526563849944,0.03625125051763467,0.055231789824176536,0.028169289196124714
2021-12-07,-0.030484241824267344,-0.001253784735180452,0.002322159783127109,-0.016861648279951624,0.007018493581718799,-0.01002028298494384,0.002510039450883017,0.03227098576677756,-0.029914871503909923,-0.011710902568995207
2021-12-08,0.010950556999441252,0.011975810999218295,-0.00385184874717448,0.13058782240971767,0.030904822125250808,0.028805240908762686,0.018057497984444337,0.024965330289391963,0.06614927561378359,0.05462941037867042
2021-12-09,-0.07632668134646636,-0.06524741890910402,-0.05608726213196957,-0.11784079068167108,-0.08160584876850441,-0.07197932643737959,-0.081272727356684,-0.03975899497863222,-0.10492489095975854,-0.002357239989704385
2021-12-10,-0.06102644851106165,-0.022688479516233984,-0.00899511908452133,-0.055530173539787064,-0.02969217268665647,-0.05129351127002291,-0.021061298703857423,-0.009427672947529997,-0.04689574325558732,-0.06986759490443639
2021-12-11,0.11765317012816512,0.04667486622114714,0.044857216044006165,0.12153348895841165,0.0416679815414569,0.0450189266171952,0.06355132567126609,0.041731095922581174,0.051465807931480034,0.04770458008105094
2021-12-12,-0.005143810139489835,-0.0023276051864417058,0.014906619570362878,-0.02297234492595679,-0.0016623953178472872,0.01224172241858712,0.0073527857041826294,-0.005217537125017935,0.0058765628813171045,0.0023960086170806694
2021-12-13,-0.09050373386731214,-0.08076475772402225,-0.0670851717099511,-0.07299487537665927,-0.09797817080405335,-0.08470922459893049,-0.09213376295850584,-0.0672291935614806,-0.08374349375446821,-0.0694500078426794
2021-12-14,-0.0020508876186354774,0.006590827686397738,-0.00267125345649466,0.0565678148655504,0.0066262080765682185,-0.010249485280602655,0.010669314385463702,0.00682278216414689,0.029752047044163232,0.017058448324456466
2021-12-15,0.07279153018220241,0.05484195701986749,0.04900151967252708,0.030187359909711997,0.04685088270276183,0.07287480532970947,0.05091395212217886,0.023355784574288663,0.04731136987598217,0.03916118172227656
2021-12-16,-0.05436077920354909,-0.02040243347083681,-0.025181582897818466,-0.046338576725456715,-0.024546046035200053,-0.013915763227156375,-0.02979300026856746,-0.024672286898229978,-0.06270597121798716,-0.025622697150962992
2021-12-17,-0.01663954701517434,-0.029088808985793135,-0.030699007215741814,-0.017011792472793053,-0.023853859632449237,-0.020942280956898096,-0.030906834258012328,-0.06714505672425641,-0.002825670459036367,-0.008606717508379047
2021-12-18,0.01856067254062177,0.024026692040425957,0.013995731563123393,0.028671984168347375,0.020416616431387924,0.020975336205050432,0.030920372853898703,0.009336061470024415,0.00021164977848608935,0.03514111015775079
2021-12-19,0.0017117697167963186,-0.006971203979625917,-0.0030259427628138713,-0.017850637977510186,-0.005769884172572515,-0.009661431377819718,0.028737832179312806,-0.0113010583835218,-0.007586249178892057,0.0092509132551013
2021-12-20,-0.005158810390564206,-0.0059457318504183565,0.003709543768351198,-0.0012035176087903388,-0.010020917033841004,0.0028684990961875823,-0.002932886607145746,-0.025299895566704977,0.01757850490747237,0.053644558642906626
2021-12-21,0.03441900586399882,0.01851716489522537,0.04386356169401262,0.04037772424860364,0.024661130116374608,0.021967194618366825,0.015058874762776009,0.017816166915919585,0.03820458701125462,0.077081028847243
2021-12-22,0.036836188962964256,-0.00011200066601768643,-0.006295931447672265,0.012255661812428986,0.010394588315705278,-0.009492022978098258,0.0034881263258002004,0.002851892718442439,-0.0012108589914550105,0.0074426081564831215
2021-12-23,0.11042586833614365,0.03886141389912012,0.04433669194360079,0.0421637062376905,0.05042890663985866,0.03162050877094025,0.05134188619215885,0.044514580847883956,0.07470469952614311,0.0404169495138067
2021-12-24,-0.055824593865861805,-0.008137055500460177,0.0007414904357732066,-0.0335877636649371,-0.0019685507551294723,-0.01461355562486455,-0.012410302407824814,-0.02083677987987942,-0.03012161336790309,-0.08178717262031032
2021-12-25,0.04390223271002691,0.010489237642075766,-0.007719775485643066,0.008677433295949832,0.017665134792127724,0.011190288276532456,-0.02252145759351476,0.007142778880459222,0.0380575765402249,0.014003624455204422
2021-12-26,0.0017543960370054457,-0.009229679500928789,0.0075284019171428795,-0.00281652104344976,-0.0038235521928684513,-0.0063403613927860425,-0.011365160579565825,0.0009570803099079317,0.008012994769831971,-0.00393480540720581
2021-12-27,0.039056454905609383,0.028851869850019307,-0.003328070621613999,-0.00218411569063659,-0.0087329528456912,-0.007321887161027885,-0.0007123074241370819,-0.0070363856974348105,0.025529262963299937,0.005432150816741199
2021-12-28,-0.07313638689508051,-0.05523045216231304,-0.06025942562091624,-0.0747952893091145,-0.069779758343948,-0.058613436676413055,-0.06411518905166025,-0.04620874135753961,-0.08141886135391285,-0.0790598932773976
2021-12-29,-0.05095331199588404,-0.02158564220196224,-0.02404227880624954,-0.034378634655453655,-0.02547657732818631,-0.045347586768066606,-0.0025653598291865976,-0.010264113300442745,-0.029616825904207777,-0.04249437502821396
2021-12-30,0.02224276105444467,0.0033799137910175414,0.01579112126431248,0.017024248959128574,0.014514189995445737,0.02351372914831229,0.019059458501528015,0.019067253897046443,0.007067204604761956,0.02808208645816901
2021-12-31,-0.03690487582005875,-0.002079049567641933,-0.018476352917798256,-0.01458109635462923,-0.014276900509626378,-0.008406161003285728,-0.011944961922488284,-0.03242901515683183,-0.003469653388967986,-0.010106642498711405
2022-01-01,0.05095829887278769,0.03208395432364819,0.029809396471367267,0.03281510286024636,0.02181651922779171,0.023641838167751006,0.028547936417346875,0.016088163046535264,0.03343752862992955,0.022028167030379686
2022-01-02,0.0004422164706763265,0.00759684535915417,-0.007163274962024402,0.03755033098271654,0.015127766822472077,0.01588136117589123,0.0037031798055651155,0.015298246910746771,0.05561360202858756,0.011355287323859597
2022-01-03,-0.04061236696535098,-0.028780380767286062,-0.0187368774698079,-0.01866139383111365,-0.01945521224215707,-0.017804782359288618,-0.018471392196661274,-0.009012308085185827,-0.005217549618264483,-0.030534755766911337
2022-01-04,-0.007550491828268058,-0.017058581668565775,-0.012065555013512697,-0.005568216552409022,-0.0154540965258948,0.008687307931515731,-0.011109319324094091,-0.011429552380389896,-0.0362326290233842,-0.009859740142263651
2022-01-05,-0.05767971146011741,-0.06070254106664963,-0.050734060615097554,-0.08448724515869199,-0.06128130937200016,-0.06422404850925867,-0.0730400384971559,-0.0632283443548799,-0.044291883252751685,-0.06101208921807233
2022-01-06,0.03542072710606603,-0.0023240088251691438,-0.009366159015892994,0.0063838677612626515,-0.01296428035430186,-0.0371730634280415,0.003047068553212018,-0.003782488390759342,0.0030079961607545336,0.009024312764022158
2022-01-07,-0.053317703079197365,-0.03639416895621295,-0.03714070469186992,-0.029128685710857805,-0.03856692023322328,-0.06587795854818668,-0.03674136298233199,-0.04199008621832212,-0.04150185105597237,-0.023385339829828933
2022-01-08,-0.01983825358821778,-0.03056624717132539,0.004235994902819673,-0.028378224994820123,-0.03393805502146119,-0.031704077942472875,-0.010274418905292904,-0.035287509445010135,-0.0034402371585510183,-0.02016316341720059
2022-01-09,-0.011496377128391244,0.007601385717261877,0.004256970472081845,0.013356846890710816,0.012207901694415435,0.021274058960640163,0.00892012724111213,0.008292429320836625,0.020306623816485736,0.009117416976858417
2022-01-10,-0.03902335836383908,-0.03456253531426068,-0.0021554853640055605,-0.033044282723897034,-0.04326954653573667,-0.02364136800640171,-0.03400272197957244,-0.0407744097674374,-0.0312546018256622,-0.020105868842365315
2022-01-11,0.05058098111909115,0.015825385462647334,0.021869109453241498,0.02401550900951932,0.04012187128997624,0.05027854349203764,0.03714434050796411,0.021537000896671765,0.038023312427623246,0.04222579150584127
2022-01-12,0.10077128797356272,0.038079272101578576,0.028389418684672707,0.04142642639151628,0.05000615909182082,0.04142745718356022,0.07748083385879867,0.04818735891181647,0.07565498989714281,0.03762742645646555
2022-01-13,-0.05471225916509315,-0.016484391755157035,-0.030888714484173407,-0.031145701827991146,-0.02744952205188156,-0.03676163434271329,-0.03598686559824327,-0.02629919385992363,-0.044740236622493934,-0.03904701208548644
2022-01-14,0.0468430385835803,0.022743769815287695,0.011930269358978673,0.026969022957418876,0.05742823323121593,0.018998586244709736,0.05919642963831717,0.021019198289917718,-0.013427687209900285,0.007768801678457837
2022-01-15,0.004134241604451416,0.012899209260802236,0.001802778677309158,0.016277050751246858,0.02827428577834712,0.006202201749167191,0.022197241618388874,0.012975478797182527,-0.024018094891431474,0.00920315293858276
2022-01-16,0.08562153100992265,-0.0062442767947819,-0.0014711291913973579,-0.002155673090973753,-0.019047345104619806,0.006122481592311324,-0.009491888069447785,0.0193889663058624,-0.004524067212092309,-0.0031595482628586913
2022-01-17,0.132797910558492,-0.019571805708932688,-0.020024366790964976,-0.026346242019739008,-0.038436931728161206,-0.04136680845756069,0.03503686271242912,0.013152424320458156,-0.009734670232344977,-0.020812583979407218
2022-01-18,-0.08066463065356322,0.002474933956651215,0.0029604828561313745,-0.0006086050748118632,0.054380018821840403,-0.015029639521672689,-0.06446021425669635,-0.03258839802933022,-0.0070907402617460535,-0.013256087298220254
2022-01-19,-0.08446297005925485,-0.03001162161231674,-0.014897823244158781,-0.028540503958342067,-0.038995790350424775,-0.021554575451392277,-0.03505555948072858,0.011622949376848268,-0.03111257345423979,-0.017115949382646933
2022-01-20,-0.062382446088010135,-0.0336575091713851,-0.02548634039729203,-0.04333079095834591,-0.07182388660995209,-0.030591452089873683,-0.0478516986510491,-0.022271624386018818,-0.06035334335710407,-0.027479570626824157
2022-01-21,-0.10716702690051383,-0.11979528047822086,-0.10381165615712484,-0.10232436416201474,-0.11298769752112825,-0.14767435465989753,-0.12252626263796729,-0.10082960829949272,-0.12368921606165784,-0.116319944138642
2022-01-22,-0.05031636975063891,-0.07540132854321191,-0.039143484680769114,-0.05988600803723998,-0.06620563249284939,-0.05971640752836038,-0.052131076712812474,-0.06931768925092785,-0.054033281065557937,-0.06244087473422344
2022-01-23,0.05217415404242742,0.035569591689175395,0.03558509252717301,0.02332947273770203,0.037925672831750745,0.053990906269038685,0.03376428552329935,0.015647652171993043,0.04465203230455117,0.054885411640587245
2022-01-24,-0.04969203824057655,-0.03173815273210567,0.010406744495611076,-0.0317704954259439,-0.03917222569640455,-0.03735120652726631,-0.022284954133585888,-0.0439442277349158,-0.014646657902413707,-0.02642837675464682
2022-01-25,-0.02158646550742327,1.6082267691563956e-05,0.008175727030871549,0.010300968259154608,-0.004203129467704625,0.006385456601614825,-0.013917333071574944,0.01511543472694954,-0.00425991955118743,0.008860769847053307
2022-01-26,0.033991829916223626,-0.007810426112671354,-0.002757016878562668,-0.0022464085567334147,0.015790712225574932,0.0049248919678990255,-0.00725660448010923,0.0070156800886682635,0.0016360749646233685,0.007301234206622098
2022-01-27,-0.03291237382759615,-0.0015211881202291666,0.007763821260712289,0.0008369623202466592,-0.004212213635701789,-0.018244935331225953,-0.003063572017303784,0.002417032561712995,-0.01672466988207133,-0.021383326964742322
2022-01-28,0.0067779792270523664,0.0251660408237957,0.017397102127314046,0.04076309239415865,0.0373193144171724,0.05121368460412512,0.023180327922645017,0.021098155848213063,0.02520160197647936,0.006146786996696241
2022-01-29,0.008532163744017218,0.006992298015046083,0.00936493083845824,0.011262438905972783,0.005317609501013676,0.019627353458854913,0.012710506389379983,0.04644662746831285,0.0201638301356748,0.00722111946327475
2022-01-30,-0.0208546792379255,-0.028007586319709787,-0.005783656346668664,-0.007241469653668675,-0.011974906490777482,0.0024573075711489256,-0.018261611808605638,-0.025452977450706737,-0.035609121498976104,-0.02229409884708422
2022-01-31,0.014294341898164697,-0.017078980343577688,0.01491453610450133,0.00989100149050226,0.027999403682299917,0.03257666428258821,0.007241202430610549,0.006929532176502162,0.02211653651619061,0.026473023206819102
2022-02-01,0.03451576729025452,0.00913766194402199,0.00676006528835682,0.006375767563315593,0.04323917064275817,0.03862634283851252,0.05305614172884643,0.012275739138590591,0.010063357933961736,0.01628682745393384
2022-02-02,-0.05485641762410154,-0.03317066382208611,-0.046209029430310355,-0.03250523657207571,-0.018978873642526373,-0.039132735575322264,-0.05932286925579855,-0.020395166898199646,-0.04400901282328884,-0.04410133470647959
2022-02-03,0.026764409450533932,0.004973463795928668,0.005456046132945147,0.007780083312927788,0.06040907201168033,-0.0013759251322007504,0.015945498713687334,0.017273122608330693,0.0067681581495939724,0.010309566444460128
2022-02-04,0.07494954635444562,0.09289085288815402,0.116978066100073,0.07925574815377057,0.06399633586041498,0.11362666703116964,0.09639426771940274,0.0796192047614579,0.07525681506745552,0.07930598241572584
2022-02-05,-0.007290339748727392,0.048680515695726845,-0.001438787435204647,2.9895892121878376e-05,-0.008574819316720217,0.010410717097086852,0.008259338509653213,0.005433999280494817,0.02156662221979988,0.017152635591918708
2022-02-06,0.0152588783480343,0.01287349679700922,0.023437312952531153,0.024076239743660466,0.015474695560108387,0.014206593311191451,0.04534867646929075,0.022344378141895938,0.04822087289591015,0.024762846375985914
2022-02-07,0.046096845004913956,0.054729304208947616,0.033665872045371525,0.0587144466935654,0.09192797257033769,0.027798951436755814,0.07581191864222281,0.03558590185323718,0.06977730896951528,0.21088663837820243
2022-02-08,-0.015523999578244685,-0.01908674521838738,0.0063448528050995545,-0.020629641010928013,-0.01659203631810313,-0.00632052369720526,-0.022727803887832243,-0.006023753357336181,0.014680904816606333,0.06085265663716832
2022-02-09,0.013650430529682067,0.028489235977874117,0.004994545046617338,0.01354688264815107,0.054075227472438314,0.037420119536786256,0.046125096085409156,0.024519821349621163,-0.016560698123840978,-0.0086165342600103
2022-02-10,-0.03542994452743864,-0.011570931420049169,-0.01744935921313273,-0.04054216394517951,0.018255609881933976,-0.05000061799033162,-0.03626416595346582,-0.016614196738434228,-0.026643462966855158,-0.04665257313135196
2022-02-11,-0.06258777953690264,-0.06225082920042513,-0.026561982607033352,-0.056819366619897504,-0.05091760870877071,-0.04877319319619966,-0.06704673464922606,-0.06717155401687325,-0.07257947406858367,-0.08407607845226839
2022-02-12,-0.020500723467320126,0.027091250454237326,-0.0038546734323026133,-0.008554788944695857,-0.0324503295805868,-0.0034231086563658586,0.0051774436902223275,-0.008743450874711511,0.012280088071923156,0.08179410898573969
2022-02-13,-0.011699125936695531,0.01711416133240462,-0.001111462077505676,-0.0021453294982208826,0.033180070012704066,-0.011619882910758439,-0.003784715432387342,0.015373042459320585,-0.03014678530558479,-0.014755484548639508
2022-02-14,0.004253065610877682,-0.010562496235100638,0.009228086961576842,-0.007066774000808351,-0.039468573708009935,0.01734567720397817,-0.011126090635992791,0.0013185067587340171,-0.0027171500202969323,-0.009941059097220317
2022-02-15,0.0545756898930998,0.03560302937249005,0.04668769779745485,0.06488716169583442,0.06608203295648174,0.08399521286202116,0.05578973887247507,0.035600822750766925,0.047487276228571185,0.06247053548243042
2022-02-16,-0.02040930545936137,-0.022642429360974492,-0.013759752216496501,0.01062528217449743,-0.03478795142494784,-0.01636765067071777,-0.027335341008512204,-0.005624688755704987,-0.008128678393127031,-0.015600734976599306
2022-02-17,-0.059988155772467744,-0.06722716604746382,-0.07788223029977337,-0.0894641422217144,-0.09001439252594678,-0.07876007915331673,-0.09252770727129622,-0.06004127965125483,-0.07679536865305314,-0.08564947947983215
2022-02-18,-0.022337563244411607,-0.005876475960212568,-0.012507647384577658,-0.01120001164788087,-0.011933786007381375,-0.03323095432766643,-0.009503876609732731,0.01067544916191987,-0.006570122801782152,0.024397353839751945
2022-02-19,0.0005917347230341985,0.003363550496191081,0.0022777282826873524,-0.004355420659161502,-0.009825823923383825,-0.00790686342387692,0.004443837197589007,0.006476944519858252,0.01559901145006859,0.04661978426165514
2022-02-20,-0.06495022695638053,-0.02848597472712333,-0.04214073972532317,-0.036297755387558306,-0.046948424367087016,-0.048866619788482835,-0.042148563012871176,-0.023443901780256904,-0.04556914814099,-0.053775689814220984
2022-02-21,-0.08003623678704752,-0.06198528402073544,-0.03528620868790788,-0.05674511536463034,-0.0867024605008061,-0.02085949365019457,-0.06660119307685286,-0.03932910442318949,-0.08265446332710702,-0.09614593448739583
2022-02-22,0.03586539194104299,0.03281105462563261,0.03265642371222732,0.04229661041417376,0.06628538872986645,0.02544204798341476,0.03936475950411911,0.05096859422507216,0.03945866169372425,0.02753079700981198
2022-02-23,-0.022325770370285936,-0.014870176659336432,-0.025843815613622922,-0.02682189694976278,-0.004802538260971656,-0.01854268553832039,-0.01447922363847376,-0.02709693221189402,-0.020836421441299158,-0.03332298463155947
2022-02-24,-0.01811382013019125,0.03975746556771398,0.027778400368163814,-0.020038652734212237,0.0006383310661608466,0.002975463126547284,-0.016377509698384363,0.0025424315001445486,0.002763628503813065,-0.00354064266584031
2022-02-25,0.05226232594054414,0.0254264017939001,0.022998939789759643,0.036585512041332535,0.054298362678835366,0.0640739815309288,0.048314268964643414,-0.02658662949889079,0.04488074155540156,0.10431411840219917
2022-02-26,-0.01125690800711221,0.019684324229346073,-0.002781397053842838,0.008037190799440319,0.030549514236182462,0.005996005841990337,-0.009359258649464297,0.0005714791636455274,0.01092310590719614,-0.023318975768469752
2022-02-27,-0.03331724038303008,-0.03315174325601,-0.03568234201898368,-0.031692227387608685,-0.05237515120770031,-0.05728286710874153,-0.04746755167658101,-0.02481100863625274,-0.059715718498688286,-0.038591228864988336
2022-02-28,0.11824404088977092,0.10857616062512432,0.1454118392886461,0.08911985839412706,0.10028239109009185,0.1134332194172587,0.10056660902630465,0.06366592990373654,0.08616520437429975,0.08317540404470702
2022-03-01,0.0026233847817724865,-0.0263721286517542,0.026888524570001016,-0.006564108314272232,0.006520423547905718,0.018252916606172453,-0.008200377319418473,0.00608918362696631,0.008355040084802257,0.003603363006697613
2022-03-02,-0.024610716294900192,-0.023843645931016066,-0.009706302725009275,-0.022891809823831433,-0.0254528139896687,-0.0075245790678323266,-0.019482932198921388,-0.009883337401919934,-0.025366169848708875,-0.020852080138829554
2022-03-03,-0.03835565290747123,-0.01647551260896718,-0.03351981142193561,-0.023853000441796057,0.023019202437378317,-0.03920161771843611,0.009068877548374932,-0.02514993429217882,-0.028822290318042065,-0.021224561151234278
2022-03-04,-0.06621546799893419,-0.07999605657879738,-0.07806935036049167,-0.07283382145167805,-0.08725830710358573,-0.07666797157791327,-0.0894488543964449,-0.029567736118938925,-0.06378281046172984,-0.05253094994520413
2022-03-05,0.02702963391494051,0.014012293664799502,0.00671938064683042,0.020477334584255047,0.009156756873376137,0.018216357267732075,0.03536171747797878,0.03844236251168964,0.023685098517244096,0.059253041737770795
2022-03-06,-0.04842481522788544,-0.037067383692032885,-0.024887994408395286,-0.03996595782214063,-0.0440958369375859,-0.04120099883208184,-0.032228623423551706,-0.02495533880795886,-0.03738478903314213,-0.03829114923506449
2022-03-07,-0.03201566684864576,-0.028782056858857152,-0.009316643885282638,-0.017804654838013634,-0.01600892537194243,-0.02241302390450539,-0.02681907745185197,-0.004073287563012062,-0.016808254648990162,-0.003728687263334307
2022-03-08,0.004854609876063343,0.03431551725688098,0.017740259990833174,0.022117225763221615,0.019734373384799664,0.031618715552175436,0.017683782812737192,0.03176546314441797,0.014860423290441904,-0.0031937226189069357
2022-03-09,0.059960079578990744,0.08432433047327481,0.08378639716414904,0.049536520234753745,0.05261565175422289,0.0593911064983772,0.0628562476816319,0.004905564529407602,0.09271270803230691,0.06416152729000113
2022-03-10,-0.05060323794920718,-0.05993392502773909,-0.060630954045771346,-0.039212404745216145,-0.05030487804878048,-0.04459506244101141,-0.04008321541795268,-0.015976113469347908,-0.05282926084016426,-0.03880288537582566
2022-03-11,-0.02008022331597492,-0.005764862020006256,-0.016291319622939393,-0.004147987338392611,-0.006668952061940403,-0.018590756322895086,0.022500935135939093,0.006647890773433529,0.02718976229536363,0.08771940601053463
2022-03-12,0.000694774586005531,0.010424466220631423,0.002810649293818468,-0.002032002609604122,-0.007508192694859361,0.005935060859578956,0.008260273517575412,-0.009822967276143846,0.007514671978944953,-0.019407742410272988
2022-03-13,0.000406021480993779,-0.037051196519338414,-0.027101257933814904,-0.032674270921681736,-0.03426380448145483,-0.021675689037740864,-0.03512722049784367,-0.005228328611615041,-0.0434998138641568,-0.032082923509897165
2022-03-14,0.01633637246100328,0.03257435233510231,0.0480080837903738,0.03073279483646396,0.020361660316540853,0.02848473341224711,0.03485149230921292,0.013139519253493548,0.016363043224195906,0.017475525214607046
2022-03-15,-0.004864952994586336,0.0005147631304385225,-0.008268101563720931,0.01057586144671685,-0.0021085605616786296,0.011368996119395458,0.012443201167985585,0.005952486398785428,0.013423851471498827,-0.010163219206050567
2022-03-16,0.047959699812388346,0.034609595982952435,0.04588714481344902,0.04951870839097383,0.057285187274371596,0.057976079871540964,0.04085128607538113,0.009636150455887948,0.03685095778075187,0.0348924993804649
2022-03-17,-0.0018965443449122654,-0.010886866817706009,-0.00467993171076464,-0.0003104643623921266,-0.006984117112286192,0.015439382650158429,-0.009419589051081645,-0.004698449623229406,0.002113385277284552,-4.409105501401722e-05
2022-03-18,0.019896422128618863,0.03172499269123241,0.020750884742987363,0.02113378679625355,0.03403885012701191,0.04635711215367966,0.016368685645059333,0.014671812069433576,0.01776208799928347,0.006002506916103378
2022-03-19,0.05585208506917416,0.07113031536491521,0.009317830622209256,0.040614438767215155,0.2076501882541293,0.00031034161201071164,0.03797322005592152,0.003566288022324393,0.03606987016192953,0.026441083753133476
2022-03-20,-0.026641935772568903,-0.0020045726985954415,-0.022346848712323064,-0.0024142358624135163,0.12584068183180386,-0.029120965764543816,-0.013268755297632162,-0.007607934520964532,-0.015069614996392477,-0.016173366335927808
2022-03-21,0.0452518293716373,0.0252880010939025,-0.004117262624553253,0.06201230195793328,0.006362962968881947,0.013115842942408973,0.01157885400094405,0.005599092124987104,0.03501176489098734,0.03973472963738467
2022-03-22,0.06507325572701483,0.12381057980755172,0.031180014163224357,0.08744499095019354,0.19606959213100583,0.025933453702879916,0.05827572090061195,0.0263184028874226,0.01599897154741181,-0.001258724221132379
2022-03-23,0.13420378349457285,-0.032997400062471094,0.012610091153007819,-0.020756531525351285,-0.014856271787845987,0.019486538985025836,-0.003681385048820096,0.014635370657206437,0.01122374322209363,0.0009437376696941335
2022-03-24,0.02034254903429744,0.004943136630410905,0.024898646221148013,0.014676690296062445,0.07101250278074023,0.02540190286930155,0.03352393413408428,0.019196107206087998,0.02527275403270357,0.006064061156069167
2022-03-25,-0.028427130969334025,-0.003731482937916142,0.008821397620525806,-0.011129677533832205,-0.007186693268552591,-0.0004474251140281771,-0.019860033544165212,-0.01685200796155706,-0.014918367596148507,-0.021164482824159725
2022-03-26,0.048006721570787114,-0.007804761891215484,0.003429583093865096,-0.0001721226638052853,-0.019827845028839053,0.011751345351635134,0.00656066828690971,0.026308410998927556,0.01842929162628204,0.009265253587033229
2022-03-27,0.027424081645424092,0.04046489761585015,0.052126312256127294,0.06192257251012867,0.01872003658225241,0.047212927981994834,0.036163481860159497,0.04546417371040201,0.06647519451512451,0.029505075869642905
2022-03-28,-0.010120529505345366,-0.022303659175974433,0.0065678873583499,0.07538264491335767,-0.015869935675502433,0.013688537758611341,-0.011274271705844385,-0.001286644319591912,0.0027807995009321296,0.006952877429229787
2022-03-29,0.017884388229068016,0.014643061187473716,0.0071661546110000085,0.011140099123862157,0.0420256607078453,0.0195865837458582,0.016590922508388894,0.00435714597717074,0.012741642048142987,-0.006143882581398641
2022-03-30,-0.0006104022389622488,0.01635169769514766,-0.008491735032190584,0.013638763930400755,0.0076272682557072535,-0.004947058898670642,0.008519898593250641,0.0534000537354169,0.006243479281427433,0.003279714392319777
2022-03-31,-0.040771713634123574,0.011607180466322697,-0.03238210822970233,-0.03948163155277162,-0.04850287296157696,-0.030579115649246424,-0.05682220309774633,0.010795375251374306,-0.02785974445687378,-0.05372820030823855
2022-04-01,0.020645421953658927,-0.01863161152747872,0.016315115388267687,0.0065325635205413235,-0.0026323779992490914,0.051166270347545506,0.009434249081369028,0.013779882726676851,0.018639621238677018,0.016175554195500652
2022-04-02,-0.008081079403000735,-0.009540078792553586,-0.008917040798352427,-0.018338302206266865,-0.03458703529041318,-0.0013024646682661123,0.0003227503633767004,-0.02195102855591513,0.0033415021046516724,-0.003408109051424635
2022-04-03,0.025894244680730427,0.014692269400810698,0.012745379989237415,0.019818059481889527,0.026897439219445207,0.022575567663241758,0.03220153498500755,-0.001255969491374076,0.016021675020064352,0.021857905334771166
2022-04-04,0.022770107416332674,-0.007815226740755299,0.003640395949819908,0.01622313131149644,0.003100423713149114,-0.0004519898990444915,-0.03167608195328653,-0.03201291034688414,-0.020687888543813426,-0.01862384437555442
2022-04-05,-0.03474513804531143,-0.026164057136152108,-0.02287907280900814,-0.045429652251861796,-0.05048934651642989,-0.031082429152761826,-0.013202839836286118,-0.019614271286932716,-0.02938277933555189,-0.011615632256257613
2022-04-06,-0.10081138201299589,-0.09540524607278322,-0.05156849392240015,-0.1192696782160777,-0.13721969882092633,-0.07037373677091652,-0.08726208756679732,-0.08845261395438286,-0.0973007061720299,-0.06889078651056335
2022-04-07,0.0371619842779356,0.017236865707990656,0.006876459247305178,0.033401504008569116,0.13152615207755392,0.019416376407197067,0.015728604639235533,0.01807665859479224,0.046888348401065594,0.035052571772250074
2022-04-08,-0.060049865325191853,-0.039883096503651405,-0.02795577079433975,-0.05374638456840852,-0.06956457480114275,-0.012742710703286475,-0.029310370161590882,-0.029660087922172562,-0.05263577037257139,-0.043076156432241386
2022-04-09,0.018209650191197024,0.00846035506309395,0.011693070951357853,0.017890744999488506,0.03688872438352453,0.02187990808226714,0.017092126388530193,0.023144958061807497,0.016314107228200925,0.012636985651681698
2022-04-10,-0.013521333765142307,-0.015757599013190515,-0.013427680050824398,-0.01593327003194922,-0.03481020287098002,-0.015343531967263346,-0.014218293224375178,-0.022371193976358117,-0.015505949947396291,-0.009129228941450296
2022-04-11,-0.10712641179320725,-0.08156441866840436,-0.06363225953812457,-0.09216187421272837,-0.08562022262226787,-0.07186309437345806,-0.07705399392482826,-0.06888948168933673,-0.07455940435221786,-0.08140349871044128
2022-04-12,0.03769355240196792,0.03332611020859444,0.015315083892861292,0.03734962063428049,0.029618579766917952,0.016545908853034197,0.021645843736866954,0.029694134895728475,0.03119543144879655,0.03106517007643972
2022-04-13,0.02046912155592051,0.1227558274318501,0.025906300465151855,0.05156746118526412,0.011578742718610924,0.0290286617712483,0.05393611531818987,0.02600240979486168,0.020351286693772064,0.010097491530250746
2022-04-14,-0.04338168319147595,-0.012910822631353014,-0.029908006531745968,-0.021024144796116362,-0.0380948846452267,-0.03156637206525337,-0.02779999055324034,-0.02248230721766442,-0.013519063640240692,0.004101632813984679
2022-04-15,0.02392177649722771,0.009041610611079554,0.015473675726454417,0.049731962667561413,0.007401473586588603,0.0069561954118133595,0.0344313133852987,0.029219045171653413,0.053228762867795654,0.0809775365735228
2022-04-16,-0.0021754965024801676,0.007589951765060388,-0.0031805042860567623,0.07855567409668085,0.02332903368128858,0.007035312808044258,0.02989276349273018,0.0011472201445572594,0.0069000695436172155,-0.004879892096758209
2022-04-17,-0.03692266994322024,-0.04223461723930566,-0.017502542356175654,-0.07370150792510244,-0.04139885005023991,-0.022501632953508044,-0.0470845999463152,-0.027776019147366715,-0.04002250730639523,-0.03669160482316425
2022-04-18,0.02099700991227893,0.034425654190206156,0.027929174608607443,0.010595106884493388,0.006707059778536362,0.021448285536718847,0.020022940773789966,0.021945936258505716,0.039086972106488815,0.01973436325141198
2022-04-19,0.017724416351981853,0.001106020447242173,0.016571096753378534,0.08286840932299344,0.024918597345784832,0.015207893160284813,0.02324943634975929,0.02935300758147208,-0.0051731759182056525,0.009174255678245036
2022-04-20,-0.016774878309575025,-0.02841106430208884,-0.003093074404708074,0.044492385279305546,-0.033900995270055634,-0.00849216873439762,-0.016100200716228863,-0.011456878448001029,-0.017702915978028866,-0.02952658762528171
2022-04-21,-0.028662965952120478,-0.04488182386344186,-0.020471984048854197,-0.0923783910289212,-0.0442694611447636,-0.029328327006015287,-0.044487573482009934,0.14072024974347808,-0.019758302042967246,-0.02525996966746502
2022-04-22,-0.0036464288989899174,0.01610342564554812,-0.019420038833716236,-0.019526410833798913,0.01832843877747181,-0.007579971791462747,-0.013059701492537323,-0.06531199287316714,-0.00431640805434208,-0.019073163886957234
2022-04-23,-0.020559913884269254,-0.023430177356476345,-0.0063811726165236005,-0.019460041811041773,-0.027260054344326656,-0.00901287034129783,-0.0009114760659866272,0.012906159273089246,-0.018521138138735904,-0.015974791466950355
2022-04-24,-0.002423220790619851,-0.016936655659662736,-0.0004416040475622163,-0.024468770885959445,-0.027288139314264548,-0.005235109183876596,-0.008357637311298682,-0.028897925991547724,-0.010906764186919604,-0.012669160773903121
2022-04-25,0.013927925013878184,0.02153603037076368,0.025057850055308917,0.01001008880151133,0.00042281993677661944,0.029650638144067543,0.0006156889174682156,-0.005571066021509918,0.01218556013086225,-0.006172536732607425
2022-04-26,-0.07905906775614158,-0.059928857640629274,-0.057858267871623625,-0.07997449186843053,-0.08963684370436875,-0.06682250466394446,-0.06001069705237827,-0.05221103125272997,-0.06174464468811758,-0.07592887365258338
2022-04-27,0.01564680882230407,0.03860425609855711,0.029478882606909007,0.029783721342979907,0.020407696905321515,0.028711816872254436,0.02168676342822029,0.021011010844192768,0.02232963886975159,0.0165482327897013
2022-04-28,0.003991180785946513,-0.0019503085878518345,0.013575224570606004,0.029612864540700556,-0.003807206880553804,0.01661903738138304,0.027696698754937854,0.00839915341436126,0.0071757857782448475,-0.012194994919627833
2022-04-29,-0.046101063688159916,-0.0392038740540438,-0.02926557389929385,-0.020434376111421737,-0.06343692909394671,-0.041314794787239206,-0.02850607385563897,-0.0034195629620894508,-0.041859398028157746,-0.05114509190363514
2022-04-30,-0.060099893531797566,-0.05442769579721807,-0.023179313474195662,-0.11263936735460767,-0.11110707066399728,-0.030336334797430475,-0.041961591414776844,-0.012072276754349964,-0.048004737684871124,-0.039770486717938036
2022-05-01,0.04451671286986447,0.020609057384490592,0.019997911964443782,0.046160887082798974,0.06828468015811606,0.03573723860073175,0.03400153022673824,0.12967004113268477,0.039030839903325676,0.03534880519338901
2022-05-02,-0.01115335919803151,0.002387223845799591,0.001565786170879102,-0.006884133555628336,-0.008289777449504876,0.010486865128902734,0.012645890363766732,-0.029856437671235914,-0.012978040113326372,0.010570184341331945
2022-05-03,-0.01328680454009612,-0.019671350245026198,-0.020215120218891713,-0.019111553722717445,-0.022575398505715105,-0.02587450581867512,-0.013409164663026663,0.05156355619800612,-0.009205202753454267,-0.015335361203152709
2022-05-04,0.16313019674491525,0.07289650803939196,0.051599856624237495,0.08618629981799941,0.14324572055476636,0.05646480841047263,0.06977688807571236,0.19233849711611373,0.07242007618244473,0.06881886917623148
2022-05-05,-0.11794521467365837,-0.07524553501913256,-0.07867402068901796,-0.09539398107649522,-0.07793848758671951,-0.0650985260875554,-0.08803539268262062,-0.13523638482413614,-0.07209694542782985,-0.07361160770840292
2022-05-06,-0.009850204861960754,-0.008336903708388022,-0.014606061408683924,0.003813731512545493,-0.012586161491039971,-0.01972688030319758,-0.001312015502045294,0.15539323253314063,0.0001752320388901385,0.006151394755385287
2022-05-07,-0.02741652839476072,-0.022801157970145147,-0.014954355270636377,-0.022408691796301117,-0.03765386357438272,-0.02185052375578611,-0.022944678473634794,-0.033768529076889764,-0.021255906520778023,-0.03356128183866036
2022-05-08,-0.029294587130490823,-0.02583376556178585,-0.040636848764922684,-0.016599361519496703,-0.016317539485801058,-0.04500336515045189,-0.006285941693651376,0.05118597692713589,-0.035281213175502035,-0.027165877819208872
2022-05-09,-0.17506960133490135,-0.15193263953988456,-0.11046369999353145,-0.12963145786639763,-0.13136583355159237,-0.10805714698013369,-0.17046060381992423,-0.16296688493680667,-0.11601472740182861,-0.1298914247682158
2022-05-10,0.030938164898943743,0.04466870288171143,0.02396125848050934,0.013281004698536547,0.03830047450438623,0.04368007377831029,0.029114405950283917,0.05098079535304545,0.03798590135534541,0.04196447928885538
2022-05-11,-0.1846897457300094,-0.161904559507418,-0.06725839173272163,-0.18566162309950152,-0.17095350162237488,-0.11581014355526464,-0.1724862871358075,-0.0327930812694609,-0.15418617650593802,-0.1951808902506077
2022-05-12,-0.07615830380609612,-0.0009990564466891838,0.003849706798608521,-0.08903552257788949,-0.04204395409602768,-0.053282488294059016,-0.029915489053707,-0.09493369930780526,-0.03659090191419312,-0.06814616559042119
2022-05-13,0.11637252443622348,0.041792043609526264,0.008102229834508146,0.04698108634097098,0.08173209979145102,0.026872933410718503,0.05527390786145947,0.10094500986992139,0.09079628733992773,0.09919623958124513
2022-05-14,0.01981746143730856,0.04414393816932494,0.027939733537411415,0.016101127896541056,0.03142156920684913,0.020778065161833226,0.014534037211104689,-0.022989800595287435,0.04947318954444757,0.010290116140631689
2022-05-15,0.10779853874371392,0.015730444224346662,0.03999325713567892,0.03582603293964359,0.04633999767197805,0.04349267877534668,0.037419162806343165,-0.0019723728046652234,0.046281259677450004,0.04581155790062419
2022-05-16,-0.06825773984982819,-0.08037993535739063,-0.046069001557128786,-0.06193896145087452,-0.05844233065627269,-0.057314837096923754,-0.06038026888649284,-0.04519196690680938,-0.06258502225611706,-0.05559592519758472
2022-05-17,0.0383696398717579,0.04757574829496347,0.018850785235190015,0.04438893246062747,0.0447002692926346,0.033461392764142284,0.08566953545514244,0.0463901327253351,0.043600642543871526,0.03579651814941043
2022-05-18,-0.12535011774473293,-0.09026554957708255,-0.05605711989808215,-0.07780300417506503,-0.08960720066363426,-0.08311915841461581,-0.0898141973523442,-0.018245178141775065,-0.09126453646114197,-0.07188152210768706
2022-05-19,0.054796687702143965,0.04512050184927063,0.05550304428240649,0.04142087396676852,0.05471824157419203,0.053050754503766395,0.08553777441836696,0.037112234986278025,0.013808043659895297,0.03400089913402393
2022-05-20,-0.028901916281406925,-0.028563832253011845,-0.036734890846488066,-0.03437519934984545,-0.033769122061078516,-0.02825124393605738,-0.0476913087352866,-0.03066248602282362,-0.027599975344323346,-0.021046396636516307
2022-05-21,0.020094284315478772,0.007135570728157514,0.007927413013061102,0.024528762392862724,0.007321865459824384,0.006731520527228918,0.015256612269117786,0.03810738480556042,0.029076522626368284,0.008600504991892688
2022-05-22,0.027074774488759612,0.03471919308130467,0.030289794482822652,0.03927809842571861,0.03934931533514008,0.03476891305694485,0.029670626872918326,0.05482649662671868,0.03881896729220613,0.018482020813825217
2022-05-23,-0.0553114096712527,-0.03629535529168337,-0.04039123144227663,-0.03902083115951749,0.030947701782156667,-0.03474418451813721,-0.03847139141894573,-0.023665327969644934,-0.0492620189979569,-0.041829113789172756
2022-05-24,0.01681413613935212,0.021313831199143207,0.019130468401079792,0.030885679826585966,0.11351597998421159,0.0034484158752532412,0.01896449560230118,0.05669744980586322,0.02963161959615168,0.009988359544120584
2022-05-25,-0.014095757332908798,-0.026554479451341706,-0.003143576713387941,-0.018241670689140288,-0.023209046367302588,-0.017258819749310206,-0.028560669167357555,0.04990882611965297,-0.005134041570604597,-0.007163996440752052
2022-05-26,-0.0642059752303129,-0.05031070022431905,-0.009983529917456657,-0.06082280231368886,-0.07068604558504998,-0.07245605236746355,-0.06565329865510561,-0.026704473324138722,-0.05513054400476258,-0.03108788007536789
2022-05-27,-0.05276957584137987,-0.03825755717373669,-0.02185551924250806,-0.02493214299027391,0.018734723644117768,-0.04378840002928741,-0.035473596569672416,-0.02122126569601379,-0.03670123871058584,-0.02895184541389728
2022-05-28,0.020322384850472774,0.028373727655969905,0.006543557286537771,0.038862004295535435,0.014869676083606675,0.019142259532667127,0.01217198776623496,0.007851378748278126,0.020425578092011065,0.011880977743042864
2022-05-29,0.03520498891560142,0.035116073401101344,0.02190035821988534,0.029001689941858366,0.03957838017160342,0.030768501122035552,0.02300231428709254,-0.009205508854367439,0.0652806406478541,0.006970844140821164
2022-05-30,0.18487256185149703,0.06201063552805208,0.07744470968730455,0.07181939839837237,0.048056129052014285,0.10176993535099799,0.0843070551516516,0.0341833444126014,0.09635977939990803,0.07495580972375304
2022-05-31,0.09679631560820634,0.0348260550296251,0.0020777630413166825,-0.004354977911227298,-0.042342449226298706,-0.02710486988964189,-0.010265108003837176,0.01119399178547087,0.04762831332808837,0.008828841990859981
2022-06-01,-0.11595925308443134,-0.08506691393607146,-0.06269536357891181,-0.08184876518951212,-0.07230576980391346,-0.061142436711543735,-0.07957104510998714,-0.008516339710219367,-0.08732391263927797,-0.056373250610292525
2022-06-02,0.06340122709547935,0.014334964231581981,0.02243049790035867,0.02189110438941544,0.017852150921514376,0.00580245376432198,0.023560221476986554,0.00892491590494604,0.044757187693672984,0.018129268944914623
2022-06-03,-0.0478687761900648,-0.030389563753247306,-0.02504629358369581,-0.023542658070607292,-0.026112058717992714,-0.03220668042518249,-0.027805332722205423,-0.036511993480355054,0.02314816067299552,-0.03586459914712692
2022-06-04,0.011455238898161024,0.029288180007811748,0.004326748833952898,0.017267202647555324,0.004850296755776418,0.014946314822654516,0.017365660624324653,-0.009575553603478393,-0.020925065331081294,0.003948693750752685
2022-06-05,0.0018036104218335236,-0.045587656545073574,0.00247203631266113,-0.010876080685232825,-0.006129334936357589,0.0019956927348694364,-0.008463230852694958,0.013177089958018584,0.001666002578517789,0.007827962733291116
2022-06-06,0.07448200272624339,0.03201332191135564,0.048952630028413324,0.024655722996464347,0.03152317744158872,0.029960430041737984,0.019133694819387204,0.0034263556344134027,0.008566695443197547,0.019300430075155584
2022-06-07,0.010039003888063558,-0.018387879116393613,-0.006859698773187373,-0.016331311601776477,-0.041420394665193094,-0.024332589842456676,-0.00794452311957139,0.0037697449969036345,-0.029870183549344453,0.011639892758935844
2022-06-08,0.04252045479065614,-0.029257740824032985,-0.03020730515832104,-0.021470652102780097,-0.012286401062527319,-0.01128750197501005,-0.03691126656966992,-0.01677786409188775,-0.00314370223028837,-0.017301855549136658
2022-06-09,-0.013550191894707186,-0.008103390781945885,-0.003387708269364409,-0.008936412112709569,-0.0068179293477905745,-0.0020886896458599535,-0.021621049390322056,0.004204042995810342,-0.0017979503939627994,-0.0008087170052833992
2022-06-10,-0.09275108403753551,-0.04381535656365332,-0.03414563715680452,-0.04872980906062441,-0.05582464441350232,-0.06971840279684127,-0.059079941433955785,-0.025093907437285012,-0.048304580809537034,-0.04643233305371597
2022-06-11,-0.03733615148250746,-0.06524994222641012,-0.024858994495164377,-0.05584800150662761,-0.0915012134550709,-0.08130651657115606,-0.07707162836242709,-0.03796357082751811,-0.06039991821182489,-0.05949401726216896
2022-06-12,-0.10115468318672549,-0.0626926013659932,-0.056351073137826724,-0.06804688669802161,-0.08161680439981145,-0.05520619538595595,-0.07769414015011,0.006267465900107849,-0.046497284823562635,-0.03769930471624183
2022-06-13,-0.06788216980091455,-0.13871808682605014,-0.15974726027617203,-0.12075046774543385,-0.1365198779389475,-0.16650362093294369,-0.10219191487281654,-0.16525123860314017,-0.10702760637909159,-0.10040231279610712
2022-06-14,0.045889602845272215,-0.003282751420047858,-0.012477914053041661,0.028547712956813687,0.015810650345037924,0.0058776186564533095,0.06539711251446367,-0.12552909351544672,0.06008265304466609,0.0364893897035945
2022-06-15,0.10097317485799961,0.010147405975256873,0.01648355417709846,0.06957910586826577,0.08237535386386696,0.017780176430609806,0.09450609187900239,0.1281145700750721,0.06736625937442309,0.06692684325802034
2022-06-16,-0.10927140290025217,-0.1426040334024513,-0.09707194434960298,-0.09574085957090117,-0.12833336958637842,-0.13418330070586004,-0.11471281414523826,-0.061064917002141894,-0.09682478552698115,-0.09207657942041447
2022-06-17,0.026040942229272446,0.10565067377608539,0.004407495444594733,0.03043260410211701,0.040922487740078894,0.01759673482453694,0.06678331009084237,0.013267871448294333,0.029635251649511307,0.02988244902855186
2022-06-18,-0.0640347087181844,-0.0365241045867416,-0.07101780974085614,-0.05148297377698774,-0.04567601579179792,-0.08548629410097963,-0.00917808944639309,0.01752013899189553,-0.0379183709989267,-0.04135590221478469
2022-06-19,0.06177797399974705,0.031524547837456174,0.0807475952890373,0.08437137836264941,0.11950365467369584,0.13487797259723666,0.14976337411595808,0.009388895965015687,0.06248550759685201,0.05830436597394906
2022-06-20,0.01630383252261991,-0.010106108104824485,0.002251010260589048,-0.002215577069500041,0.061661548146741074,-1.2448902667161477e-05,-0.026095165813091237,-0.005577667473292913,-0.012149666599663878,-0.008302345326635652
2022-06-21,-0.02652453410429567,-0.000780140393208506,0.0053914098304885805,0.0003469100583675111,-0.012916983460298681,-0.0024989047535589615,0.011380367735428498,0.060406880992289747,0.008579368805555543,0.016329312973060617
2022-06-22,-0.043063063600933815,-0.046905678518216254,-0.034937106663198714,-0.037201431442159594,-0.053858115237032544,-0.06525702846678672,-0.026207201585374484,-0.026539834684573993,-0.007551487981753646,-0.01838266001224831
2022-06-23,0.04737353097477359,0.025231024598969753,0.05497803800296652,0.049202155608338405,0.04745194735144187,0.0874671204172921,0.07019312230747587,0.00985353309190895,0.041522478605755975,0.04013208974445681
2022-06-24,0.039417718809190205,-0.014009531023243538,0.006913598955313738,0.03177126483000858,0.02787234665253724,0.07299193391343572,0.004114751976550313,0.0337897082016807,0.08351416950260471,0.09553812959250885
2022-06-25,-0.0005568563595945708,0.00639027709651474,0.012748964915301864,0.004190675684260681,0.010494480603797207,0.013532415710079349,0.05317957621183922,-0.014976910332770266,-0.007383910671826199,-8.431858382396129e-05
2022-06-26,-0.018625301265989158,-0.01901561205543667,-0.02209261947079333,-0.016330605919206875,0.008096939232965505,-0.035076073128295526,-0.03550596680310192,0.0007701480956912032,-0.05266268048292155,-0.023648086824329173
2022-06-27,-0.007889213578942122,-0.014617589090945349,-0.013877981325425726,-0.006497321724115213,-0.009346587154713148,-0.005126553295592751,-0.0167133028476687,0.03244874600312864,-0.010231339911490944,-0.01568561600162377
2022-06-28,-0.033181009947726436,-0.07408027694738906,-0.02193553187871977,-0.04021922070737505,-0.06674789968526151,-0.04113448588718749,-0.05568017950760229,-0.015416255334360307,-0.038213616374709436,-0.0450295293859575
2022-06-29,-0.008861550816444907,0.0119468295575198,-0.008708372798288844,-0.012323711607813648,-0.016586962475864664,-0.03987087571947978,0.011568054224978752,-0.018292497182254785,-0.040457170163432754,-0.02475624140650623
2022-06-30,-0.014306886924299711,-0.015996569564280416,-0.01588223750298734,-0.012109164886676793,-0.01661670052997255,-0.0287958475755975,0.004228385968465087,-0.0011568339800731575,0.01947876467130749,0.007508060300742692
2022-07-01,-0.02344999986360463,-0.012817053877743567,-0.02604834458398897,-0.013066114413600838,-0.023915151959183256,-0.007056593656957433,-0.04721830391533788,0.002918676202519954,-0.02316194755304024,-0.05361618242207089
2022-07-02,0.018438319983037355,0.049920097422242016,-0.0014069651515379311,0.029708093629196686,0.01451329710396232,0.006365060690327828,-0.01232108173152624,-0.0027408509429555084,-0.006474138940065988,0.006063511626417828
2022-07-03,-0.0016741769310356647,-0.008459405814602805,0.002848954556089245,0.005623920686488759,0.0022555558970096534,0.0068017470323764595,0.00964096978062634,0.022851584856107054,0.002742760010522094,0.019405568418919383
2022-07-04,0.03085472241935827,0.024174429922010132,0.04841073013105235,0.045472228501610035,0.040122981826169246,0.0719822052433643,0.02494774379679754,0.01497448992215844,0.02052356351775897,0.022029705515583364
2022-07-05,-0.025576829672716683,-0.03529735741486584,-0.0020338071321012174,-0.013548994680521398,-0.02933903275902261,-0.014350320208673328,-0.046191557853390686,0.01421813341677991,-0.027998646908529046,-0.01024059942920652
2022-07-06,0.009935930790510028,0.017728923476479475,0.017737930428710857,0.028257901491694604,0.016811367399112154,0.046215150158809504,0.010645963791352075,-0.008915808026445093,0.012029125868215251,0.021046425329487528
2022-07-07,0.03382452869632324,0.05158969361693555,0.053013857820514154,0.03106066734334001,0.04702754128569997,0.04264574018240608,0.03538062864943914,0.015654201151573677,0.041912385869108615,0.029731645271704688
2022-07-08,-0.021977257743700185,-0.023598688019471403,0.004322538045727464,-0.013753499891190346,-0.01732194693793354,-0.012190723060375164,-0.011083809162476088,0.0055066392481604165,-0.00553724829404223,-0.0015285677279450738
2022-07-09,0.024499764195389684,0.023594080580936705,-0.006392223420980114,0.02176034659353121,0.01490244799968976,-0.00452182081846908,0.050337774681202596,0.011749922495481346,-0.004526863417639193,0.009729887980886254
2022-07-10,-0.03245885964846751,-0.04065421445806672,-0.03388990349346599,-0.03405581459180507,-0.046303597248015915,-0.03991579906928,-0.03678830664942179,-0.0313032556772892,-0.04785877454125942,-0.055917888962344287
2022-07-11,-0.05979881470112369,-0.07230197306356412,-0.04265931997884009,-0.06263654531430474,-0.062199103187385196,-0.06090802885970559,-0.06505025569327483,-0.04329832708605952,-0.05566418422658059,-0.034901139214987054
2022-07-12,-0.040393055084343876,-0.017743550005335784,-0.03237979740682695,-0.0239569423268019,-0.02324104072251354,-0.05381238956798651,-0.02526324565543192,-0.0011434093422714176,-0.008734836592660833,-0.00839327911844212
2022-07-13,0.04828579674010536,0.0492313956864423,0.04596171114078618,0.03416903178870734,0.03822269772666975,0.07262195547819328,0.042503978391634556,0.024735456794090505,0.04831573323532301,0.03873138054156322
2022-07-14,0.006658156731776943,0.006459618253945365,0.017704551212910147,0.02248908813679318,0.02122840314825547,0.0699892112978604,0.03340551245948098,0.009646287784761842,0.014989800116206542,0.029317631471577288
2022-07-15,0.003244755172927105,0.029915043011045084,0.012951348577769028,0.004210849448287535,0.024929888904372532,0.034915643229785465,0.01130947783681524,0.002825855682735856,0.004710889484461855,0.003943371641334625
2022-07-16,0.03339087830282983,0.03310475289666592,0.01698899533192111,0.032742007143210516,0.14395868437143555,0.09690575753178088,0.06423210663405055,0.027224929424934263,0.018057689200522198,0.0488020987191955
2022-07-17,-0.02160181143472406,0.009456138387076818,-0.01939436147960416,-0.022211979406177695,0.11304944354173196,-0.010343374922703541,0.01081516222258938,-0.021336190558892465,-0.026683740658518862,-0.02123063207140574
2022-07-18,0.10101643656821313,0.09941010041160991,0.08211740099467768,0.0747470613343344,0.32505887659860644,0.17934838115706353,0.05213329647433862,0.024485687630326103,0.07466907487865093,0.06629057810057204
2022-07-19,0.04715320099514719,0.05598855499038469,0.0401919693193753,0.018107492824805727,-0.0017502405398958087,-0.02264031837667424,-0.010952251126164936,0.0009264959728163547,0.036596974385932235,0.01924755232438935
2022-07-20,-0.04793820193360776,-0.05152947893458948,-0.006742410894342465,-0.03312489936573437,-0.08257758859469555,-0.014760143806359038,-0.012873045832919372,-0.022229544954451952,-0.05638339783696311,-0.03413758280230539
2022-07-21,0.018440317032526465,0.009503961199824884,-0.0028884421706671937,0.011012573502615863,0.1186367578740315,0.037198265160175215,0.015060977889554295,0.0063159936476377965,0.01415658250974805,0.018175593650575195
2022-07-22,-0.03229765923598005,0.004286852213961634,-0.01941107679491816,0.12051977727065766,-0.041532499644776566,-0.02495282862569259,-0.03311042564534894,-0.014375485976497848,-0.014047028809673456,-0.022973224794235914
2022-07-23,0.06906147248646177,-0.006459660371339826,-0.010983941711781742,-0.011766117944875698,0.025193941062579883,0.00773532856566761,0.004453957024034283,-0.0014168035950877789,-0.003063834329732229,0.002612868176312677
2022-07-24,-0.0068694740031531865,0.07883406721777586,0.006395837363315726,0.03381277135541838,0.0005819909142930069,0.03238835646038862,0.03649685863559338,-0.0002239880895752444,0.01628902077222638,-0.000781568996652382
2022-07-25,-0.07310813181061415,-0.09863572079792438,-0.05517510011323534,-0.07655700693914969,-0.08641128739386872,-0.09633979863866915,-0.0704347652533226,-0.04614309156342877,-0.06375903069342093,-0.061083895040674796
2022-07-26,-0.018148034536026758,-0.005822003925580077,-0.005708686992848544,-0.0025818076637355025,0.07031541061110058,-0.0024745407341075776,-0.01059670176236771,0.02324014088837334,-0.0069118261572868045,0.001485278899082454
2022-07-27,0.09184210588372288,0.07132273384648391,0.0796052030234431,0.13025146656800435,0.30696935509023837,0.13484879413164408,0.09594376080570344,0.050903730273447634,0.0663847068571255,0.06305803925886244
2022-07-28,0.005435309231351493,0.21755684499047323,0.0398306162434614,0.04862842229474218,0.24365283454922881,0.054537154456223425,0.07655497871959338,0.015888785446275255,0.0373814940831676,0.0397028182819239
2022-07-29,0.019494288054815234,-0.015784349774895956,-0.0016462880701044735,-0.009652333198266638,-0.002083754579099706,0.0011236618798609044,-0.04004638899070523,-0.006680486349147197,0.009574391653939474,-0.01259057407079267
2022-07-30,0.0042821816233611365,-0.04764058803533067,-0.006235163651508224,0.002730864124805832,-0.036873208990737316,-0.018199243328242076,-0.007917301849551528,-0.00212151769483393,0.013439927856838674,0.051777347728661605
2022-07-31,-0.016279298166347655,-0.034884661611818135,-0.013497960448739299,0.020243941686647338,-0.06797074690049221,-0.008521467271251915,-0.00877965148119264,-0.0028924973298035672,-0.013228173239515861,-0.018841381360567677
2022-08-01,-0.005603196437785951,-0.012661158491369395,-0.0009725914343493569,-0.056132251427279845,-0.037713626748164364,-0.027547461014490793,-0.006243776630989073,0.014417661538122406,0.006732449859270906,-0.001266875616674601
2022-08-02,-0.03363013362737444,-0.03013027428011983,-0.014415336683737068,-0.0563570006755133,0.042318148699935776,-0.0013762059625289647,-0.021694498444914556,-0.022362928308254593,-0.02873167089921813,-0.02093557123169565
2022-08-03,0.00836299121303763,0.003397932873893561,-0.0057275961266136655,-0.011210974584221267,-0.015241665358177392,-0.008616897144064772,-0.007531498151363114,-0.00801493406956122,-0.008569723703667043,-0.005830271090502381
2022-08-04,-0.0026348025218722038,0.001067510934329663,-0.009434736504108754,0.011963985907953001,-0.03335217056145956,-0.006590196519029812,0.035349499158070286,0.016498381853559563,-0.002399550822355878,0.0040529649302258886
2022-08-05,0.035693742531049066,0.048866041393840653,0.029091011085651708,0.059545405568852905,0.09922749492462324,0.07713492098552788,0.04265258116463544,0.01282205762636801,0.038292734454356436,0.014121375177441164
2022-08-06,-0.012071511334606377,0.004359670021674589,-0.014085221654344782,-0.02438145654529955,-0.010855094572901347,-0.023435675512644583,-0.02376440714241046,-0.005098293284917621,0.02916110322563248,-0.013340554781646863
2022-08-07,0.031714080125426536,-0.003430986756696619,0.009346662498644243,0.0009981865711150562,-0.0032315128243923796,0.00454746092581626,0.003019842100299819,0.0023174746100917964,0.016126754679528066,0.0025163111470507538
2022-08-08,0.017301472471031643,0.01541142062790768,0.02733856978257987,0.017166813554819305,0.007481817281771219,0.044820223025767714,0.02438242476105823,0.006850215755795919,0.051921786674348214,0.0167728772347282
2022-08-09,-0.04201303469769302,-0.06127560596146697,-0.02709709734425869,-0.05842983166187332,-0.04165058947903488,-0.04082817853633558,-0.053235614421149546,-0.02333473786677054,-0.060434409144008994,-0.028126407726883795
2022-08-10,0.04482233524315604,0.054412734457253586,0.033815983988709775,0.08622359154483994,0.06331010122317893,0.08732558197044393,0.03955202604139285,0.02698830576387934,0.028508276059540316,0.03521862263610176
2022-08-11,-0.010864034491464558,0.006354969227213347,0.00041284726535173455,0.026733219264291064,0.09112905942611937,0.015920919087778707,0.004882197623641726,0.00012798699448723916,-0.002926899684827289,-0.0013174133181922398
2022-08-12,0.017872709953854038,0.0008635010865534198,0.018586602023192844,0.010877312419439678,0.02810762051372051,0.040411101481618195,0.016599967845546182,0.001706204254874777,0.007649917668114625,-0.0014925320537292341
2022-08-13,0.035247174650833824,0.00846857327482109,0.0008708010561344626,0.01720820611199403,0.001904227691049698,0.012308152490466462,0.013050555042138479,-0.007764251531842015,0.0028340528465626846,-0.005344803300509571
2022-08-14,0.01880984282116116,-0.032647620344649075,-0.004288162539464846,-0.03186218233663651,-0.044592959001860666,-0.02247702236489202,-0.006976410918585141,0.007095445962613134,-0.008478131068200945,-0.004003038234108858
2022-08-15,-0.03361488124699019,-0.014925335611825852,-0.007498615226969818,-0.025558641949417593,0.009580759883547119,-0.016818369924346488,-0.03922430516586184,-0.02079548071484938,-0.01669522015648206,-0.0017983471451239463
2022-08-16,0.012235708110043042,-0.006859486222606681,-0.010510085263709001,0.07733857767137065,-0.04869819315779644,-0.01370043034245405,0.00849680941614217,0.011314861723397573,-0.012598387292050983,0.0038932869787118296
2022-08-17,-0.03741958022533565,-0.020668079494349456,-0.02291530796119967,0.0755703106251353,0.006425488998786921,-0.02403430246154259,-0.01578325236375977,-0.021472839461445625,-0.007035505604797598,0.006547651823874068
2022-08-18,-0.04544371405869674,-0.03354364925214348,-0.005281958173694035,0.0007329975773207043,-0.015422537496979638,0.007642215771740624,-0.005440545083148285,-0.011375135031468808,-0.04222344210243034,-0.023023026794202872
2022-08-19,-0.12026735483930984,-0.11346965222357397,-0.10059931398792521,-0.13774876590420926,-0.16770785991580295,-0.12670250024321428,-0.10015808147800054,-0.049834700353931005,-0.06758860866261618,-0.09681775968224993
2022-08-20,0.0009046826612446601,0.000739468925893938,0.013819043648011897,0.10598501173467478,-0.002610777067225123,-0.022308619790894157,0.002885823683268285,0.026637786102449157,0.010199541509106735,0.0074377496079789385
2022-08-21,0.02693471335266695,0.040375758764384706,0.01738918520335342,0.11360619181664866,0.024841004773427322,0.02683264680235764,0.024073311950165044,0.002948794174438385,0.016952704756095338,0.022992677819003493
2022-08-22,-0.004530339192632016,0.02973267849441963,-0.006279006699941081,0.17372981746148142,0.010152523520609469,0.0019680431761850414,0.03178202479125791,-0.006410731239346323,-0.013726740869120624,-0.001682574381093982
2022-08-23,0.008150516825654597,0.08658090946435237,0.006036741981122917,-0.018678007724924228,0.008457545541859401,0.024815958508431768,-0.003078172154311387,0.010646739052612597,0.01126202316593905,0.006878064396934835
2022-08-24,-0.015257764742910518,-0.017098952612855656,-0.006181150878381003,-0.017195784822717664,0.029484841107094706,-0.0034344459615821554,-0.01053382833999339,-0.021204997459799313,-0.012336901304655035,-0.0027283791876940855
2022-08-25,0.015040086622155613,-0.004051456839407774,0.009623023027591993,-0.02023029585897318,0.051649881143130516,0.023775751072091955,0.005566882869123546,0.010007327310187941,0.00836080691940877,0.009683763651559207
2022-08-26,-0.07341090627649172,-0.1101490608094775,-0.06207539958496022,-0.11472877309289098,-0.08741025297798977,-0.11121660664574373,-0.07127914452022666,-0.05883793833382811,-0.059390689495021576,-0.03183716996415076
2022-08-27,0.043726231401950644,-0.00804139488539568,-0.010773990107132536,0.0002544556239993945,-0.026516156550363434,-0.010868818096081423,0.005797575853744963,0.020308838699607312,0.016840106806012223,-0.008934003052542772
2022-08-28,-0.04370441251015855,-0.016318924988476646,-0.021201944769558057,-0.07531711240649996,-0.06419132144199358,-0.040799154786720804,0.010589566170568832,-0.022718585408351588,-0.025533421904331055,-0.036535299471809446
2022-08-29,0.048027068513276205,0.05415541049821471,0.03472427641744291,0.04877196352798019,0.08779453230308842,0.08562456118434225,0.04028712254081013,0.030746144050940893,0.029294234367783334,0.03312342863183271
2022-08-30,0.0032527097814645245,-0.04146009026524211,-0.024691382971281484,-0.0684089256006083,-0.037934466256259514,-0.018800891209749815,-0.04868187427767223,0.021069783537932985,-0.032531701176725325,-0.020755119764357732
2022-08-31,-0.01217246669813632,0.00599913295211163,0.012777568511970205,-0.013800263442057759,0.003377537891181337,0.019586105840063928,0.01507535845821173,-0.019923992468344642,0.01810160409135242,0.0030623900428012885
2022-09-01,0.02421503390471713,0.011837022494801008,0.0038592451457939436,0.0785574192548919,0.015365403154137036,0.020912747832753542,0.06816810442066945,-0.0024760459126030865,0.0070293793345492794,0.016238070254470882
2022-09-02,-0.006387147271606164,-0.002917870651941268,-0.007818752974256604,0.04624644276402701,-0.01356340553087465,-0.005646469590486647,0.061066420911830344,-0.010387346569569966,-0.005370911693422298,-0.005807353846800645
2022-09-03,0.056819915516628905,0.011490722262263109,-0.006894600364241943,-0.01798387978015925,-0.006652541188020611,-0.01290103625298844,-0.014845641957635158,0.008291662153363522,0.008013769930899972,-0.0038943040921951555
2022-09-04,0.04724732682251198,0.0036789572757280897,0.007796708085036963,-0.01888715149921305,0.006225759079670601,0.013340153730219573,0.012739550892547635,0.006464717582825408,0.010514616001983113,0.005546010891333886
2022-09-05,-0.007877399382418937,0.06374994760889585,-0.008722884940063236,0.05170796812176226,0.21734620267723814,0.025063757153335864,-0.007955374835795004,-0.008894834443921806,-0.01269867059216534,0.0034991337270520173
2022-09-06,-0.07223698840952819,-0.10478316208439542,-0.04919669232863699,-0.11100585219810766,-0.12378078884445143,-0.0342785476863805,-0.10102130359283534,-0.03478677350625359,-0.04831584877303541,-0.03229223317273355
2022-09-07,0.03501872226502423,0.05462323384773238,0.024029314602578067,0.1921498620605171,0.07636679928418943,0.04364200470163615,0.05712880806453624,0.017345513711815252,0.03032122322397579,0.04704728462436214
2022-09-08,-1.6664557688117476e-05,0.07162727984864392,0.0020481649337233954,-0.03703209792924278,-0.004032575527606719,0.0033384029125402837,0.010229858893961774,-0.009560146485464327,0.013359958291680574,0.00853079965845005
2022-09-09,0.04933705357128981,0.04429263485185864,0.10612188190716765,0.03967407008107915,0.05731056334213158,0.05120488762662756,0.05568007431139055,0.03573523740846629,0.09604296137491009,0.05076340611775976
2022-09-10,0.0188937679768304,0.00023122229598904198,0.014002365912589188,0.05319019721786544,0.002954036269000815,0.03322597265817717,0.03590817322856532,0.019758443555117022,0.004799167992242559,0.00045872553825021534
2022-09-11,-0.005210645788102042,-0.01920149087819456,0.004092001431295067,-0.023696180337282935,-0.02183662382953344,-0.008109253593359123,-0.018729118712309978,-0.008829541393357343,-0.00515907164582885,-0.007162852386182972
2022-09-12,-0.016097927333245332,-0.011478393945602572,0.027616624254801714,-0.0337629156794087,-0.0030792691809671258,-0.02726460932443109,-0.01416387399165997,-0.004290319940932874,-0.004197605688946782,0.012181876591582208
2022-09-13,-0.06512864746357083,-0.07551038764290474,-0.09270006906083372,-0.11126976200157168,-0.05918614931716204,-0.07759364606085906,-0.03682591302925009,-0.04272751511817752,-0.07851938181447249,-0.07164654128651149
2022-09-14,0.026648512086287823,0.010016414583502886,-0.0027402074343571003,0.002854640622988569,0.08926133870400421,0.03413932940354747,0.017645482431970283,0.008380256669178632,0.0020871481265938296,0.025142883987151476
2022-09-15,-0.032681294017730456,-0.019940007123606773,-0.026672422800232853,-0.06461166767165494,-0.09488338092589466,-0.09974676508128455,-0.06309614167224964,-0.005762263502000153,-0.029225466433628777,-0.04603276755308483
2022-09-16,0.01821565216500831,0.01462021870501462,0.003622774615297697,0.02977704718063512,-0.04335069004224468,-0.026667052639602784,-0.008979559342569887,0.0006367045549158235,0.04962031784033538,0.09301171709260636
2022-09-17,0.02748212980188791,0.02254728854825605,0.017953757980268437,0.03705750601857516,0.011277586497009162,0.026035117309375133,0.03531775356067035,0.01625009891845508,0.05953893046683234,0.05695735534295432
2022-09-18,-0.08204766073769976,-0.08490099925928785,-0.035179114785287124,-0.13531153461926426,-0.1421599601907424,-0.09145321094699688,-0.08600081695600026,-0.02266890059680715,-0.05512730090884499,-0.04955117150738464
2022-09-19,0.014128356065202574,0.0031857691309651326,0.006417415961943007,0.02061542230589808,0.02980915669988038,0.031611892696747024,0.000578799452414458,-0.008886943168517347,0.042811472481038226,0.08023487679156971
2022-09-20,-0.025589619130990338,0.00591208091828932,-0.033428956945789956,0.03102775916506495,-0.04128723001847179,-0.03858555462874502,-0.009717383446734451,-0.009728975325037581,0.049985225798819366,0.07262195185330467
2022-09-21,-0.0016745719320702124,-0.03037538109034954,-0.018177571658806957,-0.11414843081712656,-0.04294938850065355,-0.054198909652784066,-0.02148317163333402,-0.009272323901975299,-0.05478356464512901,-0.044209448842636334
2022-09-22,0.040364078784881796,0.06464364545559032,0.04669928789927913,0.04254709558093506,0.025887440379298354,0.05993287636350053,0.04439107639805595,0.018008632976894257,0.10825147941106783,0.22244654998618896
2022-09-23,0.006220510802908752,0.030221284686267946,-0.005970680514919002,-0.008717243174975353,0.009999796840097552,0.00043635938360231386,0.02951006331426753,0.0031031927022888706,0.0005527359916823738,0.04549559819205773
2022-09-24,-0.022131961757446583,-0.01782773472897048,-0.01868762076318642,-0.023667378558577257,-0.006731812387183789,-0.0077290884691642026,-0.028506510224258874,-0.009529019818541928,-0.039766048315982294,-0.03638806207652512
2022-09-25,-0.011984018405112429,-0.037488861201889656,-0.007124358610731463,-0.026870097434212203,-0.013922913810476611,-0.018039916825051683,-0.016579039859760947,-0.0024051894599252943,-0.006818920315029731,0.008002579246457087
2022-09-26,0.0012752156835766915,0.023810959421790345,0.022368473265013344,0.013941945723692895,0.004158259638217032,0.031759279939756135,0.015201096051412843,-0.002996910591782753,-0.032097015325117106,-0.05064477717511606
2022-09-27,-0.010894037674215817,-0.01544990065266627,-0.005832956039052206,-0.021666624148292235,-0.010526778122594393,-0.003888584116399585,-0.013003524335693295,-0.0023175148633435283,-0.029042680483106764,-0.0404167041045278
2022-09-28,-0.010409804356376617,-0.001267372523030219,0.016544467837213528,-0.006650514660949569,-0.01684129131769696,0.005475566897929385,0.010830426229584189,0.0031139815961498396,-0.0179830703002255,0.004224811308275012
2022-09-29,0.0020123331137467115,0.0216855163119285,0.007532412719634118,0.0488944613447706,0.0049818623924051675,-0.0013148875463555587,0.011360705697612827,0.024112776748687725,0.06449020752241674,0.07709599820606261
2022-09-30,-0.008571985326349951,0.02826944609698434,-0.0072171538473359,-0.01940505207179255,-0.0029513638826588195,-0.005745287005705868,-0.009589518160161958,-0.00029493712229877733,-0.007786386321356753,-0.011625077081797941
2022-10-01,-0.009486355277650405,-0.0238012493007147,-0.0061596674907298254,0.033989572430089376,-0.006454573158777066,-0.012300068730000668,-0.009179713857542349,-0.008834055700825516,0.06048186857858573,-0.009721251810101639
2022-10-02,-0.0247738002915453,-0.02371688802355032,-0.013876706359042923,-0.051222603483803586,-0.02239531527105265,-0.027104071096941795,-0.018811082210979713,0.006680451216283467,-0.022916834227777128,-0.055271387373992065
2022-10-03,0.0199340977307203,0.016225105212302804,0.030427924155919772,0.024531348153696397,0.019875575361258502,0.037102064157215064,0.04362367060217487,0.00845938724331452,-0.013696398151854305,0.031255421735224775
2022-10-04,0.018147261759612565,0.04288151259428852,0.036347275524413414,0.010099838138022177,0.017330183060149773,0.02923245561039156,0.02071487557217422,0.01508295406292337,0.01876919115201292,0.037363982507451654
2022-10-05,-0.010308273640122212,0.008026980783861992,-0.008660486125090072,-0.020486273128845878,-0.011163940853987864,-0.006819798394790189,-0.013004961313892838,0.0017008890842660218,-0.0016534957950328222,0.019803231958160694
2022-10-06,-0.005996218261183794,-0.03092818256687313,-0.01018185214187517,-0.016625073887582942,0.006745464888963104,-0.0008335707960394068,-0.019891473351506428,0.005734796285236543,0.004102720731862464,0.007149519187318321
2022-10-07,-0.010186905225950782,-0.013847707171611656,-0.02047530303595302,-0.0301787921654163,-0.011925881310039466,-0.01419869082155445,-0.011715507010677695,-0.004539366771863729,0.02418929326752184,0.050881623232643
2022-10-08,-0.0060897678344932205,0.0015307293558930457,-0.006665076603316944,-0.010324375840296773,-0.019067830132506902,-0.012770178469562854,-0.001296942271349022,-0.0068321127299196815,0.03213643792666021,-0.0022478908628630334
2022-10-09,0.0031678782557864604,0.002140815351675762,0.0015377290838616275,0.010259903512067847,0.0005099378453117254,0.005400043427506773,0.02105488730871108,0.0057191294900844625,0.020490646718665184,0.03277435545377472
2022-10-10,-0.05027754060121836,-0.046896448491080545,-0.01568110303046133,-0.07597535191563942,-0.10205848229109571,-0.023640179296771646,-0.02140906227363293,0.006487556108803139,-0.03901735608247037,-0.06936853191893755
2022-10-11,-0.02802627819605752,-0.005524857351337897,-0.00470529894576166,0.006407096184271932,-0.020476771027723162,-0.009108355915005362,-0.013978603630637854,-0.01917808349128114,-0.06316784912654427,-0.023373537553647128
2022-10-12,-0.02365955177625012,0.007098828246340894,0.005565325579645286,-0.0030161307224116918,0.0037441434700016263,0.011981072064065401,0.0039010533416024007,0.00241777848489666,0.003431228936607411,0.0061248631672647935
2022-10-13,-0.009603960512118426,-0.026132735100460214,0.011768739552548313,-0.0219384651714688,-0.03423044041768242,-0.005237807805579919,-0.01872535567919764,-0.012415825030035466,-0.03672991007771864,-0.015475946815819208
2022-10-14,-0.028564418425104265,-0.013109371219520938,-0.010176392755898878,-0.007737417721305095,0.006974740512235567,0.007218418789969316,0.0014065925754542796,0.048058497235662356,0.00299691231042698,0.016958758905607718
2022-10-15,-0.008469409382705684,0.004818946003557922,-0.0061515479500473536,0.04240216925823215,-0.01666034572854891,-0.017380939253601735,-0.016493673425801436,-0.03312432649857566,-0.004997774452892401,-0.015254608771293365
2022-10-16,0.01797148646935831,0.02097132128572521,0.010513049302600663,0.0016897953961525491,0.015459436316509478,0.024649481713894028,0.02004664633388198,-3.235819863056655e-05,0.014282016691607557,-0.009339410649233049
2022-10-17,0.005574116896932102,0.002275054433690471,0.014670058500208416,0.011536175103466606,0.03128580567110695,0.019457289858260562,0.007049579953605001,0.013652347690393585,0.006873045352579821,0.006096290094840695
2022-10-18,-0.02826676378130799,-0.016841660231481814,-0.011065647631146036,-0.015239616577654491,-0.018451990594859136,-0.01596935046278447,0.0006397091626380025,-0.00789917289222819,-0.016041370684628298,-0.02904869140483335
2022-10-19,-0.0325797639585641,-0.023603583360800373,-0.010079479991405349,-0.04287701468587746,-0.04522768530800747,-0.01885063522910002,-0.017163085156565727,-0.006224836163922887,-0.014986578431816944,-0.03165393012890971
2022-10-20,-0.027934568597609677,0.002207263731793585,-0.004482602172654282,0.03811578240021429,-0.0301310027643803,-0.001978103293734268,0.004008277818678074,0.0069598283917247095,-0.005995501086852761,-0.006965479589867485
2022-10-21,0.025930561625922,0.0057848202896397805,0.006231244583192241,0.028305438763302604,0.016987622088387333,0.013049775009127629,0.0084461959367228,-0.008856673657611336,0.007630406814480795,0.02904363652132691
2022-10-22,0.006680480283580481,0.015838005795183685,0.0018631248583989013,-0.003766698760447218,0.05401079859508373,0.011041057600688076,0.010785828785664364,-0.0003567487160519578,0.0029659927750356196,0.009481717187457717
2022-10-23,0.03042040468890317,0.02011079078369482,0.018680488353712166,0.024770319260304374,0.0073699904639876745,0.03739470233280473,0.033924667945880005,0.0038935446958068276,0.006291948190826346,0.007654664658716337
2022-10-24,-0.011715036659180833,-0.02664973178603014,-0.011316781236911488,-0.02435902311951077,-0.03186247028200073,-0.013530768733529763,-0.025599873857764077,-0.008322544158957945,-0.014604212957996299,-0.03243268453138293
2022-10-25,0.12332024283109289,0.045069918762403516,0.03878330120960949,0.03100339049842815,0.0917860750355588,0.0867412618435559,0.06574014463113365,0.017061847527843677,0.015364529972311303,0.017017730707435508
2022-10-26,0.003741415173645679,0.015902741605001935,0.03356831063305088,0.024506217559715937,0.03049111137185334,0.07176830260791678,0.006542128236389777,0.016343000791352535,0.014123204559717495,0.01696910933516671
2022-10-27,-0.036667406507670974,-0.017753742622664492,-0.0233314959115013,-0.0016011332821582736,-0.02711850661859616,-0.03331602421634816,-0.02809046225530587,-0.007141549166819305,-0.020687370434202434,-0.014847382274330578
2022-10-28,0.040674388750567614,0.026854917114541133,0.015257721000682789,0.011523853847876131,0.02831226633160422,0.027141910462713303,0.003581419880972936,0.009257061897588237,0.012593709072655557,0.02502989854731341
2022-10-29,0.03775207299372152,0.02492135627299863,0.01083375534148523,-0.0014141233911401097,0.014211386038809781,0.04128672020153079,0.02713042330012838,0.009722842661133324,0.007599001112755577,-0.00752136406046644
2022-10-30,-0.03271015430716551,-0.0183042606570204,-0.008784170461560437,-0.023275742113447184,-0.05168795496319223,-0.017852187537918507,-0.019587601300568913,-0.016266829686325646,-0.020122862404543973,-0.0254264583666729
2022-10-31,0.000711796742909776,-0.010146468913219242,-0.006776156462742766,0.03565506231608184,-0.010367958739022964,-0.011358459301194612,-0.005508594019616564,0.0027243428994909724,0.00177128735230081,0.01627204020074635
2022-11-01,-0.012142691699670305,-0.0009115377561749183,-0.0005123007449325812,-0.007346225241462778,-0.009403623757315405,0.004444616238050703,0.0007761743827274792,-0.007787285384490805,-0.013373276264106448,-0.002871779362706217
2022-11-02,-0.0381811586111207,-0.013031498471069769,-0.015902620594443806,-0.0215929521078847,-0.046426443079214064,-0.03797722576567086,0.09852267573586304,-0.019963439196848398,-0.020813991144649546,-0.029495624916565766
2022-11-03,0.008661505395667124,0.019834109247641063,0.0025042468919260763,0.027913504894021113,0.04639275621103356,0.007784341818641627,0.02250463762640198,0.0037036263805090286,0.01008934217710511,0.009450505098844042
2022-11-04,0.08244311695463757,0.07105988011007214,0.0463751969796804,0.04129925739898699,0.07440238210982231,0.074142044046136,0.0916531180637914,0.03178563974080384,0.06364742397014167,0.1082514459988857
2022-11-05,0.012359912647256444,-0.0019463106493695648,0.006405611254872046,-0.024616222854696113,0.026803739625888,-0.010409966011469485,0.031430625277298896,-0.002541025055794899,-0.01763170059546526,-0.021954636309977182
2022-11-06,-0.05560830264942351,-0.05703948001608228,-0.01673684363155281,-0.04451378860021882,-0.06126434598614994,-0.034234871794410315,-0.023452653100394905,-0.0131780284568086,-0.03908280568908118,-0.04593271669495491
2022-11-07,0.0031116048358732495,0.008823663835989981,-0.015466997985227438,0.017442188298296246,0.008036656813394272,-0.002317359184151657,-0.006371121140049341,-0.007537490063893815,0.005771069073875701,-0.01022588079008091
2022-11-08,-0.08020844721670939,-0.12345588833863852,-0.10006131594948431,-0.1515183733124439,-0.12762194887499012,-0.1502977455077471,-0.1516647423719325,-0.056470747977050095,-0.09852905400797407,-0.12796842440684286
2022-11-09,-0.1452180504122932,-0.13402882533850757,-0.14349022466876316,-0.14620379859967836,-0.1604949434498839,-0.17456449729905577,-0.11732035477497149,-0.08891654045217112,-0.16329046823704196,-0.17984604459468778
2022-11-10,0.1609001166449755,0.15081810914690985,0.10742489862358795,0.14321586830674038,0.19697191169633488,0.18114912792558768,0.19152682690050082,0.07818747065806719,0.17396608854454887,0.18765782513464813
2022-11-11,-0.038782910396683135,-0.0009385044043078716,-0.03141443647663533,-0.00453344798801103,-0.022368374082366138,-0.009421980619647496,0.01459930451875735,-0.03211833521262886,-0.020345214882217078,-0.029178340726831564
2022-11-12,-0.0437678614193342,-0.004018959125531074,-0.013802006476365758,-0.04608121139760746,-0.046390756994594606,-0.02482305452438449,-0.022643345890511424,-0.016484692870919915,-0.045913644636773276,-0.053316475096617744
2022-11-13,-0.02658749937608662,-0.026112398854020613,-0.026538209918333333,-0.0055132965321124106,-0.02517110538213352,-0.026646969734394843,-0.03956822015281081,-0.07385029145248967,-0.028127743871417477,-0.06429055209897583
2022-11-14,0.005216198571049935,0.040093433307298865,0.016194463988263186,0.029647019529035257,0.02156876687045961,0.016193094653558227,-0.016368436775833772,-0.015267972964396526,0.03169333389238349,0.10611354143942098
2022-11-15,0.015549252110798273,0.0020968717191520714,0.016031463998783302,0.014283828189754377,0.008133317591649591,0.008160376403149927,0.025838400992711064,0.01111469246989416,0.014311748177341377,0.03218591474803434
2022-11-16,-0.013729660016770229,0.0059539380241264706,-0.0127437818409466,-0.028584432439113572,-0.030023623396823074,-0.028866838569826303,-0.008461714704789958,-0.009137404624488643,-0.027505426819800505,-0.03145260025983765
2022-11-17,-0.022633597447262344,-0.006873273064857743,0.0010845070736082985,0.0010617758442881264,-0.014167424290186581,-0.012170051342529575,0.08636999890897656,-0.0032265371738469106,0.005952605468992456,0.016590496576820657
2022-11-18,0.004192575743828808,0.009268720769621375,0.0006148167681003791,-0.0006874826391600752,-0.004962174976228972,0.009569967502366605,0.0025550316865199374,0.012388603616120486,-0.011668958567698007,0.001356648195507626
2022-11-19,0.007022919453032017,0.0009435385676033192,0.0008246325823211276,0.0035843248406424166,-0.002291820456801652,0.005053586870582327,0.01865520881015459,0.02952667138265208,0.011985749542718471,0.004270834135646329
2022-11-20,-0.04932852425203438,0.0006784366188365976,-0.025115259939095247,-0.034490115157155055,-0.06828497812593293,-0.062342756772829966,-0.028365492017981553,-0.04075765615659899,-0.042564719542196316,-0.0591475010450595
2022-11-21,-0.024844159200189675,-0.015651943180304717,-0.030969374751391165,-0.0271632389529316,-0.00834045717657439,-0.0298596433605115,-0.010142161048259157,0.02742029966118298,-0.02599966851119706,0.007885147122745462
2022-11-22,0.024212992841230463,0.055355050892354596,0.025494274188105903,0.034879087656617624,0.022542509021489465,0.024198458350936924,0.14777236086065915,-0.015231095101136072,0.03178108702655136,0.03087179467907797
2022-11-23,0.020501862824212402,0.054395338868709064,0.02600021570334854,0.036435568261685924,0.10426339725678724,0.04230729897957275,0.12147834124221624,0.02196541532479568,0.018056013924442782,0.014678512436449465
2022-11-24,-0.005840119405153832,0.008941513902274156,-0.0003757930043709612,0.0021105837654680215,-0.007122601754298019,0.01756556510001106,-0.0021509079406186737,0.022247119734995158,0.01592944516062178,0.05349056767346161
2022-11-25,-0.004641963021755902,-0.01807890015713054,-0.004975953615638518,0.023649648590061467,-0.0060977888437717676,-0.004200433335394882,-0.06090622482137542,0.0012668861212645766,-0.007523108523769251,0.015970507864670802
2022-11-26,-0.0038065044562650696,-0.012141860526221238,-0.0034839061881034583,-0.0017091907709829712,-0.010662635021684408,0.005815243360018485,0.031663230657038355,-0.0031536405205768725,-0.0128090219828495,-0.0288507769938966
2022-11-27,-0.004257651097511639,-0.010672685252440584,-0.0011937537130568554,-0.002586921933346198,-0.0025026601020584627,-0.008931930020055212,-0.01739589872400038,0.008505684229216381,0.022400415626241843,0.0004840456902464041
2022-11-28,-0.01841549239351803,-0.01043070214483477,-0.013822428939733733,-0.027107307115458834,-0.02487820431656451,-0.02095239457105269,-0.012313992108138438,-0.0038694401071242,-0.031150555646519695,-0.01638770650140675
2022-11-29,0.008712150952314035,0.009365822865873286,0.014038085481754337,0.015311779962937422,0.009850656054265494,0.040009927654150346,0.025142237546842194,0.00531758817331518,0.014953968659531025,0.02108789263779154
2022-11-30,0.030742904064637866,0.020509268996204977,0.044000289316970864,0.034951266914752255,0.03944387135074523,0.06474424595402373,0.043613711544283174,0.024609430764192197,0.013030047253159038,0.025577793007372618
2022-12-01,-0.013795033204865303,-0.02718964545913971,-0.011732697360023692,-0.0199372562228316,-0.027637935886688836,-0.014984057799110495,-0.02244328756943259,-0.00862241869779945,-0.025234946439306016,-0.029443886788168894
2022-12-02,0.015654170092449737,0.014747915151816171,0.007162515027905547,0.012776695011234018,0.006479436125589766,0.014126606037395906,0.0055919822369896455,0.004930365263350556,0.006591971895317794,-0.001096586121638543
2022-12-03,0.0007733132291798395,-0.01824935677909978,-0.010558102652595158,-0.022466121318901022,-0.03151532905605281,-0.03937910387625765,-0.017364249524113973,-0.014387830777725319,-0.019101737673968056,-0.020506042281871917
2022-12-04,0.009685517398782428,0.011493827536767975,0.013144481522908036,0.009884938378299069,0.014542010566793717,0.029695743878074943,0.008046839780944781,-0.008277689769953356,0.016465348515767753,0.006667587015162457
2022-12-05,-0.010017089127087875,-0.006815845801629972,-0.00908673304822849,-0.0007208408755773332,-0.0036432651890609957,-0.016074772913678648,0.03949071950158056,0.0020866779521142576,-0.011064723032069956,-0.002945718944654452
2022-12-06,-0.003295523238932563,0.014789512883325528,0.006755753090715411,0.030804870701336196,0.005735792131690953,0.009508035062938625,-0.004264896578064059,0.0066972759430599105,-0.008840269412997204,0.006442721883804348
2022-12-07,-0.025572814365575347,-0.02526153149005106,-0.01412428087141393,0.034010375766569956,-0.043243580181327235,-0.030838824473082838,-0.03610007948119376,-0.010305188214220218,-0.021182934867837844,-0.021354554189259134
2022-12-08,0.014575306808253918,0.024249064507368745,0.022871839541696026,0.0033104004543247356,0.024848901391609113,0.0394980134958669,0.01757376003612854,0.02604076684764589,0.015305588894468869,0.028207981956484884
2022-12-09,-0.010055774225420588,-0.01877426011033334,-0.005821360340788395,0.037129282880999925,-0.0013950850387053348,-0.013138184671514397,-0.026219018976386455,0.0029545546992206795,-0.004873050287956482,-0.013666338009838297
2022-12-10,0.0029806433167640645,-0.006155068804131414,-0.00025843080632004245,0.0006058570884470704,-0.0004741128789141902,0.0016605160885547754,0.0004772459142752261,0.0025067475856639376,0.0008219996684002417,-0.006308562662278416
2022-12-11,-0.015658693506927057,-0.025054503414577378,-0.0014321702613265819,-0.027798619694728077,-0.011616441250740683,-0.0019864627881867047,0.0033659007768054305,-0.015313057301952981,-0.015347447818135351,-0.012798109535004265
2022-12-12,-0.002476400155427494,-0.0008846215326494544,0.005977723618808328,-0.02253703440611199,-0.01952656551962262,0.00850601785212901,-0.005305167610002326,-0.00826674600916244,0.004301854086415036,0.014787221011866913
2022-12-13,0.019273558840094962,0.03570658676528815,0.033410801008343594,0.017914576032253215,0.03818825014103511,0.03603443469196854,0.014732784358913564,0.01734416634714564,-0.0033816206460264286,0.019897011920959384
2022-12-14,-0.015121536878380804,-0.008459290035039646,0.0019307922256450727,-0.020515634081856082,-0.02416185772806756,-0.008496812562910572,-0.024159730179322825,0.02265170619228485,-0.011667555477969382,-0.02198926593803341
2022-12-15,-0.025745263612167224,-0.017008378884123987,-0.02530276169357326,-0.02393507743256984,-0.03436482598910329,-0.03282205022719986,-0.04160785268274658,0.0019401410505497374,-0.014069889023016646,-0.021161196498323043
2022-12-16,-0.12035601048895306,-0.06580944101547381,-0.04131220425223303,-0.08519904054338567,-0.12209162228254589,-0.07746214058242495,-0.0830667782564466,-0.05054322753452689,-0.08897192800776033,-0.06939834194905448
2022-12-17,0.010716850404577816,0.028893312285606543,0.008866650272798315,0.019961563576297747,0.016665018036335244,0.017025445486444024,-0.020638894007605102,0.036181639113612274,0.01628128269009066,0.00801735231704459
2022-12-18,-0.00211686932022348,-0.009581975912031693,-0.0022098857704312413,-0.006845106569551729,-0.013907374087478441,-0.0028904831146532306,-0.00621564546590625,-0.019737228909789573,0.010807854798529526,-0.01279557056567715
2022-12-19,-0.05027884951078243,-0.03468748045512904,-0.01899375344110854,-0.044074549147292696,-0.0503884747435871,-0.014438361671959554,-0.018785783027757463,-0.002900279985477816,-0.04190765684159847,-0.03254636155482582
2022-12-20,0.023969789541946396,0.03279455377639562,0.028384068842582266,0.0533498035207669,0.05188837019268688,0.04290281503722926,0.03796808783313699,0.025227534308138067,0.035564957629751426,0.030994257993648633
2022-12-21,-0.022597833832499137,-0.014262285780713424,-0.005250676176186131,-0.003131060696244914,0.04211147726598008,-0.0033699807166168716,-0.005399239455480709,-0.002509836771517282,-0.01190836012625307,-0.009597191438753816
2022-12-22,0.013308118405465086,0.010157908159036833,0.0007615052090579333,-0.0014674425901096688,-0.007907032466754504,0.003775670247603724,0.011626439070808958,0.01285393977631677,0.008376396190055813,0.010346147734314748
2022-12-23,0.01132839747364045,0.005816001108583935,-0.001983838015767403,-0.0010703516557611925,-0.005822311241030498,0.0016231521337866095,-0.0057360293920905026,-0.023689512816616465,-0.004675049475548865,0.013366717164100983
2022-12-24,-0.00023515240046723118,-0.0014004670468547031,0.003024520816182319,-0.005951184432543499,0.003924943583662577,0.0008106610684399662,3.897506257177774e-05,0.009329642111524539,-0.012976507149164207,-0.0059106977631580015
2022-12-25,-0.0003778031025356565,-0.004466361625036552,-0.000342451024228807,-0.003120072525252149,-0.016356458046188127,-0.0017905466295349282,0.05217014781992324,0.001315236642559503,-0.007165032621640921,-0.01643194315794494
2022-12-26,0.023245971278411215,0.020055671431062017,0.004620497716771643,0.011325263272558006,0.00424618094079765,0.006573075177125132,0.021363346328587163,-0.0047797947277633535,0.018089164649490508,0.055806738835722625
2022-12-27,-0.018571674105161917,-0.01637593473270471,-0.011975957353969946,0.009239307326598167,-0.02534542937916273,-0.011559116196452335,-0.027401049845592884,-0.008175671010812735,-0.014030678850851519,0.006570521857409695
2022-12-28,-0.046057507485491755,-0.024727861850782462,-0.009846255365429935,-0.027646082188649057,-0.046101650398290395,-0.018804171717317075,-0.035038796234704406,0.0007208084787291291,-0.03180603989749253,-0.03149739654908468
2022-12-29,-0.01706268131277422,-0.007825423174807056,0.0054232979508825885,-0.0062694442515154325,0.0409951347289097,0.009755788816300015,0.006210672240320347,-0.002419426193155827,0.0035246990506760945,-0.03838372608655127
2022-12-30,0.005804030991778619,-0.017828394367560008,-0.002388838052975517,-0.00311115187607669,-0.01232546381256483,-0.001966176761464933,0.01862079457120469,0.006664885887726957,0.004317555358823499,0.006332230615725631
2022-12-31,0.003701790837348673,0.004405796854328514,-0.0033181483870876605,-0.0006872236021416844,0.009889568115576397,-0.002052602193683639,0.02944643661425328,0.0023172931538555375,-0.016532311511164077,-0.0147470179493574
2023-01-01,0.013409570090253009,-0.001206041762290666,0.0046885633896178724,0.01871371433090041,0.0049434237358108035,0.003504097838116227,0.01170695786079401,0.005871604483253634,0.01935431375376484,-0.0034301745772556957
2023-01-02,0.01624283909506885,0.02428939978808775,0.0038129515588565255,0.004013942848488661,0.021612916450348907,0.011400643850810077,0.05715189157450751,0.0061473404608105575,0.01646341532320661,0.02890815518606482
2023-01-03,-0.004065725073482018,0.003416593382980615,-0.000516121662866742,-0.0018821338193766302,-0.013599928123315341,0.00010059829352737637,0.009882260573348178,-0.0058741353391380535,-0.000935997045560355,-0.01357604685317959
2023-01-04,0.05886570657969781,0.018398329714483408,0.010994150293785143,0.030567563477605475,0.20719556337595058,0.03436658792451519,-0.002232930348961548,-0.0018419578179974527,0.002539099389064381,0.011546597029909123
2023-01-05,0.005323572800400855,-0.003923679542489289,-0.0015715814888571655,-0.01740038183669379,-0.050623219647585316,-0.004845112423745301,-0.01568389989838448,-0.019568052265690805,-0.012812181511790977,-0.028048171255772303
2023-01-06,0.03548842053853085,0.005361468944070857,0.006844106816741524,0.00414160448008194,0.12214984105590099,0.015147028977039678,0.02345789781182095,-0.02174762565764965,0.0295376837474306,0.019542072276044875
2023-01-07,-0.005551758768172488,-0.0010648336873019248,0.00018342264818071996,-0.00587405334451474,-0.019883416365192086,-0.00402452101708739,0.005011897496300044,-0.009048664309506682,0.008195310988243554,-0.001093877425370482
2023-01-08,0.06536506755519222,0.018768836135559575,0.008025112314249405,0.021998758969140608,0.014308122750075203,0.018262795354943462,0.017137242992801394,0.0345258406341451,0.019971451488456804,0.003166195986276321
2023-01-09,0.07412825443333015,0.0356513613064906,0.006167530562816603,0.03057362536460495,-0.008355099863224691,0.026550037838815266,0.05232906281111971,0.015070137078777135,0.029752888935575594,0.01152999941665267
2023-01-10,0.01701033732803503,0.003255162887781049,0.014522576515372032,0.010389936790141885,0.0047724756475582275,0.011386058087499595,-0.010517710856327134,0.0028557876995038978,0.0011199544854998411,0.005441692284658517
2023-01-11,0.0007844807908941043,0.021331513327430107,0.02800615102017323,0.032643492607105085,0.013503899719821577,0.03841629150614301,0.03934837747542019,0.031105106677934202,0.02324211427763867,0.0652458082223768
2023-01-12,0.02171656559084645,0.09073797031140418,0.052115795988246116,0.012619910113433441,0.01935201069791992,0.021619013988194213,0.022527729619691517,0.011064678165608077,0.0029605355287145585,0.0027768974051785023
2023-01-13,0.04855993424940008,0.038762986203920935,0.05511441660269112,0.020452518625811766,0.033113460193509026,0.02375024880007759,0.004371687320606776,0.050778321577011454,0.03598552738109406,0.02827049351039701
2023-01-14,0.01961119275306733,0.012850063329395978,0.05357847423830919,0.041181854238103055,0.04267744552268504,0.0682633136301174,0.01706999025604583,0.0310609916891591,0.03211081987568454,0.024984175887807325
2023-01-15,-0.0061948410785682695,-0.008254004791514613,-0.004552757413617381,0.009673874002490424,-0.003302374157561516,0.0011430806152468165,-0.005105414121257645,0.007773709944775886,0.008763124908305775,-0.026709292769200643
2023-01-16,-0.0009361710163120485,-0.0076742187466597445,0.013832516023570829,-0.02509867178148084,-0.02653361992742176,0.015687166258109064,-0.017526585699720765,0.0011867806318595076,-0.003247652038780302,0.004403977153366823
2023-01-17,-0.012224282320736357,-0.009246329366660921,-0.00038325091993141047,-0.011842137372384931,-0.0005457074243953031,-0.0056996675806778585,0.01494870216590849,-0.011276655695469207,-0.01572170308193621,0.002936011689773199
2023-01-18,-0.05473721609396598,-0.030212980967527336,-0.022339524368838015,-0.06295822017493236,-0.06532354288795905,-0.033382812478710555,-0.04984185965860255,-0.04411432680885485,-0.044145015754989525,-0.021301945620643248
2023-01-19,0.037523469778639296,0.02161133259431569,0.019238045679950355,0.022323802481680755,0.015519927034928216,0.024446974889233086,0.01760113435349453,0.01949054888225832,0.021880976746607272,0.03777292013946276
2023-01-20,0.07516096026515084,0.05128422350593964,0.07539125404137925,0.06744091863015811,0.08507978373645941,0.0690458804911851,0.07432965849710316,0.044519798419515366,0.053276463245832684,0.04966922551575581
2023-01-21,0.012178223098651575,0.002463211386793507,0.004457126566322689,-0.016645721058265117,-0.03069258612746195,-0.019663144882297257,-0.024074438788621144,-0.017491332301043716,0.0168755826135909,-0.023735639646727535
2023-01-22,0.02050804452556987,0.0032112762743625733,-0.002511630794474806,0.051828213319685235,0.03340244084671107,0.0007767819470894111,-0.007752701420179586,-0.0008586054070899296,0.0071913358091115764,-0.006358859586859111
2023-01-23,-0.0028944165892843543,0.03703239762444155,0.009419529327844067,0.012460624472923287,0.010021334680341498,-8.043655534839544e-05,0.0273416754339868,0.018547632608415965,0.03780926608474178,0.059795439646445514
2023-01-24,-0.04316060630375518,-0.038245094926139034,-0.012991945703908492,-0.05433932453780166,-0.0686223975840281,-0.04400233517182761,-0.031358120821249114,-0.0416885279341932,-0.042052192546060185,-0.04056072069858163
2023-01-25,0.03927942311247823,0.02803976630415983,0.021266153759075257,0.05357387918082379,0.03117494196831383,0.035401940854640435,0.024977742501742783,0.0272074777079081,0.021645252575144935,0.024493038459393324
2023-01-26,0.017806211870169397,0.01611574655631065,-0.003680359408276712,-0.0027513129305920536,0.00565781707260804,-0.005339109940311948,-0.020044048200702158,-0.0017948765058580785,-0.005169573551276896,-0.018171231164805235
2023-01-27,0.023469998111766976,0.00668489640824288,0.0019950339114214177,0.020537786380351086,0.0004380922941031873,-0.0030874209336673175,0.014343682018026271,0.029984993472549792,0.005718218923596696,0.006554500971711397
2023-01-28,-0.017039421408371447,-0.016923822159680912,-0.0020641809553220147,-0.01630965766851722,-0.012488962541782,-0.01609444108957936,0.008510546578941902,-0.0077066199568962546,0.0026807336863510223,-0.011281738575960931
2023-01-29,0.036516185927027545,0.030820992710672623,0.03228143207915801,0.019891899673474267,0.04827808714783255,0.046883068812149764,0.06080359799920054,0.011126626921262428,0.018111272931258915,0.013794455594333677
2023-01-30,-0.06005861908558374,-0.042522701575357535,-0.03930367092328346,-0.060499458170715004,-0.062103055975393895,-0.04788678522483769,-0.03984869326328477,-0.02424994913741496,-0.04761752612634018,-0.046338000129072965
2023-01-31,0.049434792643964,0.01902692079722068,0.013097316769725253,0.015236372344547222,0.01623319422747138,0.012255813857491304,0.03337273605056024,-0.00043377036335812136,0.00893899036153667,0.029899298934606966
2023-02-01,0.016159041875995817,0.021702556584729304,0.025259482888651652,0.013587714183437294,0.030430468286701817,0.034828926102213,0.06505817054444685,0.01563807661021821,0.016849049775301106,0.018462613206423617
2023-02-02,0.0008055959282970981,0.002894530664850903,-0.01061797692681965,-0.009426887534360384,4.7752971151560075e-05,0.0008824820072261819,-0.01745696486389614,0.008988376160641964,-0.00695740639439002,-0.010014681113667878
2023-02-03,0.017036280581987917,0.008878894451717967,-0.0009606745041729203,0.025802615535099438,0.03664925216022841,0.013086346292204398,0.01297736774401037,0.005661697782517239,0.012822765470134945,0.005998838591914968
2023-02-04,-0.011401413623158385,0.0027001104741537496,-0.005009723012217249,0.01157464932570118,0.0269492965017315,0.0013897610693263118,-0.013568398221254108,-0.004647404595860993,0.002413577430719016,-0.0021833803824006237
2023-02-05,-0.018147442039297634,-0.02754946307636108,-0.01612309690031044,-0.02277067964685764,-0.0391791954822015,-0.02124299484445158,-0.021860112148011424,0.0040893910938568645,-0.022002969885184798,-0.03007019872175465
2023-02-06,-0.025609500974814292,-0.02127151089596402,-0.008518883333286542,-0.021290369325677072,-0.0322275190469784,-0.009437589342205732,-0.004108504899374643,-0.013903410200011734,-0.02337721445268215,-0.015323203823905729
2023-02-07,0.04390192924378655,0.033179534996754745,0.022151986720186922,0.05020985747917872,0.04777501494710812,0.03449749159686455,0.05064633759502146,0.04082669211737433,0.03551693030610181,0.028206008260686977
2023-02-08,-0.012968089843687358,-0.03290281833058428,-0.013965290320121615,-0.02602735308747206,-0.025738862414379837,-0.01273127876485547,-0.017042373713516246,0.016723876440481567,-0.011215506600624203,-0.014488552118021025
2023-02-09,-0.0799476370175548,-0.038543936103489496,-0.04883996317743455,-0.0362606910324349,-0.07585434826982818,-0.0631716867790626,-0.07165935277710556,-0.06370183148322195,-0.05997830575230034,-0.039155734149800336
2023-02-10,-0.01074666147999892,-0.013805280063406977,-0.007693073387383564,0.007618952835673376,0.0066357550817068844,-0.02041406577709526,0.015535727451284176,0.011323302049082162,0.0018123364147291099,0.0004680744327958397
2023-02-11,0.029464439893187366,0.0006645338353277186,0.010146854341645195,0.004699617945787438,0.02194328932097478,0.01654111006391079,0.009636212208593342,0.007611774889696665,0.006921011288002266,0.0035619944676696935
2023-02-12,-0.013288115629159436,-0.014941347972068697,-0.003779998514005456,-0.015720713260679364,-0.02073417849601522,-0.016165097645040705,-0.02154824826711632,0.0005015319202004154,-0.014001899909322546,-0.022723487544207832
2023-02-13,-0.012816448641557843,0.007791825650630191,0.0009132665684197239,-0.010142444360016323,-0.017435628031113204,-0.005193150420476522,-0.013788372299263774,0.027617229904049356,0.0008228693748513205,-0.009611372724475986
2023-02-14,0.07456053991520739,0.023202508857468773,0.018924303145655852,0.016974024908566587,0.02630126791152887,0.03298192238041198,0.05010687812879122,0.017469453471521845,0.009326265713115456,0.028874674614059348
2023-02-15,0.08196334826581841,0.061880986206789945,0.09392266116037784,0.04907018928001139,0.05767874751822877,0.0750675811775845,0.07428056312082587,0.061052435587402254,0.04917955605012225,0.049541400231462474
2023-02-16,-0.0722600220348234,-0.04874565902734096,-0.028154173176657027,-0.048456271091952385,-0.047626841591575375,-0.020121538929091298,-0.037385963914877585,-0.055619133224216855,-0.039143234434384055,-0.04035111246353906
2023-02-17,0.04135325666106149,0.04269112664314689,0.03988096453648349,0.141623721857149,0.04942993125481521,0.03336185492779764,0.013716798704812794,0.05345230734954187,0.046428968599397935,0.026339931122020266
2023-02-18,0.005911726345384727,0.020085162947384605,0.0030805588480080637,0.0369857365077908,0.009878877802199648,-0.0017488177653378623,-0.00516064779968739,-0.004527536282151967,0.01607296569991057,-0.0016999225128455642
2023-02-19,-0.015317576982480707,-0.001429387901472512,-0.012728023845912761,-0.007594485039361332,-0.007429211703864791,-0.006137357465717308,-0.022322771620033932,0.0035216522871883704,-0.016578686515036356,-0.021065301392144464
2023-02-20,0.009737390340953889,0.06307309964654628,0.020614650916729094,0.033807160584449436,0.030531105082223453,0.0126314719596059,-0.016639274966712803,0.02209271492333742,0.04307836899418849,0.03160095066995572
2023-02-21,-0.028677957384617758,0.004854176759301332,-0.01581991113645098,-0.03949227674492917,-0.016053705072846314,-0.026216858452078218,-0.023257446926101544,-0.034375824325369786,0.003831472613609721,-0.016611228601255745
2023-02-22,-0.008908943574741479,-0.023133955249321603,-0.01012875204423358,-0.008668993392563551,-0.014181813314549707,-0.008929048666112882,0.01610771061613625,-0.0004750258561432297,-0.025399910067958054,0.009392592479933626
2023-02-23,-0.015165030743623964,-0.020946298010043662,-0.00997780485063493,-0.025436377714104563,-0.015736371647885106,0.004772402538407272,-0.00553389738500798,0.002304364052392982,-0.015319014618482396,-0.01632013587205461
2023-02-24,-0.0449163285836367,-0.04390302951214109,-0.03129201289670536,-0.051322428452903135,-0.0459547062284863,-0.025862370437327087,-0.03312734374955939,-0.02503096914390912,-0.020929944911805443,-0.027376427544505533
2023-02-25,-0.009444596833736996,0.0030182681567711978,-0.0009807668166905703,-0.008897749173381486,-0.005420710051204147,-0.00836761779727413,0.01865926796891082,-0.000265292154632335,-0.012018433275275742,-0.001035782204153013
2023-02-26,0.01823854721283591,0.022843969641714423,0.016648614774302573,0.014621252374365623,0.020166958560203785,0.028780357616977614,0.021360696263248435,0.024751648218880096,0.010052047098718875,-0.00011634481481670456
2023-02-27,-0.011041397648707263,-0.008278102866355108,-0.0016273269569350157,0.0006848184547336711,-0.004631590310266276,-0.003955786725572508,-0.012271667302745759,-0.001668725107522806,-0.006218633698571785,0.002840925439916875
2023-02-28,-0.03410533454851561,-0.02361462827336991,-0.01596393470118429,0.02014234263953707,-0.027182340216586498,-0.01739632556596371,-0.0031237104315078312,-0.005562195280637061,-0.015162767632742158,-0.005183087980273227
2023-03-01,0.02241993628827177,0.01745032993101603,0.02156606219747892,0.05331299774770959,0.026048911072900527,0.035829596047825873,0.0420595843026379,0.012563130904183595,0.012271020534509791,0.017841725527208308
2023-03-02,-0.028166633185960355,-0.018791155666985637,-0.007235050302163204,0.02455924908489915,-0.008973388393375359,-0.009687419299942324,-0.025378374013351856,-0.0032484737493850835,-0.007377768005513818,-0.016408865196855915
2023-03-03,-0.021327443546541702,-0.042467778013715374,-0.047402129167592566,0.07258089969334858,-0.034080428432538556,-0.04744176292568125,-0.04942686978242139,-0.03577842580317758,-0.020971562436608693,0.0002410516862489942
2023-03-04,-0.018200497463336962,-0.01355074271058776,-0.0004172164631153219,-0.0789753332225066,-0.020796410493604922,-0.0014298360099453955,-0.01390891048398546,-0.007072721237622481,-0.02352304795572846,-0.010215240264458525
2023-03-05,0.0017919529594856431,-0.0030214150016618646,0.0036756935285233716,-0.00021166484678403208,-0.008751198335757437,-0.001566891740346743,0.007434362001059958,0.008577821104056582,-0.010178913210147411,-0.017706731271729614
2023-03-06,-0.018632308708857126,0.0012754344956193986,-0.00025655126328649747,-0.009969936838815308,-0.005580885207663311,0.0018727965263767299,-0.028130426835810463,0.002155878155053026,0.009123501384722399,0.008924448092060056
2023-03-07,-0.0010217547642626945,-0.016412464735413912,-0.00936203961743065,-0.025135988230344797,-0.022529548396110544,-0.0034870363462051746,-0.012822923932799712,-0.016884047581753103,-0.008490171618166342,0.027200508666115786
2023-03-08,-0.03905188928043213,-0.04566272186873088,-0.022578517406286358,-0.05104398211239314,-0.05053981235207872,-0.017827171045494916,-0.04076818087507672,-0.015136610098711811,-0.012198223105104655,0.022704077477204265
2023-03-09,-0.024872758517268445,-0.05506720365016149,-0.06239311158608585,-0.05785870179305819,-0.06515181785098711,-0.0622046937711358,-0.07311215791417303,-0.1042445932201087,-0.05750162103802181,-0.04382967983262398
2023-03-10,0.01829003348933589,0.013926270364160276,-0.008632183779056501,-0.010522727678171195,0.022761083160734774,-0.0066052302026157195,-0.06475649707694675,-0.017790799615420183,0.013867652113198181,-0.004052340543002408
2023-03-11,-0.025416869779972262,0.023590559896273566,0.022051846825845045,-0.04045398564529368,-0.00816267888593769,0.0374056718236595,-0.028639858932851148,0.03230745384392253,0.015865908430743092,-0.010226108677452883
2023-03-12,0.07878254293974418,0.05850193835100237,0.07422977009964415,0.05272875533489829,0.08706446107304533,0.07262583079496476,0.09475222264664329,0.09174652589269128,0.046249715072431474,0.017681115172600848
2023-03-13,0.039349808707780376,0.04977583665813601,0.09175187888693825,0.026137842175027126,0.04328442970157864,0.05660340137307651,0.07150192564824298,0.03878849941665319,0.02032098838072871,0.0012536649382470788
2023-03-14,-0.0008039020427846877,0.034137111875386816,0.022669294883089997,0.02447566804938517,0.032315442703349184,0.013805865867504874,0.03158012202994853,-0.001294264006359458,0.04343102409151367,0.0013189097873518296
2023-03-15,-0.05713196825187161,-0.06012543958849903,-0.014956444322371198,-0.06077833221525297,-0.08982402815775459,-0.027781826468116,-0.0939221747045087,-0.027110443786368288,-0.05100862458032773,-0.03665978990373142
2023-03-16,0.0022979874249633436,0.021551504422351098,0.027766213062754286,0.03909013172903486,0.018448785404096446,0.012700856927151394,0.03435117285183642,0.0008268156577531105,0.009913599899433745,0.015162602341697307
2023-03-17,0.0772658687336063,0.07500398281745424,0.0946457745317153,0.06132191082631433,0.08229569480531818,0.06872680134113085,0.0815746864874678,0.03714416629337958,0.03937141808308309,0.03922409823802964
2023-03-18,-0.036553849575662656,-0.031653572528517304,-0.01670259464889101,-0.044476764120553236,0.021199350935121375,-0.017197040759496796,-0.029456248616930858,-0.028291215216658117,-0.02818583266582242,-0.015639516490066785
2023-03-19,0.024574245296447472,0.03668013789317581,0.039783493752593824,0.05593162776972038,0.018819850327914223,0.013576328363562151,0.017501674428568315,0.013540362147742346,0.027087648124357155,0.037475265417461934
2023-03-20,-0.038770581203426024,-0.040565944783146346,-0.00968089417783835,-0.005142429345192379,-0.07400672797457042,-0.028145110529571027,-0.07119636678013097,-0.02483188517028745,-0.016035482828204106,-0.03561963193384565
2023-03-21,0.1161803599916702,0.029538424942909813,0.014714466837708162,0.03118304641412495,0.07268684572360007,0.04116785380048826,0.05496746216144088,0.03182268095502372,0.11584602064771832,0.25380372827341624
2023-03-22,-0.02861524236162749,-0.06117513619081072,-0.030820008681536337,-0.0783633059941613,-0.044164639771488656,-0.03821408090164813,0.05585926895338811,-0.10877755166543757,-0.058502450496543346,-0.1005514168904067
2023-03-23,0.031701636440629954,0.020411629172932377,0.03759177902540278,0.05975667420086195,0.03686637827461303,0.04528246457522944,0.07262296505113253,0.08998752097750629,0.018218860760738753,0.05294927877079658
2023-03-24,-0.03215201446935978,-0.038192841159600865,-0.02967065403073854,0.0025342499842224697,-0.02956169651722873,-0.035432817130064076,9.502036301856087e-05,-0.027887246827769552,-0.039621364862379105,-0.04259410777567618
2023-03-25,-0.022458735575380362,0.010167559358385203,5.17171735541222e-05,-0.04183573293907594,-0.00862891863357107,-0.0047259232742210555,-0.02271650188943919,0.004413414874033794,0.02109488928112757,0.04417447466569646
2023-03-26,0.012071178236336078,-0.002231039577391236,0.018171608313816145,0.02307818939536932,0.016288686129613872,0.01830062623377482,0.021227579041304123,0.007736687449051427,0.01325488957939136,0.009221633844301635
2023-03-27,-0.030133769754197015,-0.03688047482638368,-0.03052194511765327,-0.04893856626958293,-0.0328554345695945,-0.03391154505901961,-0.04574511112013879,-0.009904134227396777,0.006926717811190919,0.0694580937329845
2023-03-28,0.06611671545307884,0.006722247258524883,0.004725228944394866,0.025641329677297264,0.0251045834536181,0.033416577391890856,-0.0012045034923762188,0.009987387448830098,0.05523820512442956,0.07305760493486058
2023-03-29,0.035930118902979036,0.01845650440233948,0.0396180637553154,0.032206523558913736,0.02384610352558414,0.011403627159211949,0.024706950107140857,0.0019622241680996577,0.04272673226152346,0.05537053193413577
2023-03-30,-0.01344376547270143,-0.01775247911170974,-0.0111074503792854,0.0351406949011257,-0.018587824996325275,-0.00014760076254038967,-0.02498140714967767,0.007444674741593049,0.0429879834533915,-0.017160415973799137
2023-03-31,0.059671855342376956,0.023832813346320147,0.015871042968584437,0.004181942029278796,0.023124642555314434,0.016335306922469428,0.007009182869084141,0.012280124823089045,0.05471961940615788,0.007942019885507579
2023-04-01,-0.03392890961093742,0.012614063668937359,-0.0023684272611504964,-0.0027157914879526457,0.018370556865637155,-0.004479363366151845,0.035582919994235684,0.01868447557180053,-0.0385871523286222,-0.04410654081285115
2023-04-02,-0.009432025349003115,-0.02020382633082829,-0.00745226498561502,0.03171406025285295,-0.03253200992591676,-0.010007641085160612,0.0015141261761955072,-0.022889786979284454,-0.01051422482266684,0.008182798337316832
2023-04-03,0.014108585772830473,0.03901554285588138,-0.014507018470504951,-0.04431242365234944,0.012738275089063444,0.008124365544173617,0.00022966274845614976,0.006874721367533754,0.001519380167798401,-0.04237957996629449
2023-04-04,0.006571323723392419,-0.005468388184122985,0.0135971982612757,0.015912496992956715,0.02060502196839309,0.03353483092395293,-0.004696098843831598,0.0003345685821407596,-0.005815245447117534,0.013117735061943137
2023-04-05,0.0068799179417651235,0.0008734327792510044,0.000351267384649967,-0.0041663416679808,0.00040823034268422376,0.020368135912491647,0.00023423616558604365,0.004955689869292401,0.010521145522781383,0.005473911610498261
2023-04-06,-0.023330356625408277,-0.009231001862976318,-0.004749940528704033,0.025612206583316866,-0.02098400861221228,-0.018957173846517184,-0.018278168519277216,-0.0001664600473345601,-0.014009596917652578,-0.005801690620299893
2023-04-07,0.0011299233792338992,-0.011022027776918741,-0.004217681389550476,-0.0035887061169447287,-0.009764936064224683,-0.00389044320067633,-0.003198367950505543,0.00022701851756457003,0.006428442383388466,0.020739254511431326
2023-04-08,0.00519229393355336,-0.006930296426068572,0.0007854922772632111,-0.018453600831495942,-0.006206550399790567,-0.008650100295806706,-0.007316239437104577,0.0006049447925895457,-0.019227719537763255,-0.015611099122178063
2023-04-09,0.010522912977617871,0.013992319585304003,0.013784839213681899,0.012669534687197892,0.01004076601968551,0.005347206395527104,0.007796338051266449,0.007543159882891004,0.003821335630049827,0.0002332486731404515
2023-04-10,0.018722420215408153,0.019394560833347896,0.04658621825410658,0.024757056963781165,0.020116568913731925,0.02786922752961596,0.03467875478127236,0.010262265981658691,0.008729817242442817,0.024680061924334806
2023-04-11,0.01125222772909007,0.009008032686554035,0.019629666758571807,-0.0022589283357249412,0.025433473138740448,-0.009950684094362172,0.005228774752515486,-0.013425230022953927,-0.005145247140143416,-0.0015434801533084075
2023-04-12,0.012721233189722181,-0.0021137022708149766,-0.003175315803583212,-0.019685564009852663,0.017889112877304436,0.015057915008098277,-0.01916663781395922,-0.021164485206505934,-0.005780390631297538,-0.022033948474122322
2023-04-13,0.04721524885920236,0.018376737323958725,0.00862713483952482,0.0405179220705536,0.02503829396383983,0.04787492592582243,0.018975801885489085,0.004352149183020959,0.008338443424539932,0.01418056173679072
2023-04-14,0.029526110728182564,0.009595310127362255,0.002849851088919886,-0.006583366845626104,-3.4333170789047074e-05,0.044221068526871576,0.023259983321436417,0.014530850392202366,0.015315631868910273,0.02084778330094106
2023-04-15,0.03410674008564363,0.0023463737849218624,-0.005484641300179338,-0.00599785815284648,-0.014376149117139803,-0.004362650507376609,0.004315483288329203,-0.0038787819360804887,-0.004305919524156043,-0.006773066167497621
2023-04-16,-0.0033643986775943047,0.012408830409625482,-0.00010358775680330279,-0.004016180532932956,0.006796560943439278,0.013161051129283452,0.03509137406461993,0.008348362206530568,0.007992380141905064,0.001821544525454133
2023-04-17,-0.03893258528515775,-0.02110761078542156,-0.028708571396173888,-0.026100321939328763,-0.025492994102758182,-0.020642838914618267,-0.01588502125396285,-0.01153982476044113,-0.03144603415060854,-0.019687668690938853
2023-04-18,0.02207674276354976,0.015088857895767971,0.032348662229154,0.010762560092352436,0.00807451363704037,0.013627708647316883,0.03219386260011792,0.014866843976229838,0.014499191407080447,0.04135371313476588
2023-04-19,-0.06300589005420199,-0.06368756652793828,-0.0518092051895368,-0.09672206537173011,-0.07107411617556281,-0.07989115082796949,-0.112033159276694,-0.013675467968596866,-0.07476513178623334,-0.07640005921673554
2023-04-20,-0.036224766333101566,-0.01584698483713798,-0.020008250880993006,-0.022171342710319175,-0.012499645714952878,0.0034570346864029045,-0.0022227488035716503,-0.0066212172453749,-0.019746135712068513,-0.03405419414288591
2023-04-21,-0.04439882760321967,-0.027290931796281837,-0.034308522518338824,-0.030988623337734333,-0.0366617801146637,-0.04791204292839435,-0.05233079571575394,-0.0062983622003046635,-0.028696417223172177,-0.053620182269030425
2023-04-22,0.03450677978514172,0.020777558676993158,0.01981858797984626,0.029369032117869676,0.04537979623170818,0.013096627764505042,0.018489634469091465,0.016522725582044595,0.02773799795161702,0.051769427453447925
2023-04-23,-0.018056166062412227,-0.01889502978293045,-0.008128524647254443,-0.017430253016364805,-0.02453006950255565,-0.006491537762182253,-0.0023100550814817433,0.009110851112868135,-0.010670231152488885,-0.016174343410485514
2023-04-24,-0.013069429298548374,-0.005008982872647616,-0.002393679129772508,-0.006157255415456864,-0.014744436950949846,-0.010367305335802768,0.017377029951168632,-0.00805364927840202,-0.011557211782872834,-0.00804916996019056
2023-04-25,0.028659961281106483,0.007296129738071144,0.02841955147295372,0.011284908594263454,0.019356009430115062,0.013021906854120191,0.030551807097285,-0.00418816331031957,0.015361602235110405,0.018908492795530973
2023-04-26,0.016659066144764978,-0.021221046089185736,0.004066170397882152,-0.03128196442473674,-0.022828334982164633,-0.00010148801571707722,-0.03132705893347487,-0.010324455411787059,-0.014307412980663958,-0.016932084539309833
2023-04-27,0.020784681633519764,-0.0038318059739675947,0.036980508331842854,0.0037245687068241384,0.024337479878711932,0.022620260136523074,0.016255587888053036,0.009373606223726183,0.008625688870923076,0.01045590741482405
2023-04-28,-0.011982650730811062,0.007938772437285246,-0.00453030993708059,0.009673050097580127,-0.002384662326175069,-0.00852560546680392,0.00047466367781656693,0.013922306004232166,0.004069336311302241,0.02870832455873873
2023-04-29,-0.0053046003451909796,0.013678896062439438,-0.0031279011203009244,0.0012753231495994388,0.0019890586820061618,0.008667933265241068,0.015113246254316648,0.01939730825310093,0.011050172540747916,-0.0038770178826589285
2023-04-30,-0.013481129526278113,-0.012754203376463491,0.000694680667924441,-0.016389439002005513,-0.016904581754450754,-0.016759595054255505,-0.02803780510348297,-0.009720025830082801,-0.011983725323100769,-0.012702502787374281
2023-05-01,-0.026417259207013433,-0.010483267282495823,-0.04022160164248023,-0.01635135204251248,-0.01369500131423751,-0.023959134648528724,-0.02022969285726417,0.017240124160491588,-0.02124715825004886,-0.015594966241045394
2023-05-02,0.01270749255417658,0.01941908029547279,0.020966033026897257,0.014651446296031878,0.002871894386888174,0.02119837887694409,0.01790558060105929,0.01083153306271356,0.00986646750624609,-3.2240138395422946e-05
2023-05-03,0.0055364027227111645,0.007823258427857693,0.01135862564681589,0.008246885012853866,0.01524960830468336,0.018100674783592785,0.0067846954827857076,-1.4417840420555272e-05,0.00038482971325004556,-0.003133675833352778
2023-05-04,-0.016484623822672795,-0.023049469013329826,-0.005467695268338013,-0.025886916423317197,-0.013451948348559561,-0.014148388236346676,-0.0045041782151263865,0.0030182139761028015,-0.001154045028932682,-0.004144601839036088
2023-05-05,0.018675987058441423,0.023693545568856944,0.023803407820215394,0.011332219752781425,0.017536161543472373,0.06250016252602375,0.0038896832482049337,0.022302503401109508,0.00969199553757405,0.013490794701901176
2023-05-06,-0.03690291848836069,-0.02486033714590763,-0.021323001096775096,-0.02967149487578069,-0.0320939383686103,-0.04753695022846638,-0.058614448901956995,-0.009520705496124271,-0.01904960002020817,-0.017637840362372814
2023-05-07,-0.00845258566720275,-0.006961170028563335,-0.015556145829018653,-0.016496664197492072,-0.012519566527397608,-0.014285377484394957,-0.0007034467155762059,-0.014005951819712203,-0.0058431696547877054,-0.01998702197017288
2023-05-08,-0.029391943475012394,-0.04282910598331613,-0.026733637409259936,-0.0654135705100497,-0.025083583145995014,-0.012831132355707098,-0.06819426897628256,-0.013022452311321708,-0.027453648373165218,-0.04762592024673851
2023-05-09,-0.005527182516940066,0.09490698699442346,-0.0012817829272578907,0.012968117571078519,0.02503201654393128,-0.0002377312267921594,0.027585113667280448,0.009380640204090573,-0.004446012109658892,0.0022685521309444567
2023-05-10,0.01685236969604431,-0.048600564927932854,-0.0013384371045779275,-0.0059040085636741235,0.005746733047051089,-0.0033547817757508813,0.01310138093884694,0.004733552310503875,8.978718430907584e-05,0.002291286414753513
2023-05-11,-0.026755925589779683,-0.021873253714780105,-0.022481076150133283,-0.03208974134855114,-0.03918613528026382,-0.02491904665707234,-0.0003589307890341509,-0.024536099162453695,0.004218615676137016,-0.02087393021531292
2023-05-12,0.028952469119860602,0.012869611670107695,-0.007251596524522896,-0.010959535289374545,0.005866100833278098,0.006417609310578776,-0.006635448998747018,0.020545027511741587,-0.004424315404825241,0.020951531904342513
2023-05-13,-0.014662758485540106,-0.016142870177592306,-0.0007801573211611013,-0.002624388242806086,-0.005600221999831789,-0.006584500561665818,-0.002452494179377762,0.004110241335152365,-0.008663622967476248,-0.013500711088145434
2023-05-14,0.015697305315107046,0.019694047587411445,0.005471927993601522,0.0055986865067143565,-2.4412716331356776e-05,0.0024419977119396474,0.039083097397839106,0.00030272681798781953,0.004369626474025612,0.0022522372450084482
2023-05-15,-0.008843973498222524,0.00803566579922177,0.009730726801279843,0.003119685271170791,0.009424801315625064,0.009469003581360047,0.043409421286651595,0.012117968683322156,-0.007213433366372146,0.003996643687073531
2023-05-16,0.0009469898180549663,0.005099989599624877,-0.005738415341494774,0.014544589719921897,-0.0011798707667263209,0.003615599828306948,0.03205768950530885,0.004512967183376793,-0.0020548455038359448,0.03241632163718222
2023-05-17,0.020648132236327887,0.009793728216991315,0.013394867282656264,0.01496597839617797,0.0157869665966619,-0.0012399617404649232,0.04487108025238262,0.006987024339012882,0.007701724537034105,0.016236190613019508
2023-05-18,-0.008915254239979076,-0.0218605710242602,-0.02067950762275983,-0.023322186126756406,-0.01178276904114317,-0.011049755592651422,-0.03564633279742957,-0.010921583090038434,0.0018175820212380511,0.026104046671342473
2023-05-19,-0.010382249997717197,0.0008055153910480062,0.0021585968530852817,-0.004148271928508085,-0.0019817337383722933,0.0060280790473556944,0.012805831656504507,0.005677627425380027,0.005228756084662001,0.016691344442508527
2023-05-20,-0.005045954167642974,0.008831875509315967,0.008905016115201336,-0.0028724746321246997,0.0013518383219701668,0.004352088491321071,0.00729457640698139,0.027944816261884275,-0.0039908098033886175,0.002348424205256716
2023-05-21,-0.016361068880323737,-0.01619143509547405,-0.013850552916312875,-0.03044661831416129,-0.02139671238047325,-0.00875959777262747,-0.001000801748169522,0.034053716788511545,-0.008114984205001008,-0.024582161326989538
2023-05-22,0.021184150285284753,0.0010071845744252794,0.0036425134576618667,1.1199709366582766e-06,0.017164824049762606,0.0072059805498594365,-0.014443113518976536,0.040519596749887254,0.00015885756470601642,0.008853677139654348
2023-05-23,0.006758217774153197,0.00767125749991715,0.013945303754316907,0.010353279736717624,0.006553296658674768,0.020272418111193735,0.007545750659117445,0.004004277354753949,6.804684835315378e-05,0.008295048040969588
2023-05-24,-0.01686980850074571,-0.0299347576809047,-0.03272302765106416,-0.027180113300469766,-0.03153459152150773,-0.02927157413235626,-0.06146264668392887,-0.020170518141001348,-0.018571214845206074,-0.025398023299765038
2023-05-25,-0.015973273690614187,-0.0021765684914543115,0.005368887301425707,0.007693375391895518,-0.004153083600777263,0.0032519081412238915,0.006980333988630516,-0.0011054081091359524,0.005976138851051749,0.0002756134583989933
2023-05-26,0.01246602799081531,0.01184130464058919,0.009181223884829448,0.04076292963839068,0.01811951769143061,0.012589448704585227,0.0077065091793409035,-0.01723663986786772,0.009238507791488937,0.033953775510948025
2023-05-27,0.010719617764477718,0.006097179429788824,0.005578834405180588,0.006597425064185369,0.008084181663918999,0.001328048640957924,0.01583910337110095,0.022519823899852742,0.003472628398053512,0.006618524550611626
2023-05-28,0.04423707917181052,0.022480730644499625,0.0453058267244435,0.031574590890508736,0.02007570679290338,0.04357768640169235,0.03304725285109411,0.0033554591775470932,0.006376478158596877,0.02253912412620207
2023-05-29,-0.010080992496175889,-0.013231121489728048,-0.0120973437068298,-0.016170786905402523,-0.009622232307298528,-0.009333783648857619,-0.006327867986596347,-0.016630567215926706,0.006956160030320513,0.023322129280964443
2023-05-30,-0.0031755826237879203,-0.007351777061542553,-0.0015690671469931194,0.01768002939559299,-0.005366666483219262,0.004198710144688311,0.014567542941537726,0.003177551368995335,0.017108015111544805,0.05623186021360893
2023-05-31,-0.009342924627727234,-0.007621400053917204,-0.01742420455507676,-0.02302941696301175,-0.01447901539772145,-0.014148207081263298,-0.019356406647578983,-0.014659316009756895,0.019098904831981622,-0.008721354825985683
2023-06-01,-0.025851795129779198,0.0008860319958992058,-0.014683709247646393,-0.009317462401626786,-0.010311440677966077,-0.006365126223573547,0.037920966393809374,-0.006761261850171119,-0.016105367551803695,-0.019461315666963963
2023-06-02,0.03723361791165902,0.012895919334114048,0.01601855426947596,0.027306010699223116,0.01879882174883818,0.024194577124557304,0.015381246721033248,0.10673642184398302,0.010517451652244603,0.035618720236126666
2023-06-03,-0.006016334304307924,0.0008343110814277299,-0.0064023326039167605,0.004881137156630189,-0.0010076388713058382,-0.007782967574883282,0.0060301784778351575,-0.011117259356081322,-0.0005758425704368575,-0.011488643014585853
2023-06-04,0.004427851493405299,0.0070040438687464235,0.001622799291266075,-0.0006865219823658508,0.004498932556500801,-0.0010034418002142775,-0.01774310817697522,-0.004350314387648324,-0.006565747333533323,0.03188598440263024
2023-06-05,-0.06798645716963114,-0.05990136861170714,-0.05011119223804861,-0.07745424578017668,-0.06599428214206404,-0.041621061468822385,-0.06846240660881409,-0.038427577993436546,-0.03810127108591388,-0.04761433396043535
2023-06-06,0.0048293792330511565,0.055048502226831886,0.057402171630208665,0.05974092774508666,0.03431177374719985,0.040106725970251,0.03513550347239569,-0.0014422442332102658,0.020237497101337265,0.0393225964295183
2023-06-07,-0.08887666439795538,-0.031365080529825784,-0.03277624957004588,-0.03150599258807685,-0.03928056028912663,-0.027646069882318547,-0.022792678792598275,-0.019083767364831195,-0.026002139845615058,-0.020427409480467285
2023-06-08,0.0027275194646128043,0.005326461212089795,0.0061572444403654725,0.03375375055874086,0.004886864148425429,0.0075889075389308225,-0.004297526537207053,0.009825239856726231,-0.0023238872425960233,0.00946453800686875
2023-06-09,-0.08589015387311116,-0.00894784498592649,-0.0010503081775867784,0.0029107645558779094,-0.0029586536127881313,-0.003291260341800495,0.008652675191188619,-0.0711142739931141,0.02111305604178826,0.02549059579188362
2023-06-10,-0.06502009228599681,-0.0646323973429952,-0.02375852931180167,-0.21893198827478488,-0.1107132603372083,-0.04773353454780638,-0.13313969151887672,-0.033104594521219166,-0.07481742352417553,-0.055246516524003475
2023-06-11,-0.012903973473846864,-0.007616690466446752,0.0034399794195076883,-0.020610174674079884,0.000859855243246388,0.0005880658165602348,0.004488963661113177,0.00827569920982163,0.014356475694032866,0.02562383271070079
2023-06-12,0.008869095736802057,-0.0009718121789330514,-0.001452109670044499,-0.013936605072029762,0.004766094883705829,-0.006208795362955821,-0.0019413490859084837,0.012197795582693072,-0.005076964979843557,0.008633634535087031
2023-06-13,-0.00022537460130089837,0.024773901460955816,0.0006265231396582749,-0.00043278769162047315,0.006572858673246307,-0.0020034613456795247,-0.0013445969770524702,0.01247308548201942,-0.006727670742621705,-0.010718656800604576
2023-06-14,-0.042765800668234655,-0.03306023144292691,-0.030636253390914137,-0.05588577871747635,-0.033541613027031514,-0.050900745714856144,-0.05527274575776275,-0.013264952518982853,-0.03974262992295019,-0.07665270964329651
2023-06-15,-0.00482100050054346,0.02873481333269079,0.017979087727655774,0.004406965996237133,0.021302574243587058,0.00908834473998854,0.01863152798238188,-0.00019727529121205123,-0.03702163292293448,-0.0002123683922601316
2023-06-16,0.004687810373320556,0.03193303257657454,0.029365685552642073,-0.016532576639526786,0.012072115007811801,0.030710561716126294,0.020431539519195185,-0.0061450934706530624,0.014269418986099236,-0.009112365439118975
2023-06-17,0.014221908379131065,-0.012687043306366386,0.006959002900740696,0.009763841253544125,0.006571404495992805,0.006137047622508218,0.011351726555343333,0.01527339980514264,0.029222590219878164,0.008506707203015829
2023-06-18,-0.022346830282013896,0.0032298591818009648,-0.006580854145875503,-0.015054444217740826,-0.007017414669500122,-0.003836597486115201,0.0034563811915091502,-0.020547062748805356,-0.0021338542043670694,0.01622167128670271
2023-06-19,0.00798963965481514,-0.0030446845502948294,0.019547852547670663,0.003441826312834184,0.00878349460886274,0.009928009075009792,0.003158589421730529,-0.002167671591750575,0.005924625781662973,0.011940782024218999
2023-06-20,0.027679380079774107,0.029808489565015917,0.05498705349618893,0.017886322458607218,0.028501656776341866,0.03134133797581806,0.03728746750546419,0.008889712365350855,0.03620159286225988,-0.0010640515417482677
2023-06-21,0.06166930665824699,0.2376461564331187,0.06000562340273241,0.06477396909731503,0.06319647126357752,0.05517889834423939,0.06025290302869557,0.025399796761096383,0.047439186650959364,0.01587637130620534
2023-06-22,0.011543571306780853,-0.015014028530962342,-0.0038303689299371557,-0.0028884157853802384,-0.008790433090765881,-0.00955269179506646,0.010833848170576754,-0.006189260228491089,-0.001129154152461398,-0.011424099802530119
2023-06-23,0.021249448738195564,0.3568941754827186,0.02618280743799839,0.08824410687843365,0.13202041260331487,0.010635170133588723,0.05970980896335876,0.016903940575982546,0.031961949331891004,0.0032142976487188335
2023-06-24,-0.021822555344966466,0.17577438532143352,-0.0047815994828226405,-0.014721082408686859,0.026211752746948536,-0.008876699741769856,-0.01606665860309897,-0.012371496273029026,0.011814268126292493,-0.01863396869161482
2023-06-25,0.00797549076227888,-0.08574427537731677,-0.002240147837737516,-0.006552752897868053,-0.05050213671420578,0.01303072137420247,-0.016367182017336,0.013246290436419006,0.012383313333432122,0.006082312515338861
2023-06-26,-0.04095098696588639,0.1437126524727126,-0.006861189753050945,-0.007543960447249365,0.013696403419146463,-0.021611739163331922,-0.011322163973026655,0.00777270865192059,0.0052157153056480166,-0.022324099387233565
2023-06-27,0.021993662459250274,0.02998372260700477,0.013776598074988877,0.005172098661360147,0.004080474615429264,0.016279430380120807,0.00827919224092244,0.008675327046700598,0.10866877687191745,0.009404731357740559
2023-06-28,-0.06753806109746441,-0.020841122412236013,-0.01961401038928634,-0.07519928978967638,-0.06333197713795424,-0.03266765501002877,-0.05610480565904086,-0.008990398440297254,-0.016879666141633054,-0.03847963803580612
2023-06-29,0.03142200791013283,0.12450795760915545,0.011935868224670187,0.01692288296311406,0.02889162730898942,0.013269412357076016,0.020644087976191106,0.009532972739668466,0.01945011833550292,0.02042035174302037
2023-06-30,0.041340769314044845,0.2034338281160586,0.0010477918298796851,0.10755370488484561,0.16394923997079647,0.04371043993566137,0.2758975797046421,0.023614138639628246,0.08138596632201445,-0.001442963214262849
2023-07-01,0.018762451127604107,-0.046643803352014346,0.0037019798257575953,0.03990917723244913,-0.0035832065258971646,-0.004460529742211228,-0.008654591243020815,0.013227432528273741,-0.029621939646761852,-0.0010863796285712768
2023-07-02,-0.000974890876548562,0.02762857293986065,0.0010033124506771962,-0.019514069387751687,-0.024431112532537935,0.0066884882472737495,0.05584384093458539,-0.01589109239065778,-0.001135732206359208,0.02316889132079636
2023-07-03,0.014572529475271878,-0.03377445899475884,0.01749367929268808,0.0005316309515726036,-0.017636483102609013,0.009265226747700916,-0.055393680308595594,0.017819091669617926,-0.014530208377240172,0.01043157893636093
2023-07-04,-0.01247336321367154,-0.056435810066276404,-0.012159843310882601,-0.02878822354984978,-0.025325632559693,-0.009591755757138554,-0.020896379093818918,-0.003491098945233251,-0.021780837854404655,-0.0034828537740788645
2023-07-05,-0.027831763003219434,-0.0017725064235574184,-0.0085586975402272,-0.02793823844871468,-0.005817060745694103,-0.013448869712526457,-0.019262527014292985,2.6005011523499988e-05,-0.027380336322055943,-0.019617012643392995
2023-07-06,-0.016771460356828305,0.01968795266658918,-0.019821224171432172,-0.026727815527346266,-0.03233494209414711,-0.0324253777759973,-0.06842429374010561,0.0015959314912403766,-0.045715682724643325,-0.03038644030197879
2023-07-07,0.017250610670552335,0.004050063142950755,0.014474667943441766,0.038081543757281455,0.022792427158444983,0.01188230609685803,0.02691881800372342,0.020674865538236054,0.012666553667370462,0.01083795577506863
2023-07-08,0.02153057350026044,-0.02335781928651892,-0.0016387902600796256,-0.007644550121080895,-0.01095933083792866,-0.0027066082588487195,-0.003742766663679342,0.01600440807027881,0.023822973894190413,0.0040084192762441795
2023-07-09,-0.02084976266399552,-0.023424324301574928,-0.004004505286051452,0.00037925257399296086,-0.019321542959471527,-0.0013560608539179286,-0.027537518972193697,-0.03145462407479693,-0.005244517722872377,-0.004449224021592424
2023-07-10,0.011946962752933832,0.034029614863352986,0.008061862007427312,0.001462934246196923,0.01665336826455399,0.009418432035694924,0.016303879947807687,0.0006836153430804792,0.008857605945836067,0.0194514935158403
2023-07-11,0.016761019494847318,-0.002021090470833542,0.006788889103658935,0.004277679649087096,-0.0021545410771093287,-0.0011806808443571848,0.0005695346970144843,-0.0030675415139369555,-0.012904404799377045,-0.004071876865515245
2023-07-12,-0.01386526799779586,0.030911194504151807,-0.007488490028050299,-0.01229439041982483,-0.005062817296804911,-0.0033126606963430616,-0.00523065125691391,0.006490035694859175,-0.023702078340096633,-0.009698993533649336
2023-07-13,0.23860806218444597,-0.029012753378579115,0.03568093437476372,0.11584100938814301,0.07504503621465664,0.07178928293005193,0.05865129548902992,0.04870846773236526,0.6089319041456984,0.7307500458163925
2023-07-14,-0.08068320244019445,-0.036125898335715445,-0.036280934592069825,-0.03895487943206355,-0.055001599339160046,-0.03347323429785665,-0.06640506582661376,-0.02164303174557114,-0.12891357636519007,-0.11799382362949673
2023-07-15,-0.007408773040872618,-0.04184107227941092,-0.001261344778969442,-0.0011661515186932592,0.008138922494913547,-0.004063477540406812,-0.004275519625522639,0.012106307613022338,-0.05215953243357696,-0.008173419445869134
2023-07-16,-0.03517836557637888,-0.013467188469926006,-0.001540603578530031,-0.02085102862947985,-0.023412809592631034,-0.0040304440984128,-0.01948804075975563,-0.012666530513989915,0.029747554451593272,0.04707977948390041
2023-07-17,-0.007605988176518252,-0.030215635565844168,-0.0034131272874816654,0.02738014187183202,0.014944572238693166,-0.0062566304215256885,-0.006585542371897346,0.0017539233416954403,-0.02073205577298365,-0.010249610701541734
2023-07-18,-0.01628856758894348,0.00827899071143623,-0.009597533349379406,-0.025916207071370545,-0.01736197042601806,-0.007348051957174251,-0.0085621439277076,-0.002251135980857133,0.030918956172212297,0.05456537687023233
2023-07-19,0.05242045764454817,-2.841007717302446e-05,0.0019212301525000086,0.003333785247320531,0.002074755483602031,-0.004527462068031229,0.007197309211398606,0.006192147075446908,0.17337534836762236,0.05279270705969519
2023-07-20,-0.02293571938855643,-0.0012503286764667942,-0.0040752996439197275,0.008354966877011982,-0.0055328995217448496,0.0010382072011101418,0.00238993409758792,0.005119982624934405,0.04681860180038622,-0.03245546268886956
2023-07-21,-0.008861319584802296,0.008836905863814026,0.0039181140710413676,0.026051881721728565,0.002999409610849435,0.0005875092853386832,0.018075018947119048,-0.0015120198374343197,-0.03798806943411215,-0.027146655669387454
2023-07-22,-0.011235467667269017,-0.02832778817909498,-0.004578641136054662,-0.014980015281917836,-0.014647101104961702,-0.014358654754347167,-0.02126859430320638,0.04039120494515358,-0.008282175067701902,-0.0507636588993593
2023-07-23,0.02385940499261907,0.04352038257041735,0.010504447141318263,0.01083258322259284,0.012557648496971607,0.013019001578937539,0.013116043793413468,-0.005404728864413122,0.0019000454063409222,0.007358658563607401
2023-07-24,-0.037375082501552304,-0.044229068481814404,-0.03016908602087709,-0.046136159727843795,-0.031234578957471726,-0.020744097184215993,-0.0440215530154473,-0.02256391932212165,-0.06601096335228784,-0.048624373479187244
2023-07-25,-0.00423174649347402,-0.004587824475043467,0.0017299501204297574,-0.005443046404684848,-0.001986364982615396,0.00418370782813593,0.004239176971368774,0.004995003350758642,-0.004108994351282758,0.009725845685148338
2023-07-26,0.00863111278587314,0.01828144098910922,0.004365152978824893,0.0024302276200127704,0.012323495854206445,0.007761018047494739,0.012174714061964798,0.005580679242096931,0.07333754775739987,0.008735911094326587
2023-07-27,0.002882838403310606,0.011562424747209032,-0.004915119656712763,-0.0024256991797818594,0.0028044859269227285,-0.006304340937255626,-0.0014086628386711375,0.0025137770053689223,0.020741230070384642,-0.003007798910061088
2023-07-28,0.00870166735036837,-0.011779707813651674,0.0037163327075591113,0.011783227773057403,0.006922342994503783,0.007733834924120275,0.011457189108790677,0.032209616612738134,0.005394254429047507,-0.0015105663220549292
2023-07-29,0.008265650636808841,0.0011629434846196496,0.001284885528077373,0.009374607964547588,0.0073627185676452545,0.0033732454481110175,0.03351361308716827,-0.02264937337812034,-0.008291872109152387,0.00023998513748368921
2023-07-30,0.009169813348741895,0.04451950113357239,-0.002779902682116475,-0.005889781036663488,0.013548814161156164,-0.010326601736203367,-0.005359878785346828,-0.0390960895143202,-0.012005944340586328,-0.010667284618812056
2023-07-31,-0.02580530089739419,-0.018390140184527226,-0.0015438698273756435,-0.008795286039595451,-0.01988122072177112,-0.002944411447533879,-0.019639733479351662,-0.025604166798561145,-0.04034207669231393,-0.009381145015151415
2023-08-01,0.008010110893198252,-0.013776567495940029,0.015245275282999904,0.003950909036590122,0.0018513587184649793,0.008420470716144157,0.017099056018563985,0.007912557128410214,0.019825271780898213,0.012440569941492674
2023-08-02,-0.034076361772768515,-0.06462693578114342,-0.01764989082843693,-0.026109439948669988,-0.02496007596401628,-0.017471166978973995,-0.0674836637980527,-0.027215844821944057,-0.06074536997042701,-0.031130720928523425
2023-08-03,-0.02275641191547373,-0.01545107930220646,0.0009166006009861949,-0.016759461148213695,-0.006741410039202367,-0.0021495672689105794,-0.05464986466813737,0.008384059586716175,-0.03381238173374068,-0.030735846947523293
2023-08-04,0.0027754290139745397,0.007872199752905651,-0.0035843942133476636,0.0009702681810617175,-0.001761312499887091,-0.00404524899760117,-0.007603677113862672,-0.005084536102400117,-0.019509962126038838,-0.043057488124572774
2023-08-05,0.0008213750098025052,-0.002082910335922006,-0.0010994270766331304,0.012457732515369191,0.00016494187582472009,0.0039803978247232585,0.012508450493839751,0.008852129428966515,0.019091986398110494,-0.011196826282581784
2023-08-06,-0.005268481654604473,-0.018296822585298966,-9.347950838400898e-06,0.001580526846655106,-0.005788835116839253,-0.004101323417211589,-0.00762750421929459,-0.0069136168578022295,0.0005752565935892573,-0.0084910749955327
2023-08-07,-0.006114801003933801,0.06818616390421961,0.004776645775930843,-0.011605175344837071,-0.007680146937959043,-0.00028629506333388566,-0.0015421290317030323,-0.0013663469701088449,0.027650421083928123,-0.0018552345038796991
2023-08-08,0.025660020715107423,0.008240953310870713,0.020044635853149417,0.007697980367193269,0.015518133157822023,0.015801585470487156,0.019580821418502037,0.0006385268892439289,0.0011050519519284485,0.03292160995243454
2023-08-09,0.011402445322953536,-0.005723897386172183,-0.006853508270246889,-0.005810789197225108,-0.006112251451684925,-0.000813535740253668,0.0009566175269197785,-0.0010418316055500476,-0.011450684062581207,0.0014928857360658743
2023-08-10,-0.016636808924901603,-0.026555287512402437,-0.004461964714047806,-0.006260746035034459,-0.007560843265609463,-0.0019113379853046286,-0.011943976014362367,0.007078498578589443,-0.01874966563587732,-0.016132391391635692
2023-08-11,-0.009050091611974231,-0.012967802636048797,-0.001083159880198692,-0.0021256860104204023,-0.004741974674347449,-0.0019608383726750223,0.00556877501926567,-0.0012815133121438782,0.004659892959514522,-0.0020711423995853906
2023-08-12,-0.00549664714984377,-0.001803821275762063,0.0006207965516027425,0.015508579464275085,0.005778835752836109,0.0009558116061818556,-0.0005669788933997388,0.003797521037441909,-0.011757058395911124,-0.00707640906351048
2023-08-13,-0.007901719951901587,-0.0009973991919871583,-0.004523080645381872,-0.008245995587905952,-0.011729976142913934,-0.005197573554549306,-0.017621515912985886,-0.0044028737197365775,0.0003554226876203437,-0.0017586650795029524
2023-08-14,0.0037301925837114336,0.007803197576962573,0.004286776125049352,-0.0031636623918029905,-0.0009837094963087711,0.0026671519533285615,0.0011045111574892186,0.004240785887997145,-0.013234250876219544,0.013064999988576131
2023-08-15,-0.030260415881513847,-0.006875243091107097,-0.008096168172366025,-0.05432978476051287,-0.04525584190034926,-0.009355376145865901,-0.03405481489868867,-0.014954465200636924,-0.04273409366769121,-0.03891486583734638
2023-08-16,-0.025850105470384577,-0.09012055799055463,-0.016063173634291772,-0.07154241794906091,-0.028222281263961646,-0.011644479943617059,-0.060485234254255005,-0.02197255523345709,-0.028213125979948184,-0.034893414477655704
2023-08-17,-0.06765695824850071,-0.11299249471759731,-0.07097917151940503,-0.0951518545966843,-0.07764436037760525,-0.06685956876976196,-0.12611762661961934,-0.024919260660653864,-0.103978347970337,-0.13799444526957383
2023-08-18,0.03099728998867679,0.015345154717225862,-0.02306411031148714,0.006988055699999718,0.030132023093436766,-0.014237003254733094,-0.015408066725738023,0.0035330390465648787,0.02942993158553664,-0.0020546678935281504
2023-08-19,0.01699935831022148,-0.0016942491017912786,0.0017907574452629138,0.01391047003264001,0.007803283241517356,0.005133737190461396,0.00032692515580734494,0.014753576327650508,0.058847207072410646,0.026731876495784013
2023-08-20,0.00868557981208995,0.010430357953294944,0.00357825614760654,0.004831495020882981,0.0010168071959568703,0.009212569995102449,0.017918474422599084,0.0246504032462469,0.050181541271169694,0.03833124109306696
2023-08-21,-0.027815859702336798,-0.015032449624150401,-0.002498831574187843,-0.00702172597673878,0.014707093676777028,-0.010435935786971329,0.02614729695396001,-0.010263272432576964,-0.038764540066720365,-0.027817863639773233
2023-08-22,-0.01828799176339413,-0.007194888824453294,-0.0035401882238949023,-0.007975090884168146,-0.018616156736660616,-0.020018643652328416,-0.032682843290462005,0.0040999369423568854,-0.0325876484368568,-0.006878412033607506
2023-08-23,0.03715272378792167,0.04830037561654277,0.015365306423789304,0.028264687560730417,0.04423017059069201,0.027775287399602888,0.012976509649309742,0.028728261072480166,0.055004829748659834,0.017223022842173474
2023-08-24,-0.0077658539319681585,0.004130619119333989,-0.01018731988472621,-0.012718734318464486,-0.00848127020904188,-0.011510825045927042,-0.0111491794631835,-0.013621472128684808,-0.02834134626352014,-0.021681319373518027
2023-08-25,-0.01806808586857922,-0.012390316023090264,-0.004384352975912553,0.0028852099066616343,-0.0028819841632342635,-0.004222744282248891,0.0035857850838489913,0.008635902549546826,0.0007514632403362587,0.015109582298508561
2023-08-26,-0.00048639381507054047,-0.009897967015304432,-0.0015051281432193475,-0.005550952026417977,-0.008671776600021608,-0.004010015919243992,-0.0015541900149619314,0.002979189967223128,-0.021887835677343537,-0.005275150151042962
2023-08-27,0.009553421431614195,0.04133410550995964,0.0031232321991347956,0.01694133179096191,0.00939444886705787,0.006806932390764242,0.0054820483541708764,0.001071901394309016,-0.0020553241351325413,0.0007144996982022533
2023-08-28,0.015137818459529662,-0.038372290692077704,0.0006307866874213364,-0.00550080024333266,-0.006316499739893011,-0.0030501503607176517,0.0026831865083654094,-0.014603580373373948,-0.008527750006486201,-0.0011377181735885422
2023-08-29,0.018752237118764947,0.17732030108133845,0.062101924766441385,0.0517584453699349,0.06127356420164087,0.046759638502996026,0.05111138246123437,0.012437337549245475,0.03704909080206864,0.03213958418411944
2023-08-30,-0.024940408806906178,-0.03675782572233055,-0.015512708305083889,0.012917129960331453,-0.050702363159852326,-0.014229727451396501,-0.017896595234883628,-0.022060492549708766,-0.0313171432695023,-0.021980651349601255
2023-08-31,-0.038700703364610844,-0.039125925848457976,-0.0500340578984273,-0.0661798105954482,-0.03273928012586613,-0.03487924317662894,-0.054806067023218774,0.014373206243170289,-0.045102011748326065,-0.03293301172189078
2023-09-01,-0.0007361508413685769,-0.037855645411625116,-0.005042060225742162,-0.011847096159311232,-0.007385010276099613,-0.01042023648557433,-0.01476002522000397,-0.00809498174066825,-0.00823584488459006,-0.02490995981812849
2023-09-02,0.004095023607348702,-0.022680451612572816,0.0026384615075991658,-0.006688473869783995,0.004549854989874813,0.0052405439035725365,0.024650684693479308,0.012340118456520832,-0.004673877514459912,0.0020398352766148875
2023-09-03,-0.0017054656317794237,0.006145421837481013,0.0038953327054152,0.007431108124692054,-0.00493604441557649,-0.0005544903878390572,-0.00964229763069202,0.00011683847467747199,0.04895820198297507,0.011937684495138212
2023-09-04,0.0013800553629976786,-0.013936409051312548,-0.006051329012069284,0.002782025170576796,-0.0012764842896817452,-0.003949839574139524,-0.003588331336435102,0.005049288857890355,0.044615437661695845,0.006585497342480817
2023-09-05,0.0057310007383504225,-0.007989931982548826,-0.0012565113521479931,0.015008903482684355,0.0009331623549764245,0.0024386268424532176,-0.009183245164168241,-0.00015501594951505826,-0.015742881111561857,-0.005830263554832182
2023-09-06,0.00020580532990677192,0.005384462630867892,-0.0010374752516241204,-0.018703244410917197,0.007278579630546789,-0.0008429544668591138,-0.004437472722435998,0.018626162896112186,0.01239221425994752,-0.004289577434225866
2023-09-07,0.00020564732062822166,0.001488288481682476,0.018908652030005024,0.009863603294590906,0.005564603106590793,0.009401700388986578,0.012393367922271414,0.0022951680821132747,0.012522900376493729,0.0032071473976660325
2023-09-08,-0.012998563308774802,-0.001226190907435698,-0.012749181613965876,-0.001895754377499781,-0.010470776471948495,-0.006955851709160243,-0.01643112797035562,0.0010628066409248405,0.011092895084712895,-1.3931366767416797e-05
2023-09-09,-0.0034516892961780066,1.0746392254290527e-05,-0.0003851113886439439,-0.0024109356672123994,-0.0005955461711666388,-0.0005961990834902897,0.00806251821182169,0.0003032962968472219,0.03756395947605573,-0.001970843604415906
2023-09-10,-0.01751532487320384,-0.013090861508464391,-0.0024502611024840304,-0.03380911350143967,-0.020110159026256902,-0.011212034116571123,-0.0310705950658422,-0.010372864143842198,0.015800372452631883,-0.011989541579343621
2023-09-11,-0.02882533305068924,-0.035001954383206746,-0.02592003689674205,-0.0408611245964795,-0.02608168326623861,-0.04032038506124014,-0.03737423578458532,-0.010507080467755836,-0.03976131488314183,-0.04708586623000932
2023-09-12,0.01652519353649895,0.0810983161952703,0.026654161568650414,0.011756858774387036,0.019301367292385185,0.02628947992827646,0.019981122690323927,0.04230695469233736,-0.05496629350132021,0.013415612523441478
2023-09-13,0.012258564455781329,0.005283282059971972,0.01528956036711282,0.014558204248618978,0.011971178927272286,0.009770657090104162,0.03317176660325227,0.004939108492438837,-0.0044582651017345265,0.006317319979410874
2023-09-14,0.009229195244278232,0.04018207496755477,0.011870739692642074,0.021060577937991987,0.005922865984227199,0.011807198586281986,0.012983384676037657,0.03093014646026071,-0.004974886275758705,0.011745173890263416
2023-09-15,-0.0021419665989419467,0.04487695540920256,0.0026006171627044328,0.01317737442148803,0.029009902538013943,0.009014288078772026,0.05074139315067017,0.004146006589918594,0.0011896161196238708,0.023327860671434886
2023-09-16,-0.0008257846470165475,-0.009524255049007113,-0.001518755875352329,0.005546227462022824,-0.0023738444289285177,-0.003909931338625383,-0.00994015606174492,-0.0062112847470946475,-0.008217746223619926,-0.0019865438385546774
2023-09-17,-0.012458292862822629,-0.025115709895616067,-0.0012832501161511578,-0.032575068488282066,-0.01599440096366389,-0.007537174515831024,-0.026956047874741595,-0.0016642684524962315,-0.0266672234627372,-0.013681238552788022
2023-09-18,0.017900119394380853,0.036519538880045,0.008294723552398242,0.025569716693117917,0.018535177377154932,0.008904027674040194,0.036433414247409424,0.00797555265919958,0.01614774514713746,0.020610792826349478
2023-09-19,0.013970605035365402,0.007647506984306718,0.017075246134672373,0.019481397843897463,0.004339698881460352,0.0037851668963293505,0.0218475600783008,0.006460804467671055,0.0035916503863568927,0.02175663278390072
2023-09-20,-0.014220726333270428,-0.016384806357517157,-0.00290724465500225,-0.008763724377043092,-0.011049252650233266,-0.012566772911124402,-0.041136426135099935,-0.000933920973356539,-0.01270290737212354,0.014011441195025842
2023-09-21,-0.024540043693806024,-0.03168719186359881,-0.02080107760178318,-0.004619429550067,-0.023641137027512915,-0.02377462631781635,0.001961459025842993,-0.01700411704329674,-0.026707234704118177,-0.02719059413722713
2023-09-22,-0.0021714760002394806,-0.0040417418509235414,0.0004492514240630463,0.00025704955559313625,-0.001928609544658566,0.005656292418244391,-0.005496641950038295,0.0036234045024388095,0.005366802744950716,0.01051104165305361
2023-09-23,0.004944441426082857,0.001620408780603766,-6.686879658768241e-06,0.010194368739132154,0.004828171781058099,0.00036998008129596194,0.01157974377918003,0.0031425000681404303,-0.002157992353682081,-0.008733509170388176
2023-09-24,-0.012623241992562373,-0.01629053905963085,-0.01213588594546644,-0.017948387998358295,-0.011639613997309728,-0.008159068286052618,-0.02294472696298344,-0.00027500378609035536,-0.017073475425289142,-0.01111341066401228
2023-09-25,0.011747725930623565,0.027103426542749665,0.0015864178176880905,-0.003766661648624159,0.00934442457216722,0.0047249684583838825,0.011796457697159424,0.011912178106047389,0.00653822243574953,0.006116740573129498
2023-09-26,-0.0019765714318613625,0.018597784885592494,-0.0030887894396227633,-0.0130292190867064,-0.008568305570009427,0.0032073833529786544,-0.008995280458675037,0.0004727060678797468,-0.010186161658534254,-0.007424918292291194
2023-09-27,-0.0024613527420759285,0.06817246336357585,0.005167086436411061,-0.0027430570513001795,0.016230553309061202,0.0025567531946391053,-0.004261360491868094,0.009061053252710893,0.0057132552718295315,-0.004207543473454534
2023-09-28,0.01768445704271926,0.04523207453302347,0.02537992888096885,0.019752670301295794,0.03004118199641903,0.03467404334555346,0.027596204867639473,0.015325176874423141,0.015175513949570174,0.01987199241408244
2023-09-29,0.0016698607980782931,-0.01626535327157419,-0.004064392478456136,0.012774540728447192,0.005126373748098656,0.009112054541902781,0.006028431123867639,0.027858491543482522,-0.011831110086303664,0.023932050061701515
2023-09-30,0.018077607071793622,-0.004021221445122292,0.0020881352448591795,0.006870208482858242,0.030614100539408717,0.001929332083119517,0.00666675966256447,-0.00511552495752321,-0.004510757518853548,-0.012102261718050289
2023-10-01,0.04663704895228449,0.033456154046995756,0.037668241913332734,0.036184832152099444,0.019346206018516554,0.037488026069531166,0.03274825600952247,0.016169752662466896,0.018311895114166088,0.017072043322002628
2023-10-02,-0.024002023771468983,0.01834294086842303,-0.016186709920936293,-0.02770174978323836,-0.03047637493550115,-0.04047897066718298,-0.03256753497549103,-0.028318374381471112,-0.023280362005945854,-0.021693900542645972
2023-10-03,0.0058378621217203275,-0.06713992494652121,-0.003661597010505724,-0.0024313151687621604,-0.030371728904512008,-0.00417274556135816,-0.007841233627015498,0.03759443405930951,0.02423804352726111,0.049831163637204634
2023-10-04,-0.006562429855025531,0.014358280744157792,0.013467601347721292,-0.013964277486505416,-0.0018006772896349554,-0.005340502634588518,-0.015901582015491855,-0.020460437332315173,-0.016411357114102354,-0.0101339199469479
2023-10-05,0.0032161199507927396,-0.008945127706044498,-0.01379463216164356,-0.020356145301864914,-0.012629915873868858,-0.022066302247040315,0.006310118028693967,-0.008123735270706867,-0.016258689089656886,-0.017948017352229284
2023-10-06,0.01815502811727865,-0.0012768934340562366,0.01935684447622399,0.00898926043899162,0.01765497820753925,0.021319022529365572,0.010398335852202845,-0.011441396518831026,0.00956426434424329,0.005401666214155165
2023-10-07,-0.023169731413211436,-0.002936613317795045,0.0007958817661306572,-0.0007605009926935358,-0.004876806020669089,-0.006878172039150754,-0.0007255314180018013,0.00988931278027394,-0.005519617393263343,-0.00814720888657905
2023-10-08,-0.008139644443154403,-0.009689433685584281,-0.001206700034343422,-0.00497707091630939,-0.009255751456789585,-0.0005889506700414993,-0.0018491649049192649,-0.0011914470116770604,-0.003706155698216085,-0.007558818793233946
2023-10-09,-0.019432728218658823,-0.04229065406067967,-0.012579594744121514,-0.04542288169931119,-0.030244329610982668,-0.032898895010697204,-0.03447572921829123,-0.020732952492390377,-0.04275195818660449,-0.02844621323221419
2023-10-10,-0.009938706993992241,-0.027192729083839295,-0.006984500217130485,0.001833454132942336,-0.005737687245313983,-0.007655131722261288,0.008081207989393269,0.0008816334489656352,-0.016015866461313033,-0.01150774605614191
2023-10-11,-0.004575716036699262,0.007191458112275173,-0.018900326735168282,-0.0074271689910532235,-0.0016112696394016135,-0.000930177871406368,-0.03334194353935349,-0.0028861015814489743,-0.009863688129478798,-0.017284635683680216
2023-10-12,-0.008383011182135025,-0.00020682229836677113,-0.0043359541366684295,-0.0033793647037835273,-0.010350028303254266,-0.01701021740023334,-0.006048886945627552,-0.013472641335073088,-0.00833555014544407,-0.011840320493948564
2023-10-13,0.0009108345564037279,0.015283842639065126,0.003945769916393171,0.01246581553497994,0.004774697819684981,0.008104020573232784,0.007300167433315297,0.007234877429359576,0.004812997201813385,0.005483923588583517
2023-10-14,0.00351422501379961,-0.012056284997971622,-2.4866332556272575e-05,-0.0006974542426583241,0.010589613821580857,0.002040706057397923,0.00147949944459147,-0.004936779758784593,0.013368914665608855,0.0022153903020085686
2023-10-15,0.0013966652325190232,0.002438308096557762,0.011091823470242623,0.007962278916287202,-0.0040999428942428695,0.0018086969407560272,-0.0001414771813761373,0.01909257765959338,0.019108163322307137,0.0022001463376495334
2023-10-16,0.017007936249757494,0.07561013854082477,0.05006744695824206,0.020143015343605963,0.021559662220702824,0.027254540765113022,0.027259587162275167,0.02573747925869796,0.012860582373902973,0.0207668029270478
2023-10-17,-0.01768150043821537,-0.0200154838628005,-0.0036367703063566736,-0.028362567107030556,-0.019642243223170208,-0.02192688186935865,-0.018538127330952836,-0.00393637083133791,-0.042299471661448096,-0.012617019169224863
2023-10-18,-0.014819031830650586,0.0015609033539776274,-0.0030759792019486865,-0.014750027958129408,-0.008824189468884414,-0.0010793755903444335,-0.03034016419095642,0.007328008181135104,0.001639088743832895,-0.006864012532523334
2023-10-19,0.014253279531081686,0.0014064526599737448,0.013818840741083749,0.0021755831158158934,-0.0012551663318849382,0.0023706817647977108,0.02504568152121167,0.008474134635090724,0.03953484009993158,0.06513772402976414
2023-10-20,0.01707010714439594,0.05774490057740067,0.033535830870205396,0.0205492970627299,0.033047100430302345,0.023738984945261166,0.02640001234796574,0.008802995502853461,0.002188906040405003,-0.007926857288492739
2023-10-21,0.029653036451708248,0.012470266797994789,0.007932597562652743,0.024080759267411267,0.028403440493282694,0.015353699699918621,0.0207784234941939,0.009233085434874333,0.028932855306224248,0.010152925150203052
2023-10-22,0.0192895364386787,-0.00046677749395862556,0.002523007395046406,0.0024861261196429396,0.00612348791544437,0.020944819993793384,0.007029213966218251,-0.013297153700807085,-0.00016259678917107667,0.002386619288768932
2023-10-23,0.06214975008033652,0.07031340084004034,0.10309890521346299,0.05420074258647989,0.049207418151678395,0.061290684296216424,0.05829851626629967,0.02054641055461448,0.04677067014637304,0.04666720739978447
2023-10-24,-0.0034326208307549066,-0.03436262357179798,0.02464145540134477,0.0014854699542623528,-0.009505260944863148,0.010793585817743923,0.0005908567489210093,0.0012467714999424562,-0.01333434418318602,0.02132500689921568
2023-10-25,0.005602229226833622,0.009667150140388436,0.017736456610143003,0.004031383253983334,-0.0038154992688718137,0.0016588325496480483,-0.004880890489806555,0.012311412046878578,-0.00012245904807151042,-0.005775823393391999
2023-10-26,0.02400950424675341,-0.02608407239876609,-0.010033147199696724,0.004376535088114641,0.011196628141335152,0.009310588640725426,0.002321306542072854,-0.00693121581381595,-0.010200608446368165,-0.0029227748779609986
2023-10-27,0.007574129245885963,-0.032423604151481156,-0.007226928505637331,0.007187103469035616,-0.029636588060942937,-0.013300163952285393,-0.026121671175312833,0.008465985428826928,-0.009200931307755678,-0.013682899787808678
2023-10-28,0.006156121312056673,0.02302407399169981,0.005301518539129857,0.044511269081860316,0.009407192577469692,-0.0019253015900076997,0.010841451214152142,0.007519175728365024,0.01712756251625458,-0.0013110452726460275
2023-10-29,0.01384720827183572,0.005628919167908419,0.013168432293093613,-0.0011897549667931884,0.026195067184492382,0.01065386858481232,0.01501954431711039,0.005798660724757987,0.015488543310829828,0.0201744388038525
2023-10-30,0.025233413668659166,-0.0009551918393166936,-0.0010457086417764438,-0.0008328428255488518,0.007717260176860696,0.008099264721129096,0.00654057324439572,0.007715060037171595,0.028155403154100034,0.04052891874247844
2023-10-31,-0.03180014465350545,-0.004991959912534316,0.004794395311462418,0.016252452089433378,0.0404851114873197,0.0035193643267046326,-0.004350519993398638,0.016337025492159096,0.01874905652016845,0.03685673395298639
2023-11-01,0.04896503206545488,0.0008417550380672711,0.022195613001625203,0.02631859391861724,0.017847836206187795,0.01686288408831138,0.014292452981552017,0.03172697780666489,0.009762645215914967,0.015419428002670266
2023-11-02,0.05100841245168475,-0.038961313079465154,-0.014081557224217889,-0.008261071613927973,-0.027032335795450835,-0.02515781959835861,-0.007733248473821508,-0.00958551762233617,-0.021843485481247926,-0.00508421821234184
2023-11-03,0.018193286153838306,0.009315280284767802,-0.005893770145759425,0.004588660419199142,-0.002408578486636448,0.01786838809609348,0.001397043593213354,-0.01996068326391487,0.02294909687359481,0.010822206177529825
2023-11-04,-0.00145587277956305,0.011000092432357444,0.010073356782761111,0.012217013419232314,0.014476415313301905,0.013587684453004512,0.014116288769538077,0.004778376756069402,0.008683121957103968,0.005190837794510905
2023-11-05,0.04361087223921545,-0.008722991835726668,-0.0009360829177728069,0.026333173707687063,0.0289190308101277,0.019625953467631962,0.016893944831604557,0.004520426308722625,0.01859227306064737,0.07297009088541806
2023-11-06,0.05990026083008071,0.019465071921111576,-0.0003419285416157436,0.03205206730584753,0.027311879555818264,0.002998529349214518,0.03935401881003098,-0.005070218044408437,0.04082663342514836,0.08223585101106123
2023-11-07,-0.03257222086134692,0.004750563977903521,0.011593090279608864,-0.013283042460253025,-0.019858934825176422,-0.006165335386688842,-0.012331425853188138,-0.010755011522164626,-0.03314296838992792,-0.04069080435037764
2023-11-08,0.019282065888402533,0.006818337715502221,0.005973294692089626,0.020963326838195018,0.012749767154070168,0.0006345557534326307,-0.005225968969214678,0.01800953251346704,0.00958992787647861,0.0024387988275356154
2023-11-09,0.027863819316179095,-0.024119735902915385,0.029107827327892632,-0.032670199894805574,0.12268877058497307,0.12239237144858772,0.007820083756601148,0.004989236207980641,-0.038706904033658396,-0.029940055440055402
2023-11-10,0.048529152849779544,0.0006851590888363734,0.01691989303173269,0.04207829694921528,0.007717018782990026,-0.019933988946118864,-0.006063712584761349,0.07416357151767872,0.00743337172166636,-0.010337484770107652
2023-11-11,-0.004261884178763942,-0.014332571966060637,-0.0047145338500075296,0.021377885022389798,-0.03563528064777399,-0.012306237463546976,0.0255004223981663,0.016481844513470456,0.008468326597579123,0.00326989790941834
2023-11-12,-0.0030710269131785095,7.213582233323024e-05,-0.002249209321512735,0.009710109910400666,-0.00030682842666396315,-0.003666782589169526,-0.0037650532864953457,0.003907813681735872,-0.005779594574904734,-0.0018091802316211325
2023-11-13,-0.06512546952981679,-0.0075898443959315776,-0.014901395821212304,-0.012526289640658272,0.00046457266882815595,0.004927847225156823,-0.04539550082216559,-0.011613204553079903,-0.014436429571438092,0.01509821121908339
2023-11-14,-0.001520569892333623,-0.0130152615206105,-0.026428838121854925,-0.03873341225760185,-0.04813716266680568,-0.03708171667973137,-0.011977431396696492,-0.045514792481388455,-0.03637860639377877,-0.062322396264329116
2023-11-15,0.059859719981262716,0.027687988355544757,0.06592844558740318,0.05211325473996253,0.041970750382174904,0.04110847506282078,0.04877253449740526,0.017892976515536674,0.031520729724085816,0.03172282509920343
2023-11-16,-0.01984225887032598,-0.016521738127230012,-0.04555929205565723,-0.03519480431600752,-0.029528487676579784,-0.04830442993030459,-0.03916381458180229,-0.01641618245587817,-0.02572487044058991,-0.05769277526002847
2023-11-17,-0.013871612391364474,-0.02081717515520487,0.012222842746045792,0.007316773501294227,0.003640213054585839,0.0002035665608492998,-0.014002986843674958,0.012481010827193773,-0.003214053566595765,0.0025303600855850483
2023-11-18,0.030236582842039228,-0.007754025465608216,-0.000300039994658885,0.00039259222100329616,-0.0076771809438854755,0.0010219202166552588,-0.00411112629402155,-0.006443314064524697,0.008953862468465745,-0.00411918150922308
2023-11-19,0.01808604351760401,0.013166881153299004,0.021889527372586093,0.0174575441455187,0.020837436213449356,0.025426483024461932,0.010680570641955267,0.004786176809631559,0.016255801168192363,0.026685651035444513
2023-11-20,-0.00999417323037255,-0.017277595333498708,0.0024182537251242753,-0.022680507531337435,-0.008218573347614222,0.004487705105652884,-0.01589140559632629,-0.022976084269686003,-0.011480979794073254,-0.023357744522395474
2023-11-21,-0.057924927475236365,-0.041475324024390026,-0.04437779006078835,-0.08027667724872367,-0.06688579892748991,-0.04211784935612506,-0.04402266548241851,-0.04820961270111013,-0.049613368071107944,-0.05283587486722874
2023-11-22,0.06142520230752746,0.03213055481113858,0.045192824521265385,0.043402538050308026,0.047151253481250155,0.06574813130783852,0.03382930560590869,0.05185672707809985,0.03783906984519869,0.05415865382640672
2023-11-23,0.01580150992379914,0.005368158369558396,-0.003812712499291715,-0.005795418586763579,-0.004713344301101818,-0.0010727438851469984,0.011743758924527281,0.00836654940461301,-0.007542474510374264,0.013634572191091321
2023-11-24,-0.001194790460790518,0.005440686312027765,0.011549062275727495,0.013968834796135754,0.015238732002325284,0.009185000500188556,0.017601208016212233,0.025831656325085328,0.006567746712790257,0.002642530694505707
2023-11-25,0.022262325993710474,0.0044399737895430835,0.0020283973558654633,0.025237575294575265,0.011847547762471988,0.0015669139841998359,0.015514205194130826,0.03905612178651441,0.024980942650921767,0.0025133628129268004
2023-11-26,-0.016782738746521142,-0.0026547302728853195,-0.008404730932136117,-0.0014792373671785874,-0.016444999211455813,-0.010135684364837805,-0.024701277478685557,-0.008795041756351596,-0.007870483411219986,-0.010626449916369185
2023-11-27,-0.02531268504813733,-0.015511489879181162,-0.006002091789647501,-0.03463850856449402,-0.0288342935119148,-0.017384294811873313,-0.011656719779169045,-0.05335916842308941,-0.02905692846676644,-0.020534461689445838
2023-11-28,0.01920134509371385,0.0003093554934507914,0.01548599794884531,0.003474645706184498,0.014772764399964888,0.010812167645888104,0.007147633617611726,0.009245888786336032,0.01627203677492961,0.01203176202063827
2023-11-29,-0.009978597142957346,-0.0007425923088332231,0.0007244373065387055,0.002784208094745555,-0.005462139483252804,-0.009470831200383945,0.00361497017537471,0.004862042095278962,0.0014103345591678362,-0.003375720257801751
2023-11-30,-0.015404350741205719,-0.007665625991499558,-0.0038497596002547985,-0.0012323441650883282,-0.005096432334481982,0.011146671092621574,-0.007769322637765308,-0.00028005157784449786,-0.0022769187889749576,-0.00492324859676363
2023-12-01,0.022099283252132285,0.016404537463936553,0.025879947957747618,0.015224832108742259,0.01781510235254924,0.016849107974407973,0.030230694837641847,-0.0032651846742098867,0.012526222375822904,0.010813723662019381
2023-12-02,0.035387629851190816,0.013179639415461297,0.020356874575942596,0.017228665611549898,0.033110810473074626,0.03764204271297267,0.010165030452542911,0.0010563840758026632,0.01535132769710379,0.01315189224319302
2023-12-03,-0.006644048353424692,0.00830661812513167,0.012717964611113297,-0.00023667778159919273,0.01124027937556793,0.012923071442646705,-0.00021851889581447903,-0.0012005500759875165,0.003280367503087911,0.004423680449918255
2023-12-04,0.029497250287008114,0.09218465873500792,0.05006972516793251,0.025517439759107807,0.006451879861680165,0.022575720663866372,0.007822574556834994,0.006649781611072436,0.00159791360301198,0.0010437356984462909
2023-12-05,0.046328611389981456,0.0008780967239845339,0.05003682455553493,0.03221121671235738,0.015661777880699113,0.02256848231190145,0.02017992681103098,-0.001954837492788686,0.0017917675249603526,-0.0038069710366055443
2023-12-06,0.039346168990875174,-0.027691928561210277,-0.007581629055975703,-0.00341795153694191,-0.00011456590113989584,-0.027107545082919904,-0.025250742079894084,0.011124508985553616,0.024451602319618848,0.029479238797099683
2023-12-07,0.03170394623475259,0.009969309123645687,-0.010372985662227885,0.04194404919250294,0.08443862395953872,0.05642353010676748,0.022690970358369977,-0.005458081187144748,0.005851414137286515,0.005152003559525387
2023-12-08,0.19606208608022935,0.02683061374944007,0.02018673414826888,0.035671719308925764,0.013126875593509224,0.0004887825441670657,0.05860642087748924,0.02389038169124169,0.04875006406929927,0.04584300957747911
2023-12-09,0.059860236367695885,-0.0033340450984742365,-0.009976252913108663,0.0718149920002713,-0.008642061213307684,-0.007443253883560597,-0.027056750256887918,-0.00038420241763370555,0.010330646450860126,-0.021279453754420086
2023-12-10,0.02688389981268724,-0.007171946890950021,0.0012284421841561866,-0.02214538160841717,-0.005183985588706808,0.004821233826242777,0.011331435125408351,0.010761662716770592,-0.005280810636031252,0.00419539738525021
2023-12-11,-0.07259727292617668,-0.08153494934341987,-0.05792335792051162,-0.08073881989042353,-0.08213267264085455,-0.054361666168691425,-0.058219146582962344,-0.037431734278585926,-0.0713834070308842,-0.06252776604795363
2023-12-12,0.04607090540875869,0.006747355743179861,0.005004157345118276,0.016713614572291036,0.008324805533019841,-0.010132601687358522,-0.0032726772093695233,-0.0015512501565858594,-0.0033362393250054856,-0.0010674250923605744
2023-12-13,0.1541219408914012,0.014724415325570117,0.03475299863154757,0.004160197167245361,0.02079429905602348,0.02661652224701272,0.01083875100552456,0.006504177389767385,0.014746376013247797,0.014425011691496126
2023-12-14,-0.03271883323110181,0.007902696562152922,0.0031062756659134827,0.008643847330770837,0.007016607685259801,0.02474087211166509,-0.003202772011266397,0.016155330390389633,0.02088144326606689,0.006278590833198594
2023-12-15,-0.0653790387697254,-0.0437317851738388,-0.025432678020983368,-0.046325023790077746,-0.04606844202170224,-0.041976420815141524,-0.02751430679750777,-0.04172289956334829,-0.035802859273530996,-0.026785485400804943
2023-12-16,0.010310752717158644,0.011753911022670982,0.007401888090740938,0.06596480977157526,0.04041448009132975,0.0034195392373013167,0.016589198081057077,0.011746422180008098,0.014332333389472707,0.00705619721095041
2023-12-17,-0.0449219721390659,-0.015988533689298645,-0.02072563201266564,-0.006291142250576032,-0.03554310758055845,-0.013671449108484612,-0.012450746270551094,-0.006277046656472551,-0.019791319695156018,-0.015192748299709624
2023-12-18,0.035703071871116654,0.00881462979615133,0.030433584522719714,-0.029928566569965342,-0.004697599095019989,0.009466157195896718,-0.006064862876820842,-0.011742120053650051,-0.008762003960054221,0.0034598771715774745
2023-12-19,-0.04065160864210016,-0.012012181684147527,-0.008282083715112631,-0.017039082268382688,-0.012364257702125236,-0.017769968394459656,-0.0026592976281940572,-0.0033494093661934343,-0.013221918366202456,-0.011548819700934576
2023-12-20,0.0220759430966897,0.01936558163486546,0.032687613405284255,0.0329622531770819,0.02631963117165581,0.011037752537226941,-0.01146474601135683,0.02111874420967652,0.01825024527839103,0.019593485482088502
2023-12-21,0.08020986518058515,0.01581193555924032,0.0049688697318006625,0.07070660464992451,0.023958589769500938,0.017090198956007274,0.016038292020593925,0.019201978657406693,0.02172627981690267,0.010676849642373476
2023-12-22,-0.019451780600258872,0.02376259833165406,0.002934864092908329,0.00473850349870486,0.06128735447884304,0.03883937127050796,0.03955166723679082,0.004385215007648435,0.018152984188443577,0.002391312592829209
2023-12-23,-0.015488216066925853,-0.023022615526462564,-0.005872083923035065,-0.010341709673336807,-0.019669896087229577,-0.007512713750621014,-0.01612764865865246,0.01566642400491669,0.00034745255972401523,-0.008309837194248382
2023-12-24,-0.033509255940964544,-0.017301829482714193,-0.01653939964043194,-0.02524895360837265,-0.028348475021408026,-0.018775823775668332,-0.01882963322113007,-0.003615041609821068,-0.004420277453832666,-0.010781895748835257
2023-12-25,0.05348216356372881,0.025226136527956466,0.013879063861056418,0.0770877256047724,0.028451310191587087,0.003032022219169095,0.0154629450578474,-0.004295481386364042,0.03890458999094326,0.0534930891729275
2023-12-26,-0.0270439983173707,-0.024683815683942067,-0.025055253200995553,-0.009390114547013995,-0.030112932380135016,-0.0180837485401647,0.012109762356509401,-0.027035985924126038,-0.038416921613109056,-0.037082794811935216
2023-12-27,0.0406308938988551,0.1523254145564743,0.021694364920222586,0.03698228227182021,0.08965805734983112,0.06599907965814755,0.03690723337593882,0.022703202696432223,0.03849937753160493,0.020063651048750186
2023-12-28,-0.025433546894642722,-0.006021541559938393,-0.01876027694786908,-0.03732999288424266,-0.008496658790641654,-0.013105185204343561,0.01149665188102289,0.0018120188106156565,0.011531993318602218,0.00022373242390760772
2023-12-29,-0.014460127997720118,-0.030415311765752184,-0.012396896798793966,-0.025384450628895716,-0.001684136670340175,-0.019967696347748753,-0.043249259731533374,0.000842776379853083,-0.02072340243010462,-0.01826151201591142
2023-12-30,-0.010731390996132295,0.06518972171398763,0.0013658151137276864,0.0070676665017406215,-0.008059533118604967,-0.003748980355657072,-0.0012452672361573658,0.002800708929227458,0.023083067313024674,-0.0024991992504027616
2023-12-31,-0.012889433702204522,-0.04367838657239054,0.002568622223877659,-0.01251320118253596,-0.016618679654137325,-0.004622136062972015,-0.007015117833894746,0.0159267450850491,-0.027539240400504594,-0.011100843291419693
